metabolite,super_pathway,sub_pathway,rho_gnn,rho_kernel_mkl,rho_lasso,rho_mirth,rho_ridge,rho_unigraph,rho_unitedmet,rho_xgboost,train_r2_gnn,obs_rate_gnn,coef_var_gnn,max_gene_corr_gnn,network_mapped_gnn,posterior_var_unigraph,obs_rate,coef_var,max_gene_corr,network_mapped
(16 or 17)-methylstearate (a19:0 or i19:0),Lipid,"Fatty Acid, Branched",-0.08590111505362603,-0.06306567843296226,-0.08184216286996587,-0.06430758477084877,-0.07221598596825603,-0.10492248722562166,-0.10337677443150643,-0.07841468404283346,0.37500012329031535,0.3481675392670157,0.4095361144281139,0.5848088019340327,0.0,55.29317801047121,0.3481631290368145,0.40806645419439885,0.592870550712515,0.0
(3'-5')-adenylyladenosine,,,-0.08385981609343836,-0.07633947364423356,-0.05369988372667127,-0.0766400483190254,-0.05619668493054726,-0.08911550367469548,-0.07602790064114331,-0.050075985973529885,0.37500012329031535,0.23167539267015708,0.13043452674192327,0.8097395651748842,0.0,57.46395392670159,0.23167302284371508,0.13080559497790933,0.8015573713490965,0.0
(3'-5')-adenylyluridine,Nucleotide,Dinucleotide,-0.16597567422119708,-0.14691085593982922,-0.1234892407170197,-0.14888100730234197,-0.14113738969899595,-0.17851709340357172,-0.17128282532922542,-0.13268291809783975,0.37500012329031535,0.14397905759162305,0.16251361527926345,0.6573430893700899,0.0,51.01707434554971,0.1439770407180554,0.16361318835546987,0.6623850254274228,0.0
(3'-5')-cytidylyluridine,,,-0.028465305708878477,-0.01653592480128733,0.0026425783356362155,-0.015201778217401424,-0.005840710845512435,-0.0388545103510393,-0.03225217741860152,0.006540970845310506,0.37500012329031535,0.1950261780104712,0.10059084050496175,0.815969547810601,0.0,53.78081884816753,0.19502035260731665,0.10126445376064741,0.8132424272817969,0.0
(3'-5')-uridylylcytidine,,,-0.19954306588284,-0.18792589098772988,-0.16679345685441951,-0.18572430781957922,-0.19390193626168958,-0.2046339035151756,-0.20125855364346668,-0.17958237483811618,0.37500012329031535,0.07591623036649214,0.048011875531779866,0.6192906669374183,0.0,68.13290680628268,0.07591586732924997,0.0493901145877871,0.6342543139330147,0.0
(3'-5')-uridylyluridine,Nucleotide,Dinucleotide,-0.18951505798989526,-0.18566474928892363,-0.17779501731712818,-0.18549247535202595,-0.18828009533399098,-0.20039709835679753,-0.19780735474472363,-0.1804560850624968,0.37500012329031535,0.07591623036649214,0.06708250001069589,0.6286652501518,0.0,63.84227748691101,0.07591586732924997,0.06666391208997945,0.6337486788954297,0.0
(N(1) + N(8))-acetylspermidine,Amino Acid,Polyamine Metabolism,-0.0607470959044227,-0.0752472880345332,-0.03842039194113817,-0.07528054278639978,-0.059872663704760506,-0.08538877034526632,-0.08844805947400416,-0.05754892007988633,0.37500012329031535,0.23167539267015708,0.11728204998003375,0.8155561107191487,1.0,0.0,0.23167302284371508,0.11746918214487327,0.8065052323340017,1.0
(S)-3-hydroxybutyrylcarnitine,Lipid,"Fatty Acid Metabolism (Acyl Carnitine, Hydroxy)",-0.0968321971612587,-0.061328237480890384,-0.05946104959822956,-0.06548126381121337,-0.04678019116754712,-0.08985411029571816,-0.07833745475474156,-0.05606870934211753,0.37500012329031535,0.23167539267015708,0.11301480603361677,0.821130049180129,0.0,61.162123560209444,0.23167302284371508,0.11291430428949173,0.812308803102376,0.0
(S)-a-amino-omega-caprolactam,Xenobiotics,Food Component/Plant,-0.03550259321489295,-0.023654797972776278,-0.019145485942560426,-0.023252076328206587,-0.023351733838424586,-0.045325252153219885,-0.04012524076113945,-0.003748004140652644,0.37500012329031535,0.06806282722513088,0.07275616911533997,0.5845601540940657,0.0,77.89966806282726,0.06806117338880542,0.07193740987095341,0.579505866505149,0.0
"1,2,3-benzenetriol sulfate (2)",Xenobiotics,Chemical,-0.04336092596711421,-0.0036906873418771947,0.0077722880480517054,-0.005856692773404161,-0.018061575010828997,-0.026976699236887728,-0.03649845685770276,-0.0004120861744524392,0.37500012329031535,0.1950261780104712,0.16603062516114409,0.8091780643678285,0.0,60.377015706806304,0.19502035260731665,0.1654192587270835,0.8081680274255492,0.0
"1,2-dilinoleoyl-GPC (18:2/18:2)",Lipid,Phosphatidylcholine (PC),-0.07927419497393424,-0.06758173087755057,-0.04326075488031415,-0.06985904510491152,-0.061158969483910516,-0.08649360398467143,-0.08052630146604076,-0.040210113281676486,0.37500012329031535,0.23167539267015708,0.08648713687940446,0.8224439828950298,0.0,58.55785340314135,0.23167302284371508,0.08649237060163849,0.8140979528116149,0.0
"1,2-dilinoleoyl-GPE (18:2/18:2)",,,-0.08788111366015063,-0.06767402825301821,-0.06408002609138322,-0.06983569940825786,-0.05644503822937754,-0.07519149202186573,-0.08113861332285556,-0.05532303188411198,0.37500012329031535,0.23167539267015708,0.11421729463559233,0.8154907626338621,0.0,55.05489424083771,0.23167302284371508,0.11443274591746648,0.8078485027983974,0.0
"1,2-dioleoyl-GPC (18:1/18:1)",Lipid,Phosphatidylcholine (PC),-0.13294413795035026,-0.14340164331506305,-0.17320842802522948,-0.14201382351849565,-0.16707735644805638,-0.14161754005108507,-0.13216882515358377,-0.17316318026451233,0.37500012329031535,0.03664921465968586,0.01849792813737024,0.6991613598323627,0.0,66.67907015706807,0.03665267023639842,0.01836633302531635,0.7100647453664668,0.0
"1,2-dipalmitoyl-GPC (16:0/16:0)",Lipid,Phosphatidylcholine (PC),-0.09408239969938127,-0.06862281795040696,-0.06702009610791414,-0.0653651435324671,-0.06767469259949613,-0.09750160574126124,-0.09465543323591159,-0.06329630310127594,0.37500012329031535,0.23167539267015708,0.09100398777034296,0.818955993810895,0.0,42.17787225130891,0.23167302284371508,0.09080618220383707,0.8108796957384935,0.0
"1,2-dipalmitoyl-GPE (16:0/16:0)",,,0.011481039508862043,0.00849293841257005,0.06088631450433364,0.012549024280982635,0.025157129357484317,-0.01266990254125434,-0.012059802622255091,0.035114267619114216,0.37500012329031535,0.3285340314136126,0.11175817281396272,0.8065419265949677,0.0,59.96847120418849,0.32853730883316,0.11163567368931171,0.8306353769075102,0.0
"1,2-dipalmitoylglycerol",Lipid,Diacylglycerol (DG),-0.08710374439252867,-0.09268428278452198,-0.08365537389948505,-0.09343093355222001,-0.09015537486736785,-0.09186309778233673,-0.09528131139325186,-0.08518794587980671,0.37500012329031535,0.17539267015706805,12.573217879851427,0.1159368243901789,0.0,72.9799790575916,0.17538811202280521,123.0009311678427,0.08408205441113126,0.0
"1,2-propanediol",Lipid,Ketone bodies,0.1543356717310627,0.11206530958509603,0.15491864335316366,0.11417740955052623,0.1312304076950352,0.14178345176464116,0.14497154871237347,0.14011641089624446,0.37500012329031535,0.5013089005235603,38.42045086568698,0.09961111513930501,1.0,0.0,0.5013123258471692,28.90510515716851,0.09372905163917838,1.0
"1,3-dihydroxyacetone",Carbohydrate,"Glycolysis, Gluconeogenesis, and Pyruvate Metabolism",-0.06326094255019889,-0.06735954815179052,-0.07122364772620471,-0.06801027463492225,-0.05544922666811548,-0.07636089176830559,-0.06885517013632737,-0.07147492622529214,0.37500012329031535,0.23821989528795812,0.2640320044215854,0.4423401086452868,1.0,0.0,0.23822437947019015,0.2645436916677035,0.4404801780420795,1.0
"1,3-dipalmitoylglycerol",Lipid,Diacylglycerol (DG),0.13910981082885962,0.13829254904385518,0.14876525905323407,0.13851430529194184,0.13682463649387022,0.15568864666201368,0.16989058289540568,0.13504676312558936,0.37500012329031535,0.25916230366492143,2.497282804308708,0.2548595976715661,0.0,71.53487958115178,0.2591535369878141,2.448439043285242,0.2661768777851894,0.0
"1,5-anhydroglucitol (1,5-AG)",Carbohydrate,"Glycolysis, Gluconeogenesis, and Pyruvate Metabolism",-0.003831799411778446,0.04645762366972814,0.026655901549067825,0.042928629978503906,0.03731939793200917,0.014276613766553689,0.014482419691667905,0.025657211447988767,0.37500012329031535,0.6714659685863875,3.160181908956381,0.17817690387222074,0.0,53.60747958115185,0.6714588389383259,3.943096595801517,0.09975011968865764,0.0
"1,7-dimethylurate",Xenobiotics,Xanthine Metabolism,0.13656904424214364,0.14698058199211916,0.12536428567587413,0.14343204107760543,0.14575662228898725,0.1266030199417495,0.1225087757645085,0.14578667026331066,0.37500012329031535,0.31413612565445026,1.609881300095973,0.3155984670080948,0.0,60.8225036649215,0.314123553809212,1.6134200864391197,0.32993642977894244,0.0
1-(1-enyl-oleoyl)-2-oleoyl-GPE (P-18:1/18:1),,,-0.13923537423337096,-0.143030067800749,-0.16130826695662046,-0.14435362393441742,-0.16743933853379353,-0.13471262339697943,-0.13354155436663048,-0.15626314163665883,0.37500012329031535,0.03664921465968586,0.025868192569337783,0.6977814988014348,0.0,70.93543246073301,0.03665267023639842,0.025646107761712663,0.7094927816614671,0.0
1-(1-enyl-oleoyl)-GPE (P-18:1),,,-0.04869254510876073,-0.025795585429711016,-0.014668513584347738,-0.024581294771545397,-0.031777783797701936,-0.05599411979350533,-0.05335788351166065,-0.010748330860287245,0.37500012329031535,0.31282722513089,0.15197661049510364,0.8882256420301553,0.0,51.150989528795826,0.31282535279992807,0.1522199592414434,0.8806351786627303,0.0
1-(1-enyl-palmitoyl)-2-arachidonoyl-GPC (P-16:0/20:4),,,0.002051780818044032,0.02353168337068196,0.02980999708882367,0.022045603878824736,0.015999548452371126,0.004331404795536026,0.0050865099226505,0.016108403583836504,0.37500012329031535,0.3285340314136126,0.07864003120308688,0.8117888546352332,0.0,61.15129738219895,0.32853730883316,0.07855865620823489,0.8319968713844098,0.0
1-(1-enyl-palmitoyl)-2-arachidonoyl-GPE (P-16:0/20:4),,,-0.007916867845737653,0.023844194447703936,0.04448902393315973,0.024435191658924587,0.028244257265292366,0.016857037159299208,0.009735374444722536,0.03462533700784038,0.37500012329031535,0.3285340314136126,0.0809802829049408,0.8116351170746274,0.0,50.663812565445006,0.32853730883316,0.08086401021879515,0.8316637163855479,0.0
1-(1-enyl-palmitoyl)-2-linoleoyl-GPC (P-16:0/18:2),,,-0.06167213324120931,-0.0658136896889748,-0.03826873380431949,-0.06813256767767266,-0.061116161242551585,-0.0714586339059992,-0.06398403163766486,-0.03995026959587597,0.37500012329031535,0.23167539267015708,0.08994175663180196,0.8244870622745619,0.0,55.278416753926734,0.23167302284371508,0.08972407485212382,0.8157038060760394,0.0
1-(1-enyl-palmitoyl)-2-linoleoyl-GPE (P-16:0/18:2),,,0.01491062706471914,0.024321794382734064,0.037904271788009015,0.022429637278221573,0.014265025163980963,0.020848825138486963,0.0277808091170188,0.03535747807498557,0.37500012329031535,0.3285340314136126,0.08881582736225718,0.8101230190139714,0.0,70.47714450261776,0.32853730883316,0.08876875844584413,0.83150081105598,0.0
1-(1-enyl-palmitoyl)-2-oleoyl-GPC (P-16:0/18:1),,,-0.07413747279822851,-0.06719537129417322,-0.041468469723790626,-0.06873100349938879,-0.07425365962838118,-0.09169607727166251,-0.08898493731207968,-0.047267222634810944,0.37500012329031535,0.23167539267015708,0.08127363408818902,0.8259899405175843,0.0,60.24789109947643,0.23167302284371508,0.08127784401815064,0.8155465791188535,0.0
1-(1-enyl-palmitoyl)-2-oleoyl-GPE (P-16:0/18:1),,,-0.002661815400987808,0.017153055728003668,0.013600563698944983,0.017545111937376977,0.017581440866655054,0.01027981979497843,0.007806931765397522,0.02943777162000758,0.37500012329031535,0.3285340314136126,0.0984972511268511,0.8090499465352508,0.0,45.21871099476441,0.32853730883316,0.09851548725133058,0.8337186983253808,0.0
1-(1-enyl-palmitoyl)-2-palmitoleoyl-GPC (P-16:0/16:1),,,0.013550772406248981,0.015343374765137259,0.04243231538806234,0.021751339163523765,0.030575937476578725,0.006751695734530518,0.0010628902412750643,0.041910431758731666,0.37500012329031535,0.20157068062827224,0.08470008137579885,0.7500075757668362,0.0,53.646443979057565,0.20157812961464874,0.08450597070911625,0.7141430091305808,0.0
1-(1-enyl-palmitoyl)-2-palmitoyl-GPC (P-16:0/16:0),,,0.012916766659851857,0.019629808252801743,0.032185094439827554,0.01792753254625547,0.01595638984895923,-0.006901651714778529,-0.008992634166106316,0.04656049701203866,0.37500012329031535,0.3285340314136126,0.0839494530054094,0.8110993012687213,0.0,48.48526806282721,0.32853730883316,0.08390532638222553,0.8334015451883555,0.0
1-(1-enyl-palmitoyl)-GPC (P-16:0),,,-0.06621921731564077,-0.04588071282140678,-0.043185393661537154,-0.04639676967986085,-0.04771342954315696,-0.08037582259804839,-0.08569723349277039,-0.05388671479884912,0.37500012329031535,0.23167539267015708,0.13535824643290226,0.8107834237901337,0.0,62.54310471204185,0.23167302284371508,0.13540058291298193,0.8031973099589212,0.0
1-(1-enyl-palmitoyl)-GPE (P-16:0),,,-0.03615408502073183,0.04430394552871749,-0.006116193135087686,0.030225825412221394,0.02377565922085753,-0.003573249101853782,-0.001733667100146347,0.030215573649553584,0.37500012329031535,0.5916230366492147,6.1577347543157295,0.11853906388114004,0.0,53.43372565445024,0.591612414448425,6.080450416338976,0.11784816643410599,0.0
1-(1-enyl-stearoyl)-2-arachidonoyl-GPE (P-18:0/20:4),,,-0.014797808030931265,0.017875610565792358,0.03873377273991484,0.020140297594473885,0.016303370209049352,0.011169084344999624,0.008351785466000121,0.027568818950503962,0.37500012329031535,0.3285340314136126,0.0826012781276314,0.8113449532054005,0.0,61.74925340314138,0.32853730883316,0.0825453804120077,0.8316464087257778,0.0
1-(1-enyl-stearoyl)-2-linoleoyl-GPE (P-18:0/18:2),,,-0.13831994285891236,-0.14279934355166685,-0.14977008797374858,-0.14278809030909867,-0.16707735644805638,-0.13422442618707586,-0.13687778648701532,-0.15535818642231597,0.37500012329031535,0.03664921465968586,0.029649408555028046,0.6985170520732071,0.0,66.26320732984297,0.03665267023639842,0.029246816161998156,0.7107922183814388,0.0
1-(1-enyl-stearoyl)-2-oleoyl-GPE (P-18:0/18:1),Lipid,Plasmalogen (PE-P),-0.08844908799336053,-0.05641091327719481,-0.08154019308422153,-0.056366430134152115,-0.05965125854475288,-0.0747255634874982,-0.07119079264010095,-0.07507204091925206,0.37500012329031535,0.23167539267015708,0.10136463189744939,0.8168287124988672,0.0,55.526935078534024,0.23167302284371508,0.10140378769429494,0.8075562624449907,0.0
1-(1-enyl-stearoyl)-GPE (P-18:0),,,-0.06879580655834444,-0.04788574791973968,-0.04089972363974265,-0.049012760256071264,-0.046449571189366524,-0.07384606824653563,-0.07899593879131042,-0.04961146743057416,0.37500012329031535,0.23167539267015708,0.10265065472226956,0.8168768970242435,0.0,53.13259371727749,0.23167302284371508,0.10278700458126733,0.8077662646796281,0.0
1-arachidonoyl-GPC (20:4n6),,,0.01999549773663531,0.020683487446704053,0.031684703011179774,0.02313667828777694,0.020394237696147566,0.0003421535274776566,-0.010099726117524611,0.013985679250731183,0.37500012329031535,0.5327225130890052,1.4232694619300132,0.32623297279899843,0.0,67.86123455497385,0.5327144086187192,1.4325573536232332,0.23901822318542384,0.0
1-arachidonoyl-GPE (20:4n6),,,0.06311249724670341,0.1022805686246779,0.15718727909749444,0.10439276944547903,0.09925099995209623,0.10921332288050775,0.07628989798711593,0.10804522455428857,0.37500012329031535,0.7683246073298429,6.214053395260299,0.0623319364354791,0.0,71.95759581151832,0.7683231249277708,6.264075535374041,0.07892914620432184,0.0
1-arachidonoyl-GPI (20:4),,,0.044911260694559196,0.06149786570208677,0.060828149463881105,0.06117421319056567,0.06951492043390087,0.047080235070691236,0.050997202655283985,-0.008139055087494063,0.37500012329031535,0.6361256544502618,26.20477406405095,0.12594524895898868,0.0,63.394750785340335,0.6361210627014394,19.291654720198384,0.10595349800206173,0.0
1-arachidonylglycerol,Lipid,Monoacylglycerol,0.0900889061995738,0.070870877819016,0.09734188907410711,0.08001611644290947,0.10198891061054455,0.07591173687350349,0.0882668960301101,0.09637515910264119,0.37500012329031535,0.47382198952879584,1.134651353285127,0.3819663408719133,0.0,53.53405654450266,0.4738164027890135,1.1432286716913531,0.34037093090015996,0.0
1-arachidoylglycerophosphocholine,Lipid,Lysolipid,0.24687820003520716,0.23655136601108498,0.23793723053327245,0.23768420848249444,0.23534520912619283,0.2460589698624811,0.25825200089121036,0.23882864040222887,0.37500012329031535,0.21596858638743455,1.0729018328389295,0.478565695361114,0.0,66.31107748691099,0.21596748719134018,1.0738476968609467,0.4173205371895401,0.0
1-carboxyethylhistidine,Amino Acid,Histidine Metabolism,-0.03751500602353175,-0.021907714911723452,-0.01451526543718512,-0.021169656212163365,-0.015243650190018124,-0.03716582124308558,-0.031291949167913,-0.008313377485098384,0.37500012329031535,0.06806282722513088,0.08490201429855337,0.5827631440203894,0.0,63.462996858638746,0.06806117338880542,0.08501069119823011,0.5798246919623705,0.0
1-carboxyethylisoleucine,Amino Acid,"Leucine, Isoleucine and Valine Metabolism",-0.08638222738410072,-0.05543374382110843,-0.05984537871420255,-0.055578618138258214,-0.058891919877483066,-0.09235718356929305,-0.09839498136056449,-0.07789401633158823,0.37500012329031535,0.23167539267015708,0.06982810604979908,0.830700543531179,0.0,45.89207120418849,0.23167302284371508,0.06988076105476154,0.8198837440252703,0.0
1-carboxyethylleucine,Amino Acid,"Leucine, Isoleucine and Valine Metabolism",-0.09006604087876753,-0.062165594752848885,-0.042426111136223216,-0.06290735163093546,-0.06105410566731829,-0.09199804499512332,-0.09496152430273795,-0.058185569859571844,0.37500012329031535,0.23167539267015708,0.059292590657020805,0.8297333567760685,0.0,57.48259790575915,0.23167302284371508,0.05945676976931196,0.8189505451774534,0.0
1-carboxyethylphenylalanine,Amino Acid,Phenylalanine Metabolism,-0.09185140222635194,-0.07386830124321704,-0.049134925152067355,-0.07463139206453821,-0.07219535517091027,-0.09568927124190799,-0.09986791373826177,-0.05322309816635565,0.37500012329031535,0.23167539267015708,0.06619856277045345,0.8294004568878071,0.0,48.15425863874347,0.23167302284371508,0.06638391557310518,0.8188971689820339,0.0
1-carboxyethyltyrosine,Amino Acid,Tyrosine Metabolism,-0.11344963170535463,-0.09942997684619331,-0.08934266510492188,-0.09824109359186972,-0.09169709778983173,-0.12423817629209895,-0.1206932414104999,-0.10570272022819382,0.37500012329031535,0.10471204188481675,0.06910403104599008,0.5900311159777161,0.0,70.47432879581154,0.10471384362520386,0.06842024303101621,0.5988035752763871,0.0
1-carboxyethylvaline,Amino Acid,"Leucine, Isoleucine and Valine Metabolism",-0.09486936526203277,-0.0676785289664813,-0.06435591701957293,-0.06733682095201429,-0.06756756439068339,-0.09372367809251816,-0.10511919073200879,-0.055396081925705234,0.37500012329031535,0.23167539267015708,0.05973228897738117,0.8276115079012345,0.0,53.635489005235556,0.23167302284371508,0.05992670524519211,0.8173085507825971,0.0
1-dihomo-linolenylglycerol (20:3),Lipid,Monoacylglycerol,-0.07148435615584815,-0.08790986290158388,-0.045825076143129154,-0.08452809604716269,-0.0609879517293057,-0.08729537651967835,-0.08520983577508154,-0.04430176709722937,0.37500012329031535,0.23167539267015708,0.14732321697245407,0.8081055472717273,0.0,43.444420942408385,0.23167302284371508,0.14882264186482916,0.7974772645360092,0.0
1-dihomo-linoleoylglycerol (20:2),Lipid,Monoacylglycerol,-0.1323122650922703,-0.13918233288069234,-0.1494986014094457,-0.13781649514630664,-0.17284644593949233,-0.1320344278880562,-0.13338455041820563,-0.14391050296087837,0.37500012329031535,0.03664921465968586,0.10122791479752802,0.6922202461253513,0.0,70.6390952879581,0.03665267023639842,0.10814684076565646,0.7012033277092623,0.0
1-dihomo-linoleoylglycerophosphocholine (20:2n6),,,0.18956561739232983,0.19515336726740087,0.20385251152271183,0.19744573030232532,0.20246360403073982,0.1936604598208496,0.2069315880276536,0.1998204312348744,0.37500012329031535,0.20026178010471204,0.9176114815669971,0.4604189559277321,0.0,68.22331308900523,0.20025553115810832,0.9255468473932863,0.4633079926797081,0.0
1-docosahexaenoylglycerol (1-monodocosahexaenoin),Lipid,Monoacylglycerol,-0.06675118533595883,-0.05136534522980429,-0.044179643833719896,-0.051739879417209575,-0.04394486562034518,-0.047037329587126045,-0.04185741155420541,-0.035544585741377116,0.37500012329031535,0.18586387434554974,0.23452883643371739,0.7842644819160924,0.0,63.30555811518326,0.18586617358141685,0.2335072362699754,0.774391216152563,0.0
1-docosahexaenoylglycerophosphocholine,,,0.021497187082791247,0.01981067752210214,0.02868080961535639,0.021040115933084146,0.020959699524635556,0.03365301074369143,0.03548859855447872,0.024672036376967958,0.37500012329031535,0.08115183246073299,0.08798226454102699,0.8468149627414835,0.0,64.2992607329843,0.081152329956213,0.08754328054222343,0.8449624671645769,0.0
1-docosahexaenoylglycerophosphocholine (22:6n3),,,-0.11544615472685503,-0.12128810233270831,-0.12887034608563497,-0.12109312510415582,-0.14158462400419036,-0.1163470594562405,-0.11274716080599721,-0.14415031093266378,0.37500012329031535,0.041884816753926704,0.058991057838335956,0.4775168300740882,0.0,71.13364921465971,0.04188784878719006,0.0644431513779926,0.4908458950074695,0.0
1-docosahexaenoylglycerophosphoethanolamine,,,0.02634249016941987,0.018403994188427766,0.03594174055528799,0.015237781796221626,0.021371137049171336,0.03164764974613442,0.03227269095848277,0.032737538794082525,0.37500012329031535,0.08115183246073299,0.06362972586123289,0.8461449253017528,0.0,63.78393612565446,0.081152329956213,0.06407209657604614,0.8444102359601108,0.0
1-eicosatrienoylglycerophosphocholine,,,0.030040965711899462,0.024872939175567228,0.02208142621646704,0.02346605214554433,0.025297020423450545,0.020206270209806393,0.022026707430239423,0.014565569296360333,0.37500012329031535,0.08115183246073299,0.04543560608006424,0.8472330640662711,0.0,68.86584712041885,0.081152329956213,0.04541651353853232,0.846862165383298,0.0
1-eicosatrienoylglycerophosphocholine (20:3),,,0.13720367304975462,0.15072137314253345,0.13707545237496185,0.15188353408838293,0.14014143936338383,0.1326296917523103,0.13039162366634713,0.14767588680162316,0.37500012329031535,0.14267015706806283,1.1789150287796148,0.3821723316763522,0.0,72.26753298429315,0.14266343079471475,1.201760510611267,0.3343586684473972,0.0
1-eicosenoylglycerophosphocholine (20:1n9),,,0.03540277406740527,0.021502521193967932,0.03806974175855661,0.02242458181503046,0.031937797830307375,0.029926831264564045,0.027571852358165425,0.03342657079243605,0.37500012329031535,0.08115183246073299,0.061623667371917136,0.8458294672908457,0.0,64.75746910994764,0.081152329956213,0.06189492955629594,0.848128307675188,0.0
1-heptadecanoylglycerol (1-monoheptadecanoin),Lipid,Monoacylglycerol,-0.1553931015753094,-0.140231884873457,-0.1584599452006335,-0.1446205338543264,-0.16874281151218512,-0.1485549329818658,-0.15161057762931499,-0.16853381016438934,0.37500012329031535,0.03534031413612565,0.06278977846974829,0.3570786060826432,0.0,75.00096439790576,0.03533777623688637,0.06744371908013838,0.37123379542185786,0.0
1-heptadecanoylglycerophosphoethanolamine,,,0.13172233043550277,0.1492138942399945,0.1376444616176314,0.14965891292730818,0.1517377123949411,0.13160160191894377,0.13064525502774565,0.11697404378674417,0.37500012329031535,0.16099476439790578,66.1165064940856,0.07682167390553211,0.0,59.03331832460735,0.16099104998908534,18.52247233713775,0.06744023495514995,0.0
1-lignoceroyl-GPC (24:0),Lipid,Lysophospholipid,-0.028684650471399883,-0.030599089970985757,-0.0022734726344385506,-0.027817735133375415,0.004698334605691399,-0.03463539344068507,-0.04081718871343456,-0.004310932686594431,0.37500012329031535,0.06806282722513088,0.11067057021726891,0.5824887785682686,1.0,0.0,0.06806117338880542,0.10844654208480381,0.5768179662753756,1.0
1-linoleoyl-2-arachidonoyl-GPC (18:2/20:4n6),,,0.003827916985054723,0.004291635569321798,0.0349186509405802,0.005348038044408348,0.017112727736521935,0.013058676572339053,0.02358344123928548,0.04782137828498708,0.37500012329031535,0.3285340314136126,0.07688644461085742,0.8113371936272352,0.0,53.74187958115186,0.32853730883316,0.0770626262019637,0.8316408921529618,0.0
1-linoleoyl-2-arachidonoyl-GPE (18:2/20:4),,,0.0774369070091551,0.05361424841120083,0.0875065146236924,0.05916010415151354,0.0741981890797519,0.06413065603415499,0.05943862493811197,0.08664236052547136,0.37500012329031535,0.2238219895287958,0.033833337608090264,0.7144521617745088,0.0,47.889073298429295,0.22382346520795612,0.033852425561609785,0.7106289847712112,0.0
1-linoleoyl-2-linolenoyl-GPC (18:2/18:3),,,-0.0895064058916902,-0.07210520990375141,-0.040445956281338055,-0.07560303153797036,-0.062261438428529645,-0.06555118009478003,-0.07458238618034191,-0.041500601636539604,0.37500012329031535,0.23167539267015708,0.0992250049607273,0.8212331140777536,0.0,54.9106219895288,0.23167302284371508,0.09980238696183395,0.8132698589281128,0.0
1-linoleoyl-GPC (18:2),Lipid,Lysophospholipid,0.17486484284211717,0.21494498597430228,0.15265433470919382,0.21330365156340403,0.20127660394943994,0.19272543582029697,0.17519860272089624,0.17398954450914822,0.37500012329031535,0.8547120418848168,4.560572343399344,0.19341744795283738,0.0,68.02743874345549,0.8547067812062612,4.131224980847543,0.18030586828304604,0.0
1-linoleoyl-GPE (18:2),,,-0.07420870934608104,-0.053189815343511124,-0.06158975606837467,-0.05560463993480885,-0.054114735352658,-0.0735828136210103,-0.07682892263499828,-0.04856154735665923,0.37500012329031535,0.23167539267015708,0.09348540032719876,0.8190186445639254,0.0,53.61906178010469,0.23167302284371508,0.09404187193137013,0.8098897076357946,0.0
1-linoleoyl-GPG (18:2),,,-0.08304108688796187,-0.05690555197948045,-0.036692576463950806,-0.05654745987088897,-0.049765970093157454,-0.08307147917164505,-0.08616402375957162,-0.045850255810341585,0.37500012329031535,0.23167539267015708,0.07855963719481049,0.8237828500274974,0.0,59.36109109947644,0.23167302284371508,0.07908242620464852,0.8157022570480211,0.0
1-linoleoyl-GPI (18:2),,,-0.04307982058348245,-0.020853681281042133,-0.011573296217543617,-0.027854494442965724,-0.017376607924818665,-0.04661816521404094,-0.049017795848695235,-0.0064127891027815475,0.37500012329031535,0.31282722513089,0.16089849990491067,0.8879598061253584,0.0,60.17473298429324,0.31282535279992807,0.1617203897297452,0.8818254802807856,0.0
1-linoleoyl-GPS (18:2),,,-0.05282203422586463,-0.028578732952787216,-0.027382378690598445,-0.028828527830651533,-0.02086625852976166,-0.05447834020679166,-0.045880646680987215,-0.006237980418181784,0.37500012329031535,0.31282722513089,0.11188103978525313,0.8880456057659982,0.0,65.41840523560211,0.31282535279992807,0.11188481937039912,0.8771757715441536,0.0
1-linoleoylglycerol (18:2),Lipid,Monoacylglycerol,0.05570433431545141,0.04633977627414666,0.07392383480595158,0.04937107092438861,0.07735757021998826,0.05482837625680553,0.052166514585263994,0.059036899056355216,0.37500012329031535,0.4973821989528796,1.3368410716088848,0.4006559715864545,0.0,53.50323036649216,0.4973766323818329,1.3449246803743022,0.33615853987422045,0.0
1-linoleoylglycerophosphoethanolamine,,,0.08983503301005964,0.09126573483090439,0.09461879349826374,0.08773915825397376,0.08277624488613011,0.09283985028774387,0.09080429858122661,0.09026073043623392,0.37500012329031535,0.2657068062827225,4.638564482699239,0.2557675922048095,0.0,66.2197790575916,0.2657036095381178,3.8617071623932104,0.24556537132391387,0.0
1-margaroylglycerophosphocholine (17:0),Lipid,Lysolipid,0.01913368890140128,0.02759572522245383,0.025563056687154,0.029591740066867635,0.018676838943250163,0.00692773371009386,0.002639333123358078,0.007614204224407526,0.37500012329031535,0.2198952879581152,2.884681314925602,0.21771214640137773,1.0,0.0,0.21988905581879115,2.6336845662707797,0.14683384279921105,1.0
1-methyl-5-imidazoleacetate,Amino Acid,Histidine Metabolism,-0.07772632893826563,-0.07420550854422096,-0.06173102794335544,-0.07506889696972274,-0.05532460385887663,-0.08065624701066669,-0.08459690310027689,-0.0538356630469684,0.37500012329031535,0.23167539267015708,0.14036742898474008,0.8119039721472949,0.0,51.180819895287975,0.23167302284371508,0.14016113828627735,0.8047991512628693,0.0
1-methyl-5-imidazolelactate,Amino Acid,Histidine Metabolism,-0.0186755136716809,-0.0248781081837384,-0.007629397733635589,-0.02192552448905872,-0.017093277086378013,-0.024560015157661125,-0.0417689370507136,0.005382155767863585,0.37500012329031535,0.06806282722513088,0.058832115729011286,0.5849883466820709,0.0,67.76586282722518,0.06806117338880542,0.056605810958368454,0.5801814356470366,0.0
1-methyladenosine,Nucleotide,"Purine metabolism, adenine containing",-0.007144882083630124,0.01827691398286718,-0.01255309284509421,0.01998874332994133,0.013372590360463772,-0.005717684434307552,-0.015416711074357343,0.02007113890788019,0.37500012329031535,0.7198952879581152,3.8220658185126886,0.1550057566807826,0.0,60.526920418848164,0.7198877717426199,4.111942966432921,0.134965603085833,0.0
1-methylguanidine,Amino Acid,Guanidino and Acetamido Metabolism,-0.14139095894686177,-0.1317645449950573,-0.1557201685080531,-0.13182885235986921,-0.14418198952518124,-0.12460887182697923,-0.13540916636784042,-0.1556296729866188,0.37500012329031535,0.03664921465968586,0.06432206847337768,0.6955247134174719,0.0,63.19298429319369,0.03665267023639842,0.06333432146734168,0.7041727925436646,0.0
1-methylhistamine,Amino Acid,Histidine Metabolism,0.014610177964408987,0.01813100656241136,0.0672526019608636,0.017754838491360576,0.06475553988867981,0.00489525001846473,0.006677754875657321,0.07170454379455286,0.37500012329031535,0.46335078534031415,0.8390565375381616,0.5523207647940578,1.0,0.0,0.46334989791594444,0.8388773335842451,0.5705426800609713,1.0
1-methylhistidine,Amino Acid,Histidine Metabolism,0.20641479444481162,0.20596923501183623,0.20219322786075383,0.20350467475714998,0.21053858294707145,0.2131186445919523,0.20081109559621668,0.24275738274110628,0.37500012329031535,0.5340314136125655,0.986260052470606,0.5218714679743721,0.0,69.07555916230369,0.5340241663135457,0.9906793123953358,0.5158288806393503,0.0
1-methylimidazoleacetate,Amino acid,Histidine Metabolism,-0.13243944490507492,-0.10685449520782989,-0.08460644157693435,-0.11762768055297242,-0.0767773136323616,-0.1489958216889782,-0.1388179107414354,-0.09310759726784691,0.37500012329031535,0.3887434554973822,0.3090214940283644,0.5675352049166971,1.0,0.0,0.38874507235769223,0.3086875580455349,0.5610282795462459,1.0
1-methylnicotinamide,Cofactors and Vitamins,Nicotinate and Nicotinamide Metabolism,-0.07807997013820502,-0.05945458920916298,-0.05655905847361697,-0.05189049967574036,-0.03571708374993299,-0.06553094864660763,-0.06978246859435491,-0.04932966937128317,0.37500012329031535,0.4410994764397906,0.5788979707876227,0.6187622801431405,1.0,0.0,0.4411007100941228,0.5767426808118361,0.5944366461433134,1.0
1-methylurate,Xenobiotics,Xanthine Metabolism,-0.027921282995173227,-0.02335769242964991,-0.004888493406621814,-0.021656101258776775,-0.005086705249356429,-0.04919942912871191,-0.04161321207175864,-0.006849558813403532,0.37500012329031535,0.1950261780104712,0.1453326920576557,0.8130695758262362,0.0,62.84276963350785,0.19502035260731665,0.1445322600401945,0.8115495297129005,0.0
1-methylxanthine,Xenobiotics,Xanthine Metabolism,-0.03764978130030108,-0.01435231494108551,0.0038728297712901185,-0.012448593237699266,-0.008263643883563748,-0.035342021598453066,-0.03130402304813616,-0.00980002521311492,0.37500012329031535,0.06806282722513088,0.0694444214781373,0.5861179799057434,0.0,70.05539581151831,0.06806117338880542,0.06967986358157857,0.5783468259535326,0.0
1-myristoyl-2-arachidonoyl-GPC (14:0/20:4),,,0.012385290516607339,0.009929926535894319,0.05168816698057019,0.010652399088452478,0.01621549781136859,0.0051954822961724064,0.027518043835920557,0.021946219777393118,0.37500012329031535,0.3285340314136126,0.07665525402698115,0.8106487432056001,0.0,50.90829109947647,0.32853730883316,0.07656000214428875,0.835879170909493,0.0
1-myristoyl-2-palmitoyl-GPC (14:0/16:0),Lipid,Phosphatidylcholine (PC),0.021616164441988744,-0.00012225939551837824,0.05049678381332566,0.011430282515248134,0.00831056965615103,-0.005350189908525361,0.0022666547704806176,0.014490733551319036,0.37500012329031535,0.3285340314136126,0.09950263678828725,0.8074410501751814,0.0,60.606371727748716,0.32853730883316,0.09955864061583064,0.8358022274450801,0.0
1-myristoylglycerol (14:0),Lipid,Monoacylglycerol,-0.11329699884256106,-0.10527893273799165,-0.09457482371872493,-0.10867962102263524,-0.09061624805508489,-0.11483239159587849,-0.12004890733725601,-0.10279043551065374,0.37500012329031535,0.15314136125654448,0.4665527721562399,0.5320060125960819,1.0,0.0,0.1531427764294978,0.4654592858761302,0.49374523719781355,1.0
1-myristoylglycerophosphocholine,Lipid,Lysolipid,0.03826438631987192,0.03762386314437341,0.04024503566568999,0.036647284847125976,0.035389660974808626,0.043665246999295866,0.04698944778785498,0.04556147616561662,0.37500012329031535,0.2997382198952879,1.9273646518765855,0.24573413306215464,0.0,76.9598115183246,0.29973548030869196,1.9966231648608481,0.21820568439014373,0.0
1-myristoylglycerophosphocholine (14:0),Lipid,Lysolipid,0.028172335185006215,0.024117123874376895,0.025139112104128572,0.027035990700520783,0.018765351510705536,0.02379967280089578,0.02580047419221285,0.02243110009818316,0.37500012329031535,0.08115183246073299,0.06797152388263547,0.8484209126717508,1.0,0.0,0.081152329956213,0.06844799861663457,0.8491433690700204,1.0
1-octadecanol,Lipid,"Fatty Alcohol, Long Chain",0.13220888903769917,0.14617742778052034,0.13076457486321538,0.14992019569644377,0.14047551709056758,0.1459029320877821,0.16081143964812167,0.14501332541362338,0.37500012329031535,0.2238219895287958,0.6634318402240738,0.474627404504103,0.0,69.85912251308906,0.22381576075092777,0.6702902417568025,0.4024772863803466,0.0
1-oleoyl-2-arachidonoyl-GPE (18:1/20:4),,,-0.0832608842541963,-0.05870071908973919,-0.05571821511155521,-0.0590345672303829,-0.04916261249330912,-0.08186193114263515,-0.0900476665194554,-0.05423323230753656,0.37500012329031535,0.23167539267015708,0.10495740846709298,0.8155887584384216,0.0,51.15676858638746,0.23167302284371508,0.1048036014920652,0.8066339154845719,0.0
1-oleoyl-2-arachidonoyl-GPI (18:1/20:4) ,,,0.011497009777361174,0.0031909304330535637,0.030032487919938813,-0.0010650083682612207,0.039980423987487114,0.01908193090565237,0.012202240291790822,0.03053414426464123,0.37500012329031535,0.20157068062827224,0.08733439302970544,0.7472834619646713,0.0,61.017971727748694,0.20157812961464874,0.08728408779788298,0.7208470813665322,0.0
1-oleoyl-2-docosahexaenoyl-GPC (18:1/22:6),,,-0.08594688571815948,-0.07725507408870426,-0.06358287971506824,-0.07399181354615426,-0.054690443039235155,-0.08974796895133069,-0.08792612759738629,-0.057364737036627526,0.37500012329031535,0.23167539267015708,0.0983485374469368,0.8145521777881108,0.0,63.21102513089001,0.23167302284371508,0.09874381014878708,0.8061490626940522,0.0
1-oleoyl-2-docosahexaenoyl-GPE (18:1/22:6),,,-0.07922441834346289,-0.06394408770221109,-0.06045054221363171,-0.06369311444543972,-0.04617949095361045,-0.08729750768591223,-0.08054549122808585,-0.05505378442070148,0.37500012329031535,0.23167539267015708,0.15398202860660992,0.8045012515859672,0.0,50.378255497382185,0.23167302284371508,0.15434265491760926,0.7976974777413378,0.0
1-oleoyl-2-linoleoyl-GPC (18:1/18:2),,,-0.09063442291334389,-0.06806322300516751,-0.06750378712880306,-0.06919793614644738,-0.06243872536820779,-0.0787159591438192,-0.08363408852550966,-0.06069526499931506,0.37500012329031535,0.23167539267015708,0.0934770334644146,0.8216315457126717,0.0,49.24823874345549,0.23167302284371508,0.09344180798513879,0.8125577565651588,0.0
1-oleoyl-2-linoleoyl-GPE (18:1/18:2),,,-0.07842101500299005,-0.0648675948054683,-0.05624749340061916,-0.06459188166013889,-0.057861883412942496,-0.08548756379911698,-0.0940884966879982,-0.05125186052546285,0.37500012329031535,0.23167539267015708,0.1094510997971577,0.8139108787336118,0.0,46.44438848167539,0.23167302284371508,0.1094970176058007,0.8060762774554217,0.0
1-oleoyl-2-linoleoyl-GPG (18:1/18:2),,,-0.03431398329497853,0.0010993885392811158,0.009420616194264589,0.000767318423677243,-0.031890260539398994,-0.03773156653057734,-0.030966189913205402,-0.017327925800761455,0.37500012329031535,0.06806282722513088,0.07773070035915991,0.5837137166579788,0.0,68.49760942408373,0.06806117338880542,0.07766191694670974,0.5787688421543115,0.0
1-oleoyl-GPC (18:1),Lipid,Lysophospholipid,-0.08726412250356144,-0.06469362024118712,-0.052787689227523985,-0.06321468205441827,-0.054840641485200944,-0.081480813758436,-0.0905961360486552,-0.06429891422036886,0.37500012329031535,0.23167539267015708,0.1192850244150977,0.8115294319904102,1.0,0.0,0.23167302284371508,0.11972214648343811,0.8041825747572252,1.0
1-oleoyl-GPE (18:1),Lipid,Lysophospholipid,0.030157283061676938,0.038011798536638636,0.025572796980956162,0.036337363848351824,0.032296377462129766,0.028108319595888227,0.01325071943063096,0.0010716570146096151,0.37500012329031535,0.6714659685863875,46.25860896308599,0.1293452186111321,0.0,58.37431727748691,0.6714588389383259,182.44418755240608,0.13531405369407862,0.0
1-oleoyl-GPG (18:1),,,-0.05015343650461487,-0.01980230869949909,-0.012955001611827418,-0.028935936864822886,-0.01913079917448909,-0.07492703206487669,-0.06469263548345221,-0.01697572696263582,0.37500012329031535,0.31282722513089,0.2040938390425025,0.8935120551746143,0.0,59.81044921465971,0.31282535279992807,0.20409445549974603,0.8846262417252365,0.0
1-oleoyl-GPI (18:1),Lipid,Lysophospholipid,0.03381332403301297,0.04851129464550486,0.03532775883766278,0.04247497234681908,0.0301440071749706,0.05798047394748533,0.032603775571225485,0.038805350929608726,0.37500012329031535,0.5091623036649214,2.1616941239049745,0.2939246569263041,0.0,54.585606282722495,0.5091541790258999,2.1753189045930723,0.29393748965908245,0.0
1-oleoyl-GPS (18:1),Lipid,Lysophospholipid,0.07742640594559835,0.08182840989993889,0.05469843391295207,0.0841257610663025,0.07529512510263933,0.07109747853610922,0.05879545521746875,0.08101881494295042,0.37500012329031535,0.47382198952879584,1.9790311585422222,0.39203053929421083,0.0,51.37303664921464,0.4738164027890135,1.9090108075360215,0.3861009054345083,0.0
1-oleoylglycerol (1-monoolein),Lipid,Monoacylglycerol,0.1441729309645384,0.13980004491967046,0.15172808241274835,0.13899388052894976,0.13540795135738404,0.12081240650412307,0.10002608891843487,0.14104762520494274,0.37500012329031535,0.8547120418848168,9.248166088202359,0.13366457722132613,1.0,0.0,0.8547067812062612,8.910615454585065,0.09425691231962617,1.0
1-oleoylglycerophosphocholine,Lipid,Lysolipid,0.1659410259066049,0.15653884456257275,0.16001162281858458,0.15752001508544744,0.18419497789376807,0.13844472235111577,0.1344526214184744,0.1760794924855908,0.37500012329031535,0.6230366492146597,4.087521094275908,0.2487245068435466,1.0,0.0,0.623033758362546,4.079173780094891,0.19036755256122406,1.0
1-palmitoleoyl-2-linolenoyl-GPC (16:1/18:3),,,-0.08021628164059194,-0.07939340890428288,-0.042841177973040816,-0.08101615471103978,-0.07252272827264246,-0.0949049742700189,-0.08721042638040778,-0.052883860397947395,0.37500012329031535,0.23167539267015708,0.08527681270714546,0.822966189862407,0.0,55.142703664921456,0.23167302284371508,0.08609305017062603,0.8127476858235317,0.0
1-palmitoleoyl-GPC (16:1),,,0.16596654561818333,0.16499221638086733,0.15535495248878037,0.16684644533777213,0.15579407046830698,0.11978363633108094,0.10956009819854315,0.20342787131525078,0.37500012329031535,0.7159685863874345,1.0733192870292196,0.4602041811481534,0.0,72.74917801047123,0.7159623508866546,1.077647301023519,0.4782055126322382,0.0
1-palmitoleoylglycerol (16:1),,,-0.13550274303534024,-0.1349438810084775,-0.15540343418303307,-0.13637601454471146,-0.14431773280733268,-0.13040331821778184,-0.13184671742153486,-0.14995107901661717,0.37500012329031535,0.03664921465968586,0.08596251613647271,0.6985092176461223,0.0,64.23606387434553,0.03665267023639842,0.09152243740626409,0.7048939650097497,0.0
1-palmitoleoylglycerophosphoethanolamine,,,0.2060307205703258,0.20287036179392415,0.2131339116223746,0.20264059714736374,0.21826461741176387,0.20176687323870435,0.19530285236431466,0.21015954558305736,0.37500012329031535,0.11910994764397906,1.7307468133449753,0.27329288571025834,0.0,70.7583089005235,0.11910320120189528,1.7319622231589034,0.27985974056584995,0.0
1-palmitoyl-2-arachidonoyl-GPC (16:0/20:4n6),Lipid,Phosphatidylcholine (PC),0.005444192158337032,0.018617099235125514,0.05549986571431487,0.025490845338413334,0.025017836919246656,0.0067245991714538315,0.002833085703403149,0.04037793038813924,0.37500012329031535,0.3285340314136126,0.07702998551901558,0.8106334320610282,0.0,46.325053403141375,0.32853730883316,0.0768794354803918,0.8329373866882562,0.0
1-palmitoyl-2-arachidonoyl-GPE (16:0/20:4),,,-0.08466903844432373,-0.07000202930954665,-0.06877511236272561,-0.0680785684731082,-0.058900977446365126,-0.08105053129581519,-0.08770724755922644,-0.06871284157666144,0.37500012329031535,0.23167539267015708,0.09753078195558695,0.8170793135396732,0.0,53.05766596858642,0.23167302284371508,0.09729847265166501,0.8080496320859495,0.0
1-palmitoyl-2-arachidonoyl-GPI (16:0/20:4),,,0.004060017477057306,0.015473508551059454,0.029022590289698797,0.010663105919869229,0.03863324745940201,0.021610829884891127,0.0100150577833503,0.033209264175233046,0.37500012329031535,0.20157068062827224,0.13934627802411023,0.7663237113809515,0.0,52.84747643979058,0.20157812961464874,0.13848539915272903,0.7410600210173109,0.0
1-palmitoyl-2-arachidonoyl-GPS (16:0/20:4),Lipid,Phosphatidylserine (PS),-0.03599528289161961,-0.01607568890319245,-0.008215781635658283,-0.01714667410052569,-0.007824874893238883,-0.03054131179523536,-0.03563741559392583,-0.007892354636392542,0.37500012329031535,0.06806282722513088,0.06910488367268836,0.5842936175864049,0.0,67.52382094240838,0.06806117338880542,0.07009446986901806,0.5786441890611608,0.0
1-palmitoyl-2-dihomo-linolenoyl-GPC (16:0/20:3n3 or 6),,,-0.07096184052500097,-0.06417557034329928,-0.05079392930533044,-0.062097307420512844,-0.06625507774610774,-0.09144305224405982,-0.07743993726019247,-0.05063544992087228,0.37500012329031535,0.23167539267015708,0.08976340030978808,0.8189901731826585,0.0,54.81034450261776,0.23167302284371508,0.08960842831875955,0.8095798424390717,0.0
1-palmitoyl-2-docosahexaenoyl-GPC (16:0/22:6),Lipid,Phosphatidylcholine (PC),0.014008981332185828,0.012373090229590896,0.05302755659196531,0.01997900208559306,0.04692754673985454,-0.004625147533935366,-0.004363786978029794,0.04950226806011915,0.37500012329031535,0.3285340314136126,0.10332013040813531,0.8074982373637173,0.0,56.507229319371675,0.32853730883316,0.10352108713283269,0.833827633537268,0.0
1-palmitoyl-2-docosahexaenoyl-GPE (16:0/22:6),,,-0.07608246776267084,-0.05948842815871397,-0.06578065950493173,-0.05879216497887595,-0.045364309754224785,-0.0851623941615273,-0.08609483498449164,-0.04958010279122222,0.37500012329031535,0.23167539267015708,0.11932830868684599,0.8122082921004983,0.0,56.61666910994762,0.23167302284371508,0.11908929624411074,0.8041380983704142,0.0
1-palmitoyl-2-linoleoyl-GPC (16:0/18:2),Lipid,Phosphatidylcholine (PC),-0.08923550686554335,-0.06351051273393821,-0.058042978648627876,-0.06356007672398808,-0.060204584304919,-0.08539976901622119,-0.08560628829022451,-0.05309298918360245,0.37500012329031535,0.23167539267015708,0.08453863064316458,0.8208117306394489,0.0,54.9842942408377,0.23167302284371508,0.08422991398550266,0.8118195929065234,0.0
1-palmitoyl-2-linoleoyl-GPE (16:0/18:2),Lipid,Phosphatidylethanolamine (PE),-0.08385816675609215,-0.06955527033863448,-0.07967381925992097,-0.07084565576657849,-0.05353470473547802,-0.07612565630969746,-0.08937595998629633,-0.06371953859267418,0.37500012329031535,0.23167539267015708,0.10298623278303912,0.8162185062117,0.0,53.17577382198951,0.23167302284371508,0.1026949157421511,0.8075543596309201,0.0
1-palmitoyl-2-linoleoyl-GPI (16:0/18:2),Lipid,Phosphatidylinositol (PI),-0.030180618361728615,-0.03103506778979592,-0.010174803424679498,-0.031164524227719145,-0.013097746780944565,-0.028901996016171303,-0.024816267172124342,-0.011468067371728768,0.37500012329031535,0.06806282722513088,0.036676293443726735,0.5851887995987499,0.0,67.98300418848169,0.06806117338880542,0.037134310516962685,0.5806000450724175,0.0
1-palmitoyl-2-oleoyl-GPC (16:0/18:1),Lipid,Phosphatidylcholine (PC),-0.09223111118764872,-0.062117874090350425,-0.06862633617964214,-0.060674455047668656,-0.06498320044961903,-0.0880921825107663,-0.08494827681660318,-0.07017368333965145,0.37500012329031535,0.23167539267015708,0.0846889579967158,0.8197721387535779,0.0,55.94296230366493,0.23167302284371508,0.08456435907135085,0.8108392584422588,0.0
1-palmitoyl-2-oleoyl-GPE (16:0/18:1),Lipid,Phosphatidylethanolamine (PE),-0.08644062133890909,-0.06107725486712637,-0.07313450716587289,-0.05945784014975171,-0.061871897467652405,-0.08535215134980413,-0.08855008674096625,-0.05124452464322779,0.37500012329031535,0.23167539267015708,0.0984303733228313,0.8161366863962852,0.0,53.17002513089005,0.23167302284371508,0.09827136133409596,0.8074573568025746,0.0
1-palmitoyl-2-oleoyl-GPG (16:0/18:1),Lipid,Phosphatidylglycerol (PG),-0.07960483151621085,-0.05907839538394033,-0.03894816375438598,-0.06243547849175937,-0.037428896929309605,-0.07820921414310274,-0.08711393087971364,-0.04846628381452257,0.37500012329031535,0.23167539267015708,0.06895761753374433,0.8278006786478107,0.0,56.595260732984286,0.23167302284371508,0.06888614454744334,0.8176278712606185,0.0
1-palmitoyl-2-oleoyl-GPI (16:0/18:1),,,-0.016015810944064485,0.02132809312566741,0.06555656910488354,0.01982396025423236,0.03169376109982231,0.014175539271600182,0.009875757126913054,0.05295399359587335,0.37500012329031535,0.3285340314136126,0.11367758781573242,0.805761796629292,0.0,48.3456397905759,0.32853730883316,0.11388879992506377,0.8396787206690365,0.0
1-palmitoyl-2-oleoyl-GPS (16:0/18:1),Lipid,Phosphatidylserine (PS),-0.007516431328751025,0.014688135819355512,0.04785438289095183,0.01424468425499446,0.017802269739822824,0.00856093434657589,0.006537468541572438,0.05040791576435551,0.37500012329031535,0.3285340314136126,0.07055478054919895,0.8086248906584439,0.0,51.497357068062826,0.32853730883316,0.070687438523595,0.8358125214991391,0.0
1-palmitoyl-2-palmitoleoyl-GPC (16:0/16:1),,,-0.10463635313325799,-0.09820631595806549,-0.0900216557531341,-0.09990041980429884,-0.08158940504278751,-0.113764213459618,-0.10324290914454973,-0.09225071834908863,0.37500012329031535,0.10471204188481675,0.09836378153325079,0.6239162554818901,0.0,59.052864921465996,0.10471384362520386,0.09960267927422313,0.6303035212499556,0.0
1-palmitoyl-2-stearoyl-GPC (16:0/18:0),Lipid,Phosphatidylcholine (PC),0.006990182069944342,0.011330890185293466,0.04667714455483504,0.018190038888685627,0.027371663538159074,-0.004721289539563777,-0.004776286164258113,0.036612953208288314,0.37500012329031535,0.3285340314136126,0.10340166728089507,0.8074581150482141,0.0,66.91240314136121,0.32853730883316,0.10343035314912614,0.8335039174262903,0.0
1-palmitoyl-2-stearoyl-GPE (16:0/18:0),,,0.01145166278492003,0.007802302015703143,0.05582508163093035,0.01350531031608587,0.027372066735788663,-0.008047319447496286,-0.013173602693915928,0.04092236238740415,0.37500012329031535,0.3285340314136126,0.1455327630202657,0.8073480823074013,0.0,58.40933298429324,0.32853730883316,0.14586727465259405,0.8299165926370651,0.0
1-palmitoyl-GPC (16:0),Lipid,Lysophospholipid,0.19151287148151086,0.17582494876825486,0.2179964417782665,0.17659358442011674,0.2114063871174077,0.17608511800572105,0.1624813189531494,0.18657303617272786,0.37500012329031535,0.8547120418848168,6.464195021419291,0.1852506097032703,0.0,80.62197382198953,0.8547067812062612,5.635812408002649,0.14257693406946023,0.0
1-palmitoyl-GPE (16:0),Lipid,Lysophospholipid,0.00829338621040931,0.013376192093668119,-0.004051303150193266,0.01342000920049764,-0.010735028783052545,-0.005725383694662148,-0.044498563314998664,0.015530361375349404,0.37500012329031535,0.5916230366492147,12.386468808658115,0.10929672949906985,0.0,67.44191518324602,0.591612414448425,12.974532904595344,0.0996658782154623,0.0
1-palmitoyl-GPG (16:0),,,-0.046854189418531554,-0.025161146131120016,-0.017529343621652333,-0.023579494302132582,-0.013667223908657888,-0.04938909685045257,-0.05546918501781669,-0.02071261847682832,0.37500012329031535,0.31282722513089,0.19716659623863925,0.892755273944611,0.0,52.172970680628254,0.31282535279992807,0.1971093019832415,0.8882957713445737,0.0
1-palmitoyl-GPI (16:0),Lipid,Lysophospholipid,-0.03743144332408295,0.011693914554181136,-0.016266052434732132,0.01139813143197535,0.001708676534400869,0.01854775432860062,0.0025133061635977047,-0.014646690499331172,0.37500012329031535,0.5916230366492147,9.792526307020331,0.08907190593614052,0.0,55.99994764397905,0.591612414448425,19.506588265959326,0.09917546900305625,0.0
1-palmitoyl-GPS (16:0),,,-0.0015454488254194826,-0.004290469566543623,0.020571101109857406,-0.0007158520577159118,0.009942582654820124,0.0036914715693174283,0.0032105950265251025,0.014273484549541025,0.37500012329031535,0.27617801047120416,0.13326550913766277,0.8870655854668192,0.0,66.12171832460736,0.27617268256352967,0.13313472208101665,0.8771652590076003,0.0
1-palmitoylglycerol (1-monopalmitin),Lipid,Monoacylglycerol,0.061713625934090556,0.05149286295286167,0.11006598207408644,0.04961116989935333,0.07685623692860005,0.06981228909260491,0.07565824340487938,0.06860395496314195,0.37500012329031535,0.5772251308900523,0.7984566889421336,0.5184701800195756,1.0,0.0,0.5772230568717337,0.7982742690567332,0.5208443199126872,1.0
1-palmitoylplasmenylethanolamine,,,0.03666437811264313,0.01494216894522211,0.020629040408922838,0.013351538424705225,0.021184894402337104,0.025484325657165588,0.02568768341236565,0.03317831246549503,0.37500012329031535,0.07984293193717278,0.07138087242292122,0.4384016837363651,0.0,73.74474764397904,0.07984642448990074,0.07089768162463339,0.48201692750025815,0.0
1-pentadecanoylglycerol (1-monopentadecanoin),Lipid,Monoacylglycerol,-0.15541843370648897,-0.14623786434327715,-0.1637894795694255,-0.14621713762312497,-0.16874281151218512,-0.14859598850481198,-0.15175051581603807,-0.17355889923655884,0.37500012329031535,0.03534031413612565,0.10163965220253787,0.3559076568368388,0.0,76.30544397905754,0.03533777623688637,0.10397774916722734,0.3702048307616777,0.0
1-pentadecanoylglycerophosphocholine (15:0),,,0.0822985446020125,0.09700582474767307,0.06547841033293995,0.09235061539614922,0.08305716631963952,0.07412969026862543,0.08916139817603198,0.07998479278553364,0.37500012329031535,0.2774869109947644,1.4998158278010427,0.28237794118130005,0.0,59.346024083769635,0.2774811561821847,1.5134888027521838,0.24814846074805885,0.0
1-ribosyl-imidazoleacetate,,,-0.07313748327159024,-0.0786193891155503,-0.056447536546414226,-0.07798386217498239,-0.06004012580215956,-0.0685671694852095,-0.07006900233022625,-0.06068286698405811,0.37500012329031535,0.23167539267015708,0.13044902262261504,0.8244640631797838,0.0,61.188858638743454,0.23167302284371508,0.129995779941211,0.8154320527916488,0.0
1-stearoyl-2-arachidonoyl-GPC (18:0/20:4),Lipid,Phosphatidylcholine (PC),0.0016428914488805927,0.01646984145893038,0.05683129011539487,0.026356461277997855,0.01879414413712938,0.010837667203613208,0.0063587825968609195,0.05410951685965382,0.37500012329031535,0.3285340314136126,0.07555116361962658,0.8111993414955776,0.0,56.54436335078533,0.32853730883316,0.07549924142265528,0.8323202727590856,0.0
1-stearoyl-2-arachidonoyl-GPE (18:0/20:4),Lipid,Phosphatidylethanolamine (PE),-0.07729726031380411,-0.044989449914810305,-0.04969298555051273,-0.044306960228148326,-0.04175795636229607,-0.08684250369497838,-0.08689726540124901,-0.05255786277413429,0.37500012329031535,0.23167539267015708,0.09772547368813647,0.8178419144665109,0.0,60.84885235602093,0.23167302284371508,0.09747129461223975,0.8090729516495294,0.0
1-stearoyl-2-arachidonoyl-GPI (18:0/20:4),Lipid,Phosphatidylinositol (PI),-0.07483737558725585,-0.06303241719465204,-0.05405733020277012,-0.06269827898723626,-0.05553161796419353,-0.09225952056014038,-0.08588709260638885,-0.05191374611431666,0.37500012329031535,0.23167539267015708,0.0761354959401698,0.8228002534470558,0.0,56.408526701570665,0.23167302284371508,0.07599692369363999,0.8132894154402326,0.0
1-stearoyl-2-arachidonoyl-GPS (18:0/20:4),Lipid,Phosphatidylserine (PS),-0.08635556000835674,-0.06874227867552814,-0.0678130825207417,-0.06925930866121748,-0.05773125979559374,-0.0798717925177951,-0.08529973392639079,-0.06623750531391712,0.37500012329031535,0.23167539267015708,0.07964075424109017,0.8295848495546638,0.0,63.210550785340274,0.23167302284371508,0.08004681971982501,0.8185795047924849,0.0
1-stearoyl-2-docosahexaenoyl-GPC (18:0/22:6),Lipid,Phosphatidylcholine (PC),0.017114730729091365,0.0007508774141363958,0.061224811257156335,0.012734988901975726,0.037364834502237154,0.0011210687078322009,0.0016547009409073241,0.03150968903913136,0.37500012329031535,0.3285340314136126,0.09868152292927737,0.8067772574357353,0.0,53.0475832460733,0.32853730883316,0.09896977364588,0.832599326236088,0.0
1-stearoyl-2-docosahexaenoyl-GPE (18:0/22:6),,,-0.10322976809244366,-0.07278852453775166,-0.07450034529177203,-0.07444869066284623,-0.0841643148023807,-0.10062325207085794,-0.10798008995376539,-0.07422184862499498,0.37500012329031535,0.10471204188481675,0.20141601238686643,0.65441048330691,0.0,66.3328785340314,0.10471384362520386,0.2021673791917474,0.6585279828834943,0.0
1-stearoyl-2-linoleoyl-GPC (18:0/18:2),,,0.02252488822362982,0.017819197343472877,0.02712051162556756,0.02662001364671092,0.012715946099213797,0.02578694583448301,0.023656545718023305,0.029333337723209157,0.37500012329031535,0.2604712041884817,0.034053078771700954,0.7516369216024592,0.0,63.12010052356021,0.26047613544435455,0.03440273345524805,0.7410201878362771,0.0
1-stearoyl-2-linoleoyl-GPI (18:0/18:2),Lipid,Phosphatidylinositol (PI),0.0316357047888258,0.009709726845661501,0.06374631619014991,0.013254890363806504,0.019912016042592143,0.03731253749272967,0.03988532327316242,0.044810837590546916,0.37500012329031535,0.2604712041884817,0.06393282766624717,0.7544234614999012,0.0,48.49684502617802,0.26047613544435455,0.06532452053190159,0.7446844703911634,0.0
1-stearoyl-2-linoleoyl-GPS (18:0/18:2),Lipid,Phosphatidylserine (PS),-0.02008812625628172,-0.014936066260884109,-0.001611568512228376,-0.015485086526039585,-7.664620415079604e-05,-0.020219949791201956,-0.02443152018269838,0.002613202612778785,0.37500012329031535,0.06806282722513088,0.03281282427570113,0.5860411445237189,0.0,71.27194450261784,0.06806117338880542,0.03268742535371116,0.5807542903895043,0.0
1-stearoyl-2-oleoyl-GPC (18:0/18:1),Lipid,Phosphatidylcholine (PC),-0.08586790284434376,-0.05448084640394775,-0.06948563559935729,-0.04890978655199367,-0.06096066673874775,-0.07811313560971524,-0.07947418176013372,-0.06615146776653016,0.37500012329031535,0.23167539267015708,0.08744932928224633,0.818304476313021,0.0,51.807089005235625,0.23167302284371508,0.08759203355883259,0.8094890863738607,0.0
1-stearoyl-2-oleoyl-GPE (18:0/18:1),Lipid,Phosphatidylethanolamine (PE),-0.07962959010828446,-0.053353759211675,-0.08146893958521648,-0.05060183960328512,-0.05314005485661565,-0.08602069819737297,-0.08588463713224981,-0.0628317190593717,0.37500012329031535,0.23167539267015708,0.11454960832438432,0.8124752396800834,0.0,60.87929005235604,0.23167302284371508,0.11464428813109351,0.8051523950832206,0.0
1-stearoyl-2-oleoyl-GPG (18:0/18:1),Lipid,Phosphatidylglycerol (PG),-0.08047060232037792,-0.07304133936516251,-0.046348162771957885,-0.07032132809607386,-0.05740143636290396,-0.08816939338083796,-0.07817733701281376,-0.052415184085022375,0.37500012329031535,0.16361256544502617,0.03749496843463902,0.6810730197475494,0.0,58.01781989528794,0.16361184945490967,0.03754241994344955,0.663726639822377,0.0
1-stearoyl-2-oleoyl-GPI (18:0/18:1),,,-0.0938970680524853,-0.08153097861799644,-0.06358146751715338,-0.08469277735257995,-0.07190855853705727,-0.098186999503483,-0.0979662972181116,-0.06213082023118494,0.37500012329031535,0.10471204188481675,0.07074092891467268,0.6011620468804328,0.0,60.77914764397907,0.10471384362520386,0.07204625425963623,0.6087844900348589,0.0
1-stearoyl-2-oleoyl-GPS (18:0/18:1),Lipid,Phosphatidylserine (PS),-0.09173637484536319,-0.06282233399574699,-0.0371397377855468,-0.06034929019620113,-0.0604033923276847,-0.08788650643731638,-0.08553453284972372,-0.04905218126609206,0.37500012329031535,0.23167539267015708,0.08167053702026053,0.824135003366534,0.0,53.94800314136123,0.23167302284371508,0.08192368292954555,0.8145394416881887,0.0
1-stearoyl-GPC (18:0),Lipid,Lysophospholipid,0.15053963477908813,0.2121076428543862,0.19713564448211984,0.2094333752276945,0.18749169207880947,0.18434162884808394,0.16671249565515117,0.14626718416708226,0.37500012329031535,0.8547120418848168,5.979976013067878,0.18611111058995955,1.0,0.0,0.8547067812062612,5.390808203938323,0.15522664629260072,1.0
1-stearoyl-GPE (18:0),Lipid,Lysophospholipid,-0.07585340445628909,-0.044520131234626795,-0.028835547166437533,-0.044920956728636025,-0.03255086273773776,-0.07959963332378821,-0.08496460340314274,-0.03850039422826796,0.37500012329031535,0.23167539267015708,0.1206238509372203,0.8116188272923475,0.0,52.82808062827223,0.23167302284371508,0.1206968825145609,0.804526785508679,0.0
1-stearoyl-GPG (18:0),Lipid,Lysophospholipid,0.10119665505118867,0.12255442021722289,0.12807236142523667,0.1241595428003804,0.1399637091684102,0.0950877185702702,0.08334038683193455,0.13600250579617765,0.37500012329031535,0.4319371727748691,1.7366814637061507,0.2781264411689866,0.0,62.87439685863873,0.4319285540018234,1.758858688785838,0.264068682624036,0.0
1-stearoyl-GPI (18:0),Lipid,Lysophospholipid,0.0127396189827262,0.04308744316787367,0.030218013600514286,0.04328525412560871,0.026143466169221575,0.032536609585949956,0.0031339804065087062,0.010039843351880972,0.37500012329031535,0.6714659685863875,7.521684873740652,0.09280053332239575,0.0,65.99394031413611,0.6714588389383259,8.612281125958626,0.10141710087515092,0.0
1-stearoyl-GPS (18:0),,,-0.046371492301820014,-0.02548756844109645,-0.032090716129191586,-0.025977067927379666,-0.020111003955188417,-0.04131105527809305,-0.03972386622152169,-0.006308980745673708,0.37500012329031535,0.31282722513089,0.13703034017766735,0.8915841348441027,0.0,64.77073821989526,0.31282535279992807,0.1370196323408085,0.8844144468118621,0.0
1-stearoylglycerol (18:0),,,0.040872879683574316,0.046477990571642064,0.053454095068886535,0.04412340054995287,0.05389873000048925,0.04400121282335459,0.05441860347986928,0.03222990651356557,0.37500012329031535,0.4397905759162304,3.984090147684811,0.12463486382515833,0.0,69.94218638743459,0.4397858160946107,3.8322979849576435,0.12344644961834011,0.0
1-stearoylglycerophosphoethanolamine,Lipid,Lysolipid,0.04859816919593097,0.03237639552651063,0.05451134030795959,0.03313726777364189,0.02399635940136557,0.05027767512168622,0.03838301874481655,0.031872733451822885,0.37500012329031535,0.4397905759162304,7.370543527231748,0.17270837916783044,0.0,54.602067015706744,0.4397858160946107,5.457789185764906,0.13176965703929863,0.0
10-heptadecenoate (17:1n7),Lipid,Long Chain Monounsaturated Fatty Acid,0.06075755154230514,0.06086888306242102,0.033973509761211614,0.05548974338284203,0.015905182417086716,-0.011213173931759392,-0.01070622860398199,0.010815828389452256,0.37500012329031535,0.6714659685863875,5.737461259501526,0.09183330008693562,0.0,68.60092460732986,0.6714588389383259,5.605856321886487,0.07819049633414724,0.0
10-nonadecenoate (19:1n9),Lipid,Long Chain Monounsaturated Fatty Acid,0.024997512769791317,0.02660275861640546,0.029987402462291812,0.02617234443863006,-0.02151761009483096,-0.004514451884045996,-0.0061748530465814385,0.009746260293971111,0.37500012329031535,0.6714659685863875,13.642481832284258,0.10675033834141083,0.0,55.88619790575911,0.6714588389383259,13.167609885273654,0.08222229558942194,0.0
"12,13-DiHOME",Lipid,"Fatty Acid, Dihydroxy",-0.014716477030237284,0.00573833713916399,-0.012512114630120037,0.003897575574474634,-0.0209849332421989,-0.007511588605218859,-0.010562685942528698,-0.008906707278760934,0.37500012329031535,0.12696335078534032,0.06785563894066762,0.6315563052464052,1.0,0.0,0.12695917921851127,0.07046960227922135,0.614564243773234,1.0
12-HETE,Lipid,Eicosanoid,0.017801481933976435,0.011298658159288495,0.024994225801372814,0.012437655391526794,0.013096947722996133,0.017893510948528306,0.01869389499324328,0.0313687575309724,0.37500012329031535,0.08115183246073299,0.08850224220497196,0.8415961019669074,1.0,0.0,0.081152329956213,0.08857964399558656,0.8433475919598242,1.0
12-HHTrE,Lipid,Eicosanoid,-0.048135193412229084,-0.01689279795689583,-0.0023926074072560034,-0.02110169506811425,0.0031460839327197786,-0.022562792310715382,-0.01721566737526289,-0.0021230009684679056,0.37500012329031535,0.1950261780104712,0.2013547093198461,0.8068353160050394,0.0,66.60951308900525,0.19502035260731665,0.20108438783365637,0.8018002492953896,0.0
13(S)-HODE (prev. X - 11560),,,0.03722633476673406,0.005369114912167899,0.025424747580575453,0.0070567089880999145,0.013724493225267479,0.025856636845162897,0.021256869094935873,0.01569573356387939,0.37500012329031535,0.07984293193717278,0.06884895801124663,0.4384572454003338,0.0,77.57833507853401,0.07984642448990074,0.07147443023001317,0.4820346584669506,0.0
13-HODE + 9-HODE,Lipid,"Fatty Acid, Monohydroxy",-0.18909222169741052,-0.19189272652173364,-0.1526421769729982,-0.19178459335265838,-0.20025789570039773,-0.20484646012157112,-0.2118203144172405,-0.18449069454596378,0.37500012329031535,0.4725130890052356,68.11035761044316,0.1602438528895459,0.0,58.949687958115184,0.47250921324652984,110.11104714611116,0.12319515656113966,0.0
13-methylmyristic acid,Lipid,"Fatty Acid, Branched",0.0705752689580542,0.06823681335849631,0.0782435073827996,0.06826608671775232,0.07134324203567405,0.06175171004961397,0.062208573155639026,0.0703006976863642,0.37500012329031535,0.39659685863874344,3.53312897724628,0.16929211725862614,0.0,54.94746701570682,0.3965817892317372,3.68449339009322,0.15223316526715114,0.0
16-hydroxypalmitate,Lipid,"Fatty Acid, Monohydroxy",-0.10705397175427754,-0.10466790569515194,-0.13729493757325534,-0.11038914987243938,-0.12820324273086064,-0.11531498530242204,-0.12005742604352918,-0.12894424217917375,0.37500012329031535,0.041884816753926704,0.05995257440037101,0.4775506741443079,0.0,70.82745026178006,0.04188784878719006,0.06193316479017263,0.4943975584482397,0.0
16a-hydroxy DHEA 3-sulfate,Lipid,Androgenic Steroids,-0.031539377358337964,-0.010006334021266732,0.0028112489188899252,-0.008353452998834998,-0.01812765987543895,-0.03030988267366267,-0.02347226688476047,0.00021980475678254352,0.37500012329031535,0.06806282722513088,0.11343585182766283,0.583574921154886,0.0,63.3988460732984,0.06806117338880542,0.11274938304751303,0.5783391401455794,0.0
2'-O-methylcytidine,Nucleotide,"Pyrimidine Metabolism, Cytidine containing",-0.0920882025927567,-0.08481362467777856,-0.051127440594238883,-0.08524159480745602,-0.08382925033735417,-0.0929087571884422,-0.07960644378979648,-0.054812158799584204,0.37500012329031535,0.23167539267015708,0.12133215503404512,0.813035524057524,0.0,69.68897905759162,0.23167302284371508,0.12109318998919444,0.8057206930140904,0.0
2'-O-methylguanosine,Nucleotide,"Purine Metabolism, Guanine containing",-0.14455682386431545,-0.1253821482166358,-0.14247134209425752,-0.12507797802670348,-0.1478844770021678,-0.15214921298754294,-0.15353819994577253,-0.14738287376745796,0.37500012329031535,0.03534031413612565,0.04287849449911742,0.3578227427243633,0.0,67.24418115183249,0.03533777623688637,0.04676683440128176,0.37229324634386546,0.0
2'-O-methyluridine,Nucleotide,"Pyrimidine Metabolism, Uracil containing",-0.03123162686906075,-0.029044502590872795,0.0008271065862364195,-0.02702077637128356,-0.009117266599189806,-0.04445740864807684,-0.03938063247819612,-0.008382443121158122,0.37500012329031535,0.06806282722513088,0.07629829574539919,0.583342125550471,0.0,68.53950890052357,0.06806117338880542,0.07449279272080797,0.5804571775595804,0.0
2'-deoxyadenosine,Nucleotide,"Purine Metabolism, Adenine containing",-0.13668992602354582,-0.12977077632536765,-0.16157975352092332,-0.1283561017033317,-0.1499963267773343,-0.13957078883753288,-0.13939752093430324,-0.1552224431401645,0.37500012329031535,0.03664921465968586,0.0986729335426412,0.6995319041743886,1.0,0.0,0.03665267023639842,0.09549121131157877,0.712633493550027,1.0
2'-deoxyadenosine 3'-monophosphate,Nucleotide,"Purine Metabolism, Adenine containing",-0.10936719795799009,-0.11237805999706017,-0.14012999942398838,-0.11068687409957492,-0.13297649354926824,-0.127009445541351,-0.12522283717476804,-0.1256530630614254,0.37500012329031535,0.041884816753926704,0.07964493603181821,0.4771163111357153,0.0,79.45597801047126,0.04188784878719006,0.0765244797792183,0.4936290074578818,0.0
2'-deoxycytidine,Nucleotide,"Pyrimidine Metabolism, Cytidine containing",-0.09491721923067473,-0.07561838857121282,-0.05279636232145752,-0.07594142847055906,-0.06685489176856396,-0.07853243185488026,-0.08513878501872778,-0.05519744328422979,0.37500012329031535,0.16361256544502617,0.1038876680494635,0.6772034058632417,1.0,0.0,0.16361184945490967,0.10412194960040226,0.6613214217603279,1.0
2'-deoxycytidine 5'-monophosphate,Nucleotide,"Pyrimidine Metabolism, Cytidine containing",-0.14589951416900993,-0.1414806140456367,-0.14763228204249423,-0.14011980457706413,-0.15275560174812777,-0.1453456795320742,-0.1464977673876864,-0.141968345517229,0.37500012329031535,0.03534031413612565,0.0687351404830598,0.3571248098677062,1.0,0.0,0.03533777623688637,0.0678070718115325,0.3719309480661827,1.0
2'-deoxyguanosine,Nucleotide,"Purine Metabolism, Guanine containing",-0.13516167945127527,-0.14465899215978537,-0.10277129964835013,-0.1446798778969924,-0.1437967822286312,-0.16335251352503358,-0.16299228485832432,-0.16226142128575294,0.37500012329031535,0.5523560209424084,22.772106255703143,0.13808628302222525,1.0,0.0,0.5523556377364305,19.61018836727618,0.07187378000348334,1.0
2'-deoxyinosine,Nucleotide,"Purine Metabolism, (Hypo)Xanthine/Inosine containing",-0.05283588668303459,-0.0351591440562748,-0.038676485010375135,-0.034835841661985396,-0.010957454185945152,-0.09830775907264248,-0.08087302795839021,0.02144049596710358,0.37500012329031535,0.6557591623036649,7.830965280884689,0.13315322023267015,1.0,0.0,0.6557571555144651,5.886180721216842,0.11411396171466791,1.0
2'-deoxyuridine,Nucleotide,"Pyrimidine Metabolism, Uracil containing",-0.08871306536221735,-0.06223449964669964,-0.05861916354183003,-0.06220528711565645,-0.0683557787372611,-0.0995549844076067,-0.09510261677336111,-0.05858315783412529,0.37500012329031535,0.23167539267015708,0.17188813109349932,0.8045515978984029,1.0,0.0,0.23167302284371508,0.1712551269577892,0.7970332634726235,1.0
"2,3-dihydroxy-2-methylbutyrate",Amino Acid,"Leucine, Isoleucine and Valine Metabolism",-0.13906656338231446,-0.13382764674954076,-0.16730359525164212,-0.13651662544942247,-0.1555391774651845,-0.12934618258360797,-0.12904794579444773,-0.1499963267773343,0.37500012329031535,0.03664921465968586,0.08646568496626034,0.6991364348074478,0.0,62.533750785340295,0.03665267023639842,0.08672663109454286,0.707262265666149,0.0
"2,3-dihydroxy-5-methylthio-4-pentenoate (DMTPA)",,,-0.03876915347709049,-0.014482212128569873,0.005470421255746228,-0.01546745156462841,-0.01813147223699881,-0.024319240719884463,-0.029435984198126652,0.01014228517006426,0.37500012329031535,0.1950261780104712,0.09221384209984232,0.8277091066815003,0.0,63.00883979057589,0.19502035260731665,0.0924636017458521,0.8235513109440379,0.0
"2,3-dihydroxyisovalerate",Xenobiotics,Food Component/Plant,-0.03182722304325782,-0.016751466204808975,-0.009624993787585023,-0.016375057363451496,-0.0032504506136117207,-0.03690672366248769,-0.033506297310808224,-0.021011802962764472,0.37500012329031535,0.1950261780104712,0.09155378195459905,0.8205945156033374,0.0,54.74820000000004,0.19502035260731665,0.09194070383981952,0.8184901452525355,0.0
"2,3-diphosphoglycerate",Carbohydrate,"Glycolysis, Gluconeogenesis, and Pyruvate Metabolism",-0.09505779879461125,-0.0819551674206923,-0.0867858355544004,-0.08044173353043964,-0.08276068812362104,-0.11015400396071563,-0.10806225694591208,-0.06154231780327986,0.37500012329031535,0.11649214659685864,1.5165342700115212,0.35959605236483705,1.0,0.0,0.11649010619309937,1.507038401556765,0.3621664718687985,1.0
"2,4-di-tert-butylphenol",Xenobiotics,Chemical,-0.0364878155608011,-0.014323388254478627,-0.011487367688395748,-0.01248403794415013,-0.011290098469808588,-0.03822774177480666,-0.03081306045440632,-0.015237845821981873,0.37500012329031535,0.06806282722513088,0.03691515613882265,0.5856945501555137,0.0,64.86629319371731,0.06806117338880542,0.036183427900723306,0.5807415099007872,0.0
"2,4-dihydroxybutyrate",Lipid,"Fatty Acid, Dihydroxy",-0.042581734135172904,-0.02226677860966769,0.004931847255987065,-0.022621735131825096,-0.007184690158301119,-0.02639174399978461,-0.024396466483578794,-0.004686268612598957,0.37500012329031535,0.1950261780104712,0.08881931910581062,0.825433819022859,0.0,66.76320000000005,0.19502035260731665,0.088870157302212,0.8216291497289062,0.0
"2,6-dihydroxybenzoic acid",Xenobiotics,Drug - Topical Agents,-0.09290038077854904,-0.07308112552282311,-0.03888092440522637,-0.0723141421925609,-0.05335943890621158,-0.07434470554962316,-0.07722572725586685,-0.040338556719738544,0.37500012329031535,0.23167539267015708,0.09922866635875773,0.8253440513170875,0.0,48.835016753926695,0.23167302284371508,0.09928245898840597,0.8168244528313107,0.0
2-Deoxyglucose 6-phosphate,,,-0.11959775233191688,-0.11579283499937992,-0.12377296840503539,-0.11572158515462694,-0.12409853118772675,-0.12406581221293779,-0.12017785360045273,-0.1145656977922495,0.37500012329031535,0.048429319371727744,1.0169144492761373,0.38212567009347703,0.0,85.10524397905758,0.04842893280429395,1.0132269525226574,0.393656922289428,0.0
2-Hydroxypentanoate,,,-0.11040889844580329,-0.0979173799007751,-0.11487077153228308,-0.0979072013515247,-0.09441503534953025,-0.11296592939689874,-0.11317429616904204,-0.11336696627719388,0.37500012329031535,0.048429319371727744,0.34141108099741635,0.5174052569454222,0.0,82.5029591623036,0.04842893280429395,0.34535832635169594,0.5322071202452571,0.0
2-O-methylascorbic acid,Cofactors and Vitamins,Ascorbate and Aldarate Metabolism,-0.04181558399238201,-0.02304410233250339,-0.007660354363162251,-0.024910301809731805,-0.008584914068477223,-0.04447194754675908,-0.0431739033678649,-0.013672569523681944,0.37500012329031535,0.06806282722513088,0.040378400814785956,0.5863056520500407,0.0,71.8990261780105,0.06806117338880542,0.03933769694721013,0.5805826452310768,0.0
2-aminoadipate,Amino acid,Lysine Metabolism,0.0027474560926416987,0.16702034419784642,0.11383348084765131,0.16476073010213077,0.09880810718907197,0.12993149123356185,0.13866033800399843,0.08344908366698887,0.37500012329031535,0.8167539267015707,8.092133069769856,0.08960805269300945,1.0,0.0,0.8167520577320646,8.173695084412495,0.10423702746910724,1.0
2-aminoadipate_dupl,,,0.09957151552267449,0.09735899919929027,0.10143335224604665,0.09762596165628029,0.10421569310926665,0.11063433412786892,0.11651115109989948,0.11386680176299303,0.37500012329031535,0.09685863874345549,0.049139996221575485,0.9160091264102423,0.0,50.08030052356019,0.0968642859894449,0.04937672423041641,0.9176153738858321,0.0
2-aminobutyrate,Amino acid,Butanoate Metabolism,0.07102397386013683,0.0637440338657995,0.03787959793383243,0.0594840394118482,0.03400772135738142,0.04336002748409944,0.06485900824013274,0.045394181326691756,0.37500012329031535,0.5667539267015707,7.79393540589064,0.0981575352423919,0.0,66.23295078534036,0.5667449953131221,7.49049355078214,0.08210364487978626,0.0
2-aminoheptanoate,Lipid,"Fatty Acid, Amino",-0.11556697400623406,-0.09257853363769068,-0.08870444959189067,-0.09352256922639719,-0.09205088475288609,-0.09904333214649444,-0.10485677030704522,-0.0859347982066293,0.37500012329031535,0.10471204188481675,0.1212148499921133,0.6258338519502198,0.0,61.357726701570655,0.10471384362520386,0.12173435838755377,0.6298194198848268,0.0
2-aminooctanoate,Lipid,"Fatty Acid, Amino",0.03035445307002958,0.03118768602687565,0.02132952479511616,0.026319386946420907,0.012669592783797284,0.025933943678667033,0.023771247407564464,0.02671201165819678,0.37500012329031535,0.08115183246073299,0.03963413159880409,0.8481035491396978,0.0,53.82159581151834,0.081152329956213,0.03972503284207061,0.8480585167468698,0.0
2-aminophenol sulfate,Xenobiotics,Food Component/Plant,-0.01848735582955559,-0.01708434850931679,0.0018118667862661484,-0.01953802615467309,-0.012287418941654462,-0.022068368218916282,-0.030136263730219607,-0.0025809138332110178,0.37500012329031535,0.06806282722513088,0.13978123186526367,0.5806322970179123,0.0,68.65821884816752,0.06806117338880542,0.14140535675991953,0.5710674831073446,0.0
2-arachidonoyl glycerol,Lipid,Monoacylglycerol,0.24509475256920163,0.24814338299272773,0.21660567804528705,0.24716928666966617,0.2468624310487547,0.21230523270649174,0.23494777687011864,0.22057814439937004,0.37500012329031535,0.6151832460732984,0.9587786170556848,0.5599351988010078,1.0,0.0,0.6151764962697587,0.9622726835757796,0.5415463497764629,1.0
2-arachidonoylglycerophosphocholine,,,0.05461992171998787,0.04157354716970961,0.03563271870899938,0.04049118672622322,0.04761719029120243,0.0298701085340854,0.023789410197224387,0.024638905765042636,0.37500012329031535,0.4397905759162304,7.535999015560403,0.14852121734724721,0.0,69.14929319371728,0.4397858160946107,6.138412332040747,0.13466402950023648,0.0
2-arachidonoylglycerophosphoethanolamine,,,0.03106095037360741,0.04688454152851403,0.02996797643197995,0.0476449988353501,0.05416015747520585,0.028741323203236472,0.021983924836601568,0.038189535541833054,0.37500012329031535,0.4397905759162304,9.266934305606629,0.1516630320564048,0.0,62.68931623036654,0.4397858160946107,7.87733951793457,0.1080175363919144,0.0
2-arachidonoylglycerophosphoinositol,,,-0.08106619128810236,-0.08228032753748309,-0.0697707731699188,-0.08235099957326315,-0.07655204191940004,-0.07854154654401459,-0.07570257968984842,-0.07001841652606569,0.37500012329031535,0.16361256544502617,197.05902867412385,0.13185044348012007,0.0,70.42958429319376,0.16361056537873828,10.163444728502155,0.07435622637144339,0.0
2-docosahexaenoylglycerophosphocholine,,,-0.08681606348969524,-0.08449028753929487,-0.07935817567017203,-0.08453874319036556,-0.07814042651816867,-0.08304690958578301,-0.07804329839319234,-0.08809225019263248,0.37500012329031535,0.18193717277486912,4.673705222415466,0.14257348632632508,0.0,66.16666282722514,0.18193818457310887,4.142349217006715,0.15153356999050552,0.0
2-docosahexaenoylglycerophosphoethanolamine,,,0.0822115535576302,0.08952618083412346,0.0743568943837827,0.08962204122760119,0.08261147682465822,0.08213876003738445,0.08797822558159592,0.07551443755509689,0.37500012329031535,0.4044502617801047,4.823786239612904,0.19274295740550074,0.0,74.74841361256546,0.4044480398577243,4.26666889305955,0.16998995250298465,0.0
2-docosapentaenoylglycerophosphocholine,,,-0.11553450107447938,-0.12257560298234549,-0.14189804536644113,-0.12015196585184097,-0.12860220883193707,-0.11714709693838363,-0.12047777624540222,-0.12203149924172729,0.37500012329031535,0.041884816753926704,0.07344301599957803,0.4764040080760903,0.0,73.96300314136127,0.04188784878719006,0.07185368578612829,0.49172267109352924,0.0
2-docosapentaenoylglycerophosphoethanolamine,,,0.08734376515098093,0.0873956825832142,0.1035428376312401,0.08605321344157509,0.08583204024456226,0.11664583369608138,0.12572919535208107,0.0952982499437248,0.37500012329031535,0.3808900523560209,3.727229166006164,0.21466303827857297,0.0,60.379493193717295,0.3808878102649049,3.6186869878504218,0.19736022169479203,0.0
2-eicosatrienoylglycerophosphocholine,,,-0.12229060649600952,-0.12458491604491496,-0.15193138757221583,-0.12374715473237397,-0.1306356982788651,-0.12241759562009076,-0.1260521767622473,-0.14840330413094507,0.37500012329031535,0.041884816753926704,0.07020701720541866,0.4769311271411034,0.0,76.84568481675392,0.04188784878719006,0.06860071489585641,0.49285708960465197,0.0
2-ethylhexanoate,Xenobiotics,Chemical,-0.09522458066248318,-0.09477024790779492,-0.0932636686818562,-0.10105820863663678,-0.0993065609749291,-0.09763530728215383,-0.10184031149375823,-0.09563491369936453,0.37500012329031535,0.14659685863874344,0.23696783884316536,0.7581467071852466,0.0,66.66514659685862,0.1466004083362225,0.23767285812605313,0.771908675962806,0.0
2-ethylhexanoate (isobar with 2-propylpentanoate),Xenobiotics,Chemical,0.0854512722255161,0.09245426190301421,0.07511624052034428,0.09357391168521383,0.08401658937142333,0.07789906871327658,0.07841871443204976,0.07504342714692422,0.37500012329031535,0.21335078534031413,10.587218170123137,0.1604885458157352,0.0,64.08032565445029,0.21333898326848746,6.462686078220714,0.1336070058070975,0.0
2-hydroxy-3-methylvalerate,Amino Acid,"Leucine, Isoleucine and Valine Metabolism",0.11812738798444461,0.11073763296320387,0.12398591251198926,0.11035446336691172,0.11987773589470783,0.10244257559892977,0.09601363834107898,0.11989069297292176,0.37500012329031535,0.2513089005235602,0.5093239622474247,0.6066887823994596,0.0,62.08268691099472,0.25130911565674074,0.5084412324289701,0.6296356097128536,0.0
2-hydroxyacetaminophen sulfate,,,-0.045895072537119455,-0.0035707579966609546,0.008659479704127396,-0.003365428655745952,-0.009702218143718938,-0.03121754804395769,-0.04259564209261549,-0.002723685871001785,0.37500012329031535,0.1950261780104712,0.13757168972234288,0.8232643899067493,0.0,58.12091099476439,0.19502035260731665,0.1370958845636557,0.8170753512032817,0.0
2-hydroxyadipate,Lipid,"Fatty Acid, Dicarboxylate",-0.053561297087017706,-0.050021091439043375,-0.012874354819272314,-0.04182803548571749,-0.04132785957325758,-0.046268145015095664,-0.039975871793932055,-0.005340298131577625,0.37500012329031535,0.31282722513089,0.1367872628721026,0.8809683736712766,0.0,66.97795602094237,0.31282535279992807,0.13672530727668109,0.8736999362999548,0.0
2-hydroxyarachidate,,,-0.02817206793870087,-0.01011035273697645,-0.011613002124415324,-0.009094287010980723,-0.012230643975616833,-0.038606600981288944,-0.030131255189528847,-0.009882856399599424,0.37500012329031535,0.06806282722513088,0.10022465531285996,0.583134923236416,0.0,76.5039371727749,0.06806117338880542,0.09914759277670811,0.5773241074288307,0.0
2-hydroxybehenate,Lipid,"Fatty Acid, Monohydroxy",-0.09409925336889964,-0.0732590726142016,-0.06121225230506185,-0.0714402635721632,-0.058754932506434175,-0.10586053758938851,-0.10548389375846795,-0.060237084028924005,0.37500012329031535,0.10732984293193717,0.16502406951040682,0.5667736499930929,0.0,61.68923036649217,0.10732437048165695,0.16516467827559803,0.5648424954432539,0.0
2-hydroxybutyrate (AHB),Amino acid,"Cysteine, methionine, SAM, taurine metabolism",0.1052306967648728,0.07757666423263349,0.09021895232965471,0.0746670952965584,0.08383138171872194,0.06736807808015628,0.07696614668339026,0.09029307053754217,0.37500012329031535,0.5850785340314136,8.44436606020278,0.16020043119606203,1.0,0.0,0.5850790348883496,9.250230462677921,0.11264035501932802,1.0
2-hydroxybutyrate/2-hydroxyisobutyrate,Amino Acid,Glutathione Metabolism,-0.09444771865562927,-0.08402350150470089,-0.043243893579564686,-0.08307392581992981,-0.07729479452248975,-0.08846751794831353,-0.08543070799037307,-0.057610255166685845,0.37500012329031535,0.23167539267015708,0.06661571781069325,0.8246421364649503,0.0,57.41421465968587,0.23167302284371508,0.06671618227193471,0.8154234161621362,0.0
2-hydroxyglutarate,Lipid,"Fatty Acid, Dicarboxylate",0.11741586142302521,0.13292249972241676,0.09678220097237587,0.13313536875769483,0.07051638627771625,0.08102430780567178,0.111642421215958,0.07588391012146757,0.37500012329031535,0.7814136125654451,8.249123817413086,0.12382422012838057,1.0,0.0,0.7814142814951782,8.330806790546065,0.08816467833036463,1.0
2-hydroxyheptanoate,,,-0.03418052688158858,-0.014663847743555659,-0.008762581650745248,-0.012642135607957143,-0.0047909190335482885,-0.03195178907722193,-0.02936636153175025,-0.012816742416916434,0.37500012329031535,0.06806282722513088,0.04070095074457449,0.5863270286757252,0.0,60.49238848167535,0.06806117338880542,0.041011603124174366,0.5802683714453784,0.0
2-hydroxyhippurate (salicylurate),Xenobiotics,Benzoate Metabolism,-0.09439125240959603,-0.09686245583126904,-0.06310966803805124,-0.09618371587554174,-0.06217230241016143,-0.09678376738973564,-0.10858887092271943,-0.08112465406244505,0.37500012329031535,0.09162303664921466,0.4200672595920228,0.5966719948451914,0.0,70.97374031413608,0.09162140298162487,0.4194335044608319,0.5997426996910936,0.0
2-hydroxyisobutyrate,Xenobiotics,Chemical,-0.040842445075021945,-0.04848534762680558,-0.04593505831010743,-0.049499600144626746,-0.05006072356841468,-0.0559059884451925,-0.05084423487346665,-0.039932169981970154,0.37500012329031535,0.12303664921465969,0.08918808062526563,0.781655729148715,0.0,59.693807329842905,0.12304017874340305,0.09034636877853353,0.7881777413728734,0.0
2-hydroxynervonate,,,-0.029215838398200907,-0.021738515997573885,0.007747435742635046,-0.023071110088693916,0.002185201835286196,-0.03378684616284275,-0.021270361669862462,0.010118599380088062,0.37500012329031535,0.06806282722513088,0.12008163230906935,0.5789176240191833,0.0,67.4170157068063,0.06806117338880542,0.11890208897685017,0.5755497959760115,0.0
2-hydroxypalmitate,Lipid,"Fatty Acid, Monohydroxy",0.005866643738029908,0.07228745454079669,0.039135069837793426,0.07373531067315207,0.058126021575527896,-0.013129242460937371,0.012883745836099116,0.029038984759311163,0.37500012329031535,0.6714659685863875,4.722479146032574,0.11697948483900286,0.0,59.70139371727747,0.6714588389383259,5.131950999735828,0.12883613436788263,0.0
2-hydroxystearate,Lipid,"Fatty Acid, Monohydroxy",0.08259928148208161,0.10121200348379537,0.08152261260902532,0.1014987704007662,0.12319753757000365,0.05955794317085777,0.08357369369108206,0.08532180927715437,0.37500012329031535,0.5942408376963351,5.276060011557867,0.13236331757413727,0.0,67.99747748691098,0.5942332139142494,6.290911713367474,0.1326337887166478,0.0
2-isopropylmalate,Carbohydrate,"Glycolysis, Gluconeogenesis, and Pyruvate Metabolism",-0.12543283226277077,-0.13669870784439964,-0.14281646824328037,-0.13505565091120805,-0.1391665108506954,-0.10893816713242022,-0.10650633240676691,-0.13395206759204636,0.37500012329031535,0.041884816753926704,0.048209435980539485,0.47905322206899126,0.0,82.68934345549741,0.04188784878719006,0.049996539501806124,0.49324882037155343,0.0
2-keto-3-deoxy-gluconate,Xenobiotics,Food Component/Plant,-0.03795503536961018,-0.01266118218175915,-0.01322414244555906,-0.013061271244104748,-0.021317271123861194,-0.03538051984852744,-0.03837236142465781,-0.004848756547832987,0.37500012329031535,0.06806282722513088,0.05714877521076736,0.5848889593453768,0.0,67.19378010471203,0.06806117338880542,0.0576754825159184,0.5795351608700962,0.0
2-linoleoylglycerol (18:2),Lipid,Monoacylglycerol,-0.07655491025296192,-0.0695514713996199,-0.04606076943090837,-0.0686767984409861,-0.03468698930305176,-0.07968012654584793,-0.09269235115630171,-0.05651738649652229,0.37500012329031535,0.23167539267015708,0.15296474351706257,0.8055533311331109,0.0,45.32465654450262,0.23167302284371508,0.15348802471457854,0.7984814515661439,0.0
2-linoleoylglycerol (2-monolinolein),Lipid,Monoacylglycerol,0.08301440114173284,0.08252609018398073,0.09962406912312749,0.08422162418339163,0.10032200163800041,0.08419407580199245,0.09714660290636358,0.0939016462307693,0.37500012329031535,0.2774869109947644,1.0011164933060956,0.45852263944286115,0.0,61.39850366492148,0.2774811561821847,1.0061539542410032,0.4604764582669447,0.0
2-linoleoylglycerophosphocholine,,,0.05210686923178758,0.026591561983690122,0.04954466340611553,0.025921818169754685,0.04134187468634365,0.03591223424217098,0.04560103996094762,0.025199135518520207,0.37500012329031535,0.4397905759162304,5.767912538633675,0.14582786532528108,0.0,56.052086910994774,0.4397858160946107,5.337326819550438,0.13854360309018465,0.0
2-linoleoylglycerophosphoethanolamine,,,-0.06532557013586562,-0.0701945528011451,-0.06272353889824409,-0.06850750608828204,-0.06682380326052673,-0.0717562568384463,-0.07317725308852854,-0.06306031724780767,0.37500012329031535,0.22643979057591623,0.2915215393112739,0.4829160051801546,0.0,62.8533277486911,0.22644683282612324,0.29294759872859016,0.4840865551537174,0.0
2-methoxyacetaminophen glucuronide,,,0.014046301709101589,0.041173504125602,0.05199083760750351,0.04019940110198045,0.0511147687100305,0.02752853471650314,0.018696785032191944,0.05214838583159314,0.37500012329031535,0.15575916230366493,0.10933485964542111,0.9076055611535009,0.0,57.76043664921465,0.15575715551446512,0.1087052121738824,0.8949549163879057,0.0
2-methoxyacetaminophen sulfate,,,0.011775994427502743,0.04741285440236519,0.059978857567952834,0.045836903203028155,0.04936074417531099,0.02635167855133087,0.016158486693720497,0.05768243351939745,0.37500012329031535,0.15575916230366493,0.10953663068413438,0.9061247325289024,0.0,55.800734031413654,0.15575715551446512,0.10917324441271851,0.8948974455081626,0.0
2-methylbutyroylcarnitine,Amino acid,"Valine, leucine and isoleucine metabolism",0.012577086945505557,0.018418698567745813,0.03846936866308414,0.019573234486320087,0.043076984738329806,0.025988312533892076,0.035452401395920125,0.04305656589969655,0.37500012329031535,0.6714659685863875,7.973137790175979,0.08047593444201279,0.0,62.1750010471204,0.6714588389383259,8.509186359463504,0.10953488828242475,0.0
2-methylcitrate/homocitrate,Energy,TCA Cycle,-0.08693246670786865,-0.057875160985508246,-0.05575296698224528,-0.05401839575636696,-0.04792203433722382,-0.09367175176393262,-0.0870262287562193,-0.06447900825784104,0.37500012329031535,0.23167539267015708,0.0908805871115248,0.8169073138622682,0.0,58.68057696335078,0.23167302284371508,0.09063036579011595,0.8075857256737223,0.0
2-methylmalonyl carnitine,Lipid,Carnitine Metabolism,-0.15674532197703814,-0.1435003054301076,-0.1463884012013602,-0.1441718528160432,-0.15054555847553014,-0.1517475536669317,-0.1652155488641221,-0.13591943469284504,0.37500012329031535,0.0824607329842932,434.02904915381447,0.04919375250185104,0.0,84.89217591623037,0.08245823542252527,60.24166694367056,0.060839282389711584,0.0
2-methylserine,Amino Acid,"Glycine, Serine and Threonine Metabolism",-0.03335559353853902,-0.018593071866585945,-0.009518560940144026,-0.019919100361074804,-0.011478217086327673,-0.026125992712378775,-0.027314147310412217,0.007433127627579257,0.37500012329031535,0.06806282722513088,0.05388056508790057,0.5847902393865135,0.0,67.03499476439794,0.06806117338880542,0.0530982504698731,0.578907622982621,0.0
2-myristoylglycerol (2-monomyristin),Lipid,Monoacylglycerol,-0.15532365659500671,-0.14182657197781137,-0.14226373408878037,-0.14030117452179372,-0.15317360444371927,-0.14876754817942134,-0.15079986207939175,-0.15821053692559722,0.37500012329031535,0.03534031413612565,0.08644722016650151,0.356264155432699,0.0,71.25829528795806,0.03533777623688637,0.09400984536796565,0.3703465760684985,0.0
2-myristoylglycerophosphocholine,,,0.10125827135400157,0.08133789376819067,0.08732833502087285,0.08027843348697991,0.08322537149191597,0.09721652995114873,0.11176530859140939,0.09471010174737746,0.37500012329031535,0.3455497382198953,0.8687361669261897,0.45040491115456466,0.0,59.627648167539256,0.3455500340280186,0.8741194549104029,0.4215762481981182,0.0
2-oleoylglycerol (18:1),Lipid,Monoacylglycerol,-0.0775113313290275,-0.07984415395406258,-0.053833894575358164,-0.0778789047884637,-0.05211201143150884,-0.08797130832154458,-0.09250965461441711,-0.06936410697886118,0.37500012329031535,0.23167539267015708,0.14374648288146116,0.8070036658257889,0.0,49.499027225130895,0.23167302284371508,0.14458582933490102,0.7996991221990483,0.0
2-oleoylglycerol (2-monoolein),Lipid,Monoacylglycerol,-0.11127375200192201,-0.09659934724825546,-0.11229299847900315,-0.10530391567491096,-0.10938553136235024,-0.11890788656171475,-0.10450054555310989,-0.09938011193746113,0.37500012329031535,0.15837696335078533,0.46437301668756215,0.4354939881843928,0.0,60.124529842931935,0.15837795498028942,0.46625690804042197,0.44133383414902516,0.0
2-oleoylglycerophosphocholine,,,0.03936901189179998,0.020464372519850223,0.039514183395873634,0.017602197351591346,0.045064583216272824,0.03127725242346602,0.045479048213314506,0.039263702800581425,0.37500012329031535,0.4397905759162304,5.382938049089022,0.20242036611363673,0.0,66.69844816753923,0.4397858160946107,5.452262820832939,0.15487581245385137,0.0
2-oleoylglycerophosphoethanolamine,,,0.02267470170213921,0.026241442906965902,0.011577362342024791,0.027878691690675254,0.02177366758296825,0.04087490350980233,0.04435117735209453,0.04586935614663669,0.37500012329031535,0.4397905759162304,11.195328756131268,0.06317212162649764,0.0,63.04592670157068,0.4397858160946107,11.528442814090084,0.06391633186675681,0.0
2-oleoylglycerophosphoglycerol,,,0.027052374687752075,0.041142006484876634,0.02259395532882638,0.03648019730286633,0.01648382145960816,0.029010004111126343,0.028333941482118305,0.015323116016513103,0.37500012329031535,0.08115183246073299,0.08845304919184642,0.8447967095193594,0.0,64.29168481675394,0.081152329956213,0.08894083147946247,0.8442156359404785,0.0
2-oleoylglycerophosphoinositol,,,-0.04953504344869183,-0.0524753161728714,-0.040638500035517076,-0.051990963002642804,-0.042722700323362554,-0.04544064966742437,-0.044081847719010595,-0.055466148113575996,0.37500012329031535,0.10471204188481675,0.22282438469844956,0.7848150604730952,0.0,68.40727434554974,0.10471255954903246,0.22337718112260227,0.793709804548507,0.0
2-oleoylglycerophosphoserine,,,0.12571194687782347,0.13526452410312417,0.11743979919124661,0.13245656701971564,0.1456942550628141,0.14210617552678673,0.1389819450982248,0.1316124351528156,0.37500012329031535,0.24214659685863876,1.1933896740214864,0.35646315832595,0.0,68.27219057591624,0.24214337994529836,1.2042749639064396,0.34841740494995715,0.0
2-oxoarginine,,,-0.08162828119588049,-0.06064225763597116,-0.04442879762940178,-0.05951356104096317,-0.047697195160914835,-0.08187317072803385,-0.08340821270253859,-0.04518215717837031,0.37500012329031535,0.23167539267015708,0.12753168056268663,0.8247004317177138,0.0,52.9713863874346,0.23167302284371508,0.12713074796504084,0.81516172296609,0.0
2-palmitoleoyl-GPC (16:1),,,0.05700807788330125,0.060429461190477575,0.045593462308963086,0.059157553343924564,0.05364517964058821,0.04272062345610055,0.041470591046234996,0.04274589926603286,0.37500012329031535,0.6636125654450262,4.634369193640855,0.22965173312284465,0.0,64.60807434554977,0.6636131335310811,4.975293050269504,0.18604558756746148,0.0
2-palmitoleoylglycerol (16:1),,,-0.13353913298732487,-0.13045055958031096,-0.14995107901661717,-0.12909979900587093,-0.14418198952518124,-0.1304483173022219,-0.12872941656101858,-0.17347991458953232,0.37500012329031535,0.03664921465968586,0.08073380587777074,0.6984394350741556,0.0,61.692269109947645,0.03665267023639842,0.08269327361609201,0.7046998158099379,0.0
2-palmitoleoylglycerophosphoethanolamine,,,-0.030913793784557848,-0.013892909903123606,-0.018452178977342238,-0.013790253527733734,-0.027724506349891674,-0.024135369422864233,-0.038303059132529786,-0.04237303336132487,0.37500012329031535,0.1387434554973822,7.668164725992554,0.10073943480371356,0.0,78.17232879581154,0.13874443031960657,8.381277317802551,0.09661553103447384,0.0
2-palmitoyl-GPC (16:0),,,0.04763961679634124,0.028582894860327557,0.01214563984019682,0.026774022317136967,0.026369574372501557,0.026775931747287457,0.023337077153523476,0.031307827610859776,0.37500012329031535,0.6714659685863875,6.010218066099078,0.18349983929378785,0.0,55.46364502617799,0.6714588389383259,5.728892098517577,0.15719137173816625,0.0
2-palmitoylglycerol (16:0),Lipid,Monoacylglycerol,0.17020910090786381,0.16958072146013486,0.1460410437581833,0.17018069766208074,0.17612725067894933,0.12572918962369112,0.1290011927632229,0.13462528236925264,0.37500012329031535,0.7866492146596858,9.641897023399181,0.11972260869267969,0.0,77.59866178010469,0.7866456078174556,13.220635715460295,0.1488117777202994,0.0
2-palmitoylglycerophosphoethanolamine,,,0.013688761883474026,0.006736596601094547,0.02586703773031972,0.0077257133495519425,0.004883876024912036,0.020581628818143648,0.014877137365890322,0.008001716886684626,0.37500012329031535,0.3599476439790576,70.44301905628397,0.1234626993937478,0.0,64.96489214659687,0.35993939160471,29.807451824815317,0.07657323998227976,0.0
2-palmitoylglycerophosphoglycerol,,,0.0250286598321659,0.022661567966796456,0.02870407464830542,0.016173402774200037,0.024263610648442468,0.019216431639994824,0.03386485928424498,0.026828104027115055,0.37500012329031535,0.08115183246073299,0.05957974800717944,0.8459389265848983,0.0,70.56952251308903,0.081152329956213,0.059781929743337535,0.8461764137462567,0.0
2-phosphoglycerate,Carbohydrate,"Glycolysis, Gluconeogenesis, and Pyruvate Metabolism",-0.0798955011189569,-0.054834867723267566,-0.062468581792867704,-0.055526492034313195,-0.0557012813182788,-0.05302943044739549,-0.04365221343790425,-0.06167995297936071,0.37500012329031535,0.3403141361256544,9.184247199480414,0.09729796557582249,1.0,0.0,0.3403084350963699,14.049216694326729,0.13181277853058293,1.0
2-piperidinone,Xenobiotics,Food Component/Plant,-0.10892041387754559,-0.07930116797482424,-0.06802457927016729,-0.0783277354428266,-0.09399803853686009,-0.1048860201636561,-0.10909450041890754,-0.0753629618464705,0.37500012329031535,0.10471204188481675,0.08989576941490328,0.6067214059390958,0.0,60.03316439790575,0.10471384362520386,0.09011899315734677,0.6151945547239442,0.0
2-stearoyl-GPE (18:0),,,-0.0786748369014454,-0.043326805891407624,-0.03677120327316154,-0.0423056211419109,-0.031067049557799948,-0.07380691964941323,-0.08553476449822739,-0.05451094784929238,0.37500012329031535,0.23167539267015708,0.11632067469147189,0.8143047999626465,0.0,58.577253403141384,0.23167302284371508,0.11654462047509921,0.8069657280304995,0.0
2-stearoylglycerol (2-monostearin),Lipid,Monoacylglycerol,-0.15520937811012503,-0.14191237614188226,-0.14759326845757237,-0.14041439144477558,-0.15309000390460098,-0.14873793579159414,-0.14815363708311055,-0.1425145357061353,0.37500012329031535,0.03534031413612565,0.08882299324878308,0.3563633581601791,0.0,75.49708272251304,0.03533777623688637,0.09162082970263259,0.37071882368004266,0.0
2-stearoylglycerophosphocholine,,,0.1681506224365648,0.1980169465547731,0.1670852537054275,0.19518410910648484,0.1683428127672597,0.154155681234552,0.1453189945836492,0.17939414148956517,0.37500012329031535,0.48429319371727747,1.0000539728362556,0.4890673749532263,0.0,77.05397905759162,0.4842893280429395,1.0063032322417704,0.4898444325713484,0.0
2-stearoylglycerophosphoglycerol,,,0.19217672437152786,0.18382378611026914,0.19720026332064225,0.18451212153667185,0.19238600726796087,0.1942696289139188,0.1961376761043361,0.17783034877162093,0.37500012329031535,0.20026178010471204,1.3929281122015658,0.32648569475539624,0.0,74.62743874345549,0.20025553115810832,1.4577891422972602,0.3012137683964351,0.0
2-stearoylglycerophosphoinositol,,,0.1283428872667375,0.1292037947063182,0.11683024586895363,0.12864503798555238,0.1275142794890246,0.1382474244496789,0.14662008720230374,0.1339445183245429,0.37500012329031535,0.2356020942408377,1.8100918056220665,0.2714603887720216,0.0,52.45725026178013,0.23559330739499465,1.7582204326902637,0.24705204391837696,0.0
2AB,,,-0.11473088792445321,-0.11382040179713505,-0.11518183930687523,-0.11381022324788463,-0.11949692216660128,-0.108690425309591,-0.12012049932264568,-0.12696023030948375,0.37500012329031535,0.048429319371727744,0.10877054760293302,0.5454776490813459,1.0,0.0,0.04842893280429395,0.11124011470806348,0.5617699549146155,1.0
"2R,3R-dihydroxybutyrate",Lipid,"Fatty Acid, Dihydroxy",-0.09156955085895095,-0.0879843913480153,-0.05353933644683818,-0.08802438313458757,-0.07300537131035496,-0.07327082015031008,-0.08503047497164999,-0.05181720066418739,0.37500012329031535,0.23167539267015708,0.08883769286234808,0.8213546713070332,0.0,56.058106806282765,0.23167302284371508,0.08868130854116567,0.8132851613332942,0.0
"2S,3R-dihydroxybutyrate",Lipid,"Fatty Acid, Dihydroxy",-0.09537877885351165,-0.07617174019404774,-0.06512383604909981,-0.07760828184713413,-0.06365636017832325,-0.07343251080588072,-0.07490942753784134,-0.07078255220816873,0.37500012329031535,0.23167539267015708,0.0879037588070841,0.8236748264892868,0.0,66.92016230366494,0.23167302284371508,0.08812207881954527,0.8144881035821102,0.0
3'-dephospho-CoA-glutathione,,,-0.03513978017952649,-0.012130812017179164,-0.00776857569507308,-0.012703446227706156,-0.006707803648054986,-0.04211330169952321,-0.03266804179750853,-0.010356657764219573,0.37500012329031535,0.06806282722513088,0.06248988063173663,0.5851024098249837,0.0,60.51025130890054,0.06806117338880542,0.060949198740589815,0.5802081446278985,0.0
3'-dephosphocoenzyme A,Cofactors and Vitamins,Pantothenate and CoA Metabolism,-0.08985916887766007,-0.06624049357063201,-0.07603615331633401,-0.06584444109661305,-0.07333767236039505,-0.08423510463790827,-0.07981793619561849,-0.08289702518304004,0.37500012329031535,0.16361256544502617,6.036233399222665,0.12830630045808442,1.0,0.0,0.16361056537873828,10.162588009023446,0.08089371325176671,1.0
"3,4-dihydroxybutyrate",Lipid,"Fatty Acid, Dihydroxy",-0.08833327300745925,-0.06964188801956553,-0.08508935653709325,-0.07014659484593908,-0.07615922989487903,-0.0771800461709406,-0.07265658097794465,-0.06468363633003302,0.37500012329031535,0.23167539267015708,0.1172088454161784,0.8185978862213312,0.0,54.19336858638743,0.23167302284371508,0.11754817956157097,0.8091314132153137,0.0
3-(3-amino-3-carboxypropyl)uridine,,,-0.03873112366535902,-0.032076174764778635,-0.0177903245953869,-0.03121858731688738,-0.015900003687057025,-0.04382981808854471,-0.03851517548773956,-0.023796830541444706,0.37500012329031535,0.06806282722513088,0.049604308019933596,0.5853472369510602,0.0,70.05189947643979,0.06806117338880542,0.04953438767787471,0.5797102085493144,0.0
3-(4-hydroxyphenyl)lactate,Amino acid,Phenylalanine and Tyrosine Metabolism,0.03928117576999391,0.03772606621783743,0.041144921302165544,0.038474556376151534,0.05058212531938445,0.016992084685607617,0.00407462931772899,0.06329610333544174,0.37500012329031535,0.6714659685863875,8.955511957547769,0.09632447717586347,1.0,0.0,0.6714588389383259,9.099630931166397,0.08325761735901314,1.0
3-(N-acetyl-L-cystein-S-yl) acetaminophen,Xenobiotics,"Drug - Analgesics, Anesthetics",-0.03486542920600956,-0.02007992978936001,0.0007420066721548475,-0.02106428078595423,-0.018498277946169008,-0.03145049149332847,-0.03569421883213087,0.006344865302878923,0.37500012329031535,0.1950261780104712,0.11268946930083727,0.8233002374670497,0.0,53.476874345549746,0.19502035260731665,0.11275513639105149,0.8191240143589416,0.0
3-(cystein-S-yl)acetaminophen,,,-0.08877557021999107,-0.06780359654086658,-0.0388977423023885,-0.06927831449097976,-0.03913723010117531,-0.0852745210396929,-0.09225525650035202,-0.033734753110113015,0.37500012329031535,0.21858638743455497,0.278083138742084,0.791801912955949,0.0,62.007469109947664,0.2185805822001361,0.2768341259792066,0.7781009035373417,0.0
3-(methylthio)acetaminophen sulfate,,,-0.040409471520151,-0.013995695203295534,-0.00254621449642601,-0.012489572710392348,-0.012553579348081692,-0.03957350054667637,-0.03440474935683821,-0.02689603003529139,0.37500012329031535,0.06806282722513088,0.12530323569363416,0.5814768414778385,0.0,65.40954554973823,0.06806117338880542,0.127165363765303,0.5758351094154892,0.0
3-amino-2-piperidone,Amino Acid,Urea cycle; Arginine and Proline Metabolism,-0.08560038588635067,-0.05865894947456405,-0.08320436229742563,-0.057820759430259994,-0.05334608647770465,-0.09054157819306781,-0.09215262867460097,-0.07395868043519209,0.37500012329031535,0.23167539267015708,0.0968253901738474,0.8189612617559034,0.0,54.241828272251325,0.23167302284371508,0.09659579850852562,0.8094318599252803,0.0
3-aminoisobutyrate,Nucleotide,"Pyrimidine Metabolism, Thymine containing; Valine, leucine and isoleucine metabolism/",0.12939407053744545,0.14426518823921414,0.13541041668469153,0.14468042152752944,0.14268501579222806,0.14180788133350364,0.13186853192730566,0.13006440950887416,0.37500012329031535,0.7329842931937173,634.7567292162918,0.11784298991364008,0.0,59.06616020942411,0.7329853486908844,19.58194119833549,0.07341845450547596,0.0
3-carboxy-4-methyl-5-pentyl-2-furanpropionate (3-CMPFP),Lipid,"Fatty Acid, Dicarboxylate",-0.08845440664300508,-0.078455959881982,-0.02593151092858929,-0.07799470692946,-0.060394475113692336,-0.08706982500461243,-0.0882935869858083,-0.05140006593199486,0.37500012329031535,0.23167539267015708,0.10274419778470102,0.8212849204606688,0.0,61.92967643979058,0.23167302284371508,0.10273077515313167,0.8136337797096834,0.0
3-carboxy-4-methyl-5-propyl-2-furanpropanoate (CMPF),Lipid,"Fatty Acid, Dicarboxylate",0.024361159223122,0.028742821678769123,-0.009125927399273861,0.031064496200196055,0.014879218779174695,0.007115481285562281,0.03165885251785143,0.031952224577238966,0.37500012329031535,0.6714659685863875,9.981551838530908,0.08689141583324948,0.0,60.3384387434555,0.6714588389383259,8.569746411900141,0.06849374486173863,0.0
3-dehydrocarnitine,,,0.019091067626277162,0.033493671309746204,0.0300032463570723,0.032555053728887506,0.02782445522190757,0.029230841793877083,0.04145301321966112,0.03975120483686322,0.37500012329031535,0.4397905759162304,22.869855237706126,0.07792201520168912,0.0,67.4020219895288,0.4397858160946107,20.37800010591656,0.07875871774302491,0.0
3-formylindole,Xenobiotics,Food Component/Plant,-0.08986286660915736,-0.07641035286353276,-0.05569667531448237,-0.07146717528915417,-0.06760981121248351,-0.09298473789765017,-0.09417347462508922,-0.06912833883514077,0.37500012329031535,0.23167539267015708,0.10550367432726648,0.8189209339426753,0.0,51.030234554973816,0.23167302284371508,0.10521902120544135,0.8098593076767764,0.0
3-hydroxy-2-ethylpropionate,Amino Acid,"Leucine, Isoleucine and Valine Metabolism",0.0660310741959676,0.058058955404869945,0.05362799051096718,0.05919344545526249,0.043846640348141154,0.059398030891783526,0.05554914882965521,0.055906506135202205,0.37500012329031535,0.41492146596858637,0.7140439241673475,0.5401223100310504,0.0,53.74236544502619,0.4149209651116505,0.7139742873387402,0.5681321391229027,0.0
3-hydroxy-3-methylglutarate,Lipid,Mevalonate Metabolism,-0.12501568886571712,-0.12060591716685493,-0.09241548741985191,-0.11739063232639041,-0.10047128478723923,-0.1410811559727519,-0.13593765280174155,-0.10432706604139923,0.37500012329031535,0.2801047120418848,0.30591321014083583,0.7343960557552118,0.0,57.44850157068058,0.28010195564800905,0.30579670649853014,0.7311251483665148,0.0
3-hydroxyadipate,Lipid,"Fatty Acid, Dicarboxylate",-0.07416830984703876,-0.057842140158457823,-0.03054151406579471,-0.05929767650661714,-0.0424138815468339,-0.09380528322739555,-0.08595966344962261,-0.042829958938857354,0.37500012329031535,0.23167539267015708,0.08870132471564936,0.8265319028037519,0.0,56.37471099476437,0.23167302284371508,0.08910590569520656,0.8153339448622541,0.0
3-hydroxybutyrate (BHBA),Lipid,Ketone bodies,0.010048003579070352,0.08534737599931264,0.04744717550945892,0.08368145980276488,0.10785426151467294,0.07715238138351306,0.05249158899493816,0.12880682048271555,0.37500012329031535,0.8167539267015707,231.2322311092053,0.1064324620554202,1.0,0.0,0.8167520577320646,79.0951774995225,0.08285878718798813,1.0
3-hydroxybutyroylglycine,Lipid,Fatty Acid Metabolism (Acyl Glycine),-0.03526185354589201,-0.0139758081062533,-0.00598362151142309,-0.011947625527597983,-0.005688201380878701,-0.03121554929643589,-0.030027159187084693,-0.00015941395491905682,0.37500012329031535,0.06806282722513088,0.05961008432640342,0.5864062573754294,0.0,64.54654554973825,0.06806117338880542,0.05968181636119561,0.5795269840805444,0.0
3-hydroxydecanoate,Lipid,"Fatty Acid, Monohydroxy",-0.12115893810132353,-0.10056343034913198,-0.09045036704873895,-0.09609605877882452,-0.10035672404770704,-0.14662418589224951,-0.14491587087245728,-0.10843326919956053,0.37500012329031535,0.27356020942408377,0.10302814887294322,0.905898400704997,0.0,53.4480607329843,0.2735608716309051,0.10377995392669238,0.9037052731805436,0.0
3-hydroxydecanoylcarnitine,Lipid,"Fatty Acid Metabolism (Acyl Carnitine, Hydroxy)",-0.023677585651572273,-0.0035429006111094524,-0.007860969815781238,-0.003914062986848171,-0.019141537069224293,-0.02457904447213508,-0.018704936885644754,-0.014526858314328558,0.37500012329031535,0.06806282722513088,0.07287430109715382,0.5828301637232143,0.0,74.2237884816754,0.06806117338880542,0.07389879988234903,0.5783672626549065,0.0
3-hydroxydodecanedioate,,,-0.03905966195361604,-0.008952111711950744,-0.004631996705430116,-0.012883635379694846,-0.009243709840591483,-0.036207509990418656,-0.037852132624509274,-0.001544342511939689,0.37500012329031535,0.06806282722513088,0.0821672047145044,0.5826548530505276,0.0,65.29814764397908,0.06806117338880542,0.08265657946192316,0.578323048007356,0.0
3-hydroxyglutarate,Amino Acid,Lysine Metabolism,-0.14303846114075353,-0.13439277803602734,-0.1677108250980964,-0.13446031934239283,-0.16139876247805476,-0.13203635642024647,-0.14297451958457774,-0.16176074456379191,0.37500012329031535,0.03664921465968586,0.0618133866421499,0.700090406418219,0.0,72.75212146596861,0.03665267023639842,0.06744669886287942,0.7089422044560143,0.0
3-hydroxyhexanoate,Lipid,"Fatty Acid, Monohydroxy",-0.08464347371545729,-0.06687039358255863,-0.054526115534372775,-0.06803824919179331,-0.05831467764411182,-0.09954641341297044,-0.0963956509230983,-0.06341684923754413,0.37500012329031535,0.23167539267015708,0.11064831205087894,0.817133287661661,0.0,54.16603874345547,0.23167302284371508,0.11207609828805547,0.8096601337956247,0.0
3-hydroxyhexanoylcarnitine (1),Lipid,"Fatty Acid Metabolism (Acyl Carnitine, Hydroxy)",-0.07318650936090969,-0.058056387219090684,-0.03847976205948186,-0.05986852791401063,-0.036105855597028405,-0.0898455207692016,-0.07914541693776689,-0.034716473186881695,0.37500012329031535,0.23167539267015708,0.11452485192429637,0.8227392889993017,0.0,55.318274345549696,0.23167302284371508,0.11489926107776775,0.8120724761070449,0.0
3-hydroxyhexanoylcarnitine (2),Lipid,"Fatty Acid Metabolism (Acyl Carnitine, Hydroxy)",-0.11084491707059611,-0.08259193267446212,-0.06680314940005713,-0.08209322140570968,-0.08265824640412728,-0.10777666283847034,-0.09168707744637275,-0.0663111311853576,0.37500012329031535,0.10471204188481675,0.11374650870530431,0.6096890995649742,0.0,55.221290052356046,0.10471384362520386,0.11348318774327783,0.6145061023806183,0.0
3-hydroxyhippurate,Xenobiotics,Benzoate Metabolism,0.08659540233966267,0.11250950045483692,0.09424249365553332,0.11421131733891185,0.1051227573053051,0.1003320774696572,0.10699317636929949,0.09557989804056538,0.37500012329031535,0.337696335078534,1.9325102360906157,0.2957148127686283,0.0,49.11510994764399,0.3376837834020314,1.9468554176723287,0.29089241746993283,0.0
3-hydroxyindolin-2-one,Xenobiotics,Food Component/Plant,-0.07594876951228524,-0.07516777231102105,-0.06710992323732302,-0.07731891684953308,-0.06213883375387916,-0.07280353878868105,-0.07311227991438955,-0.0707874272013377,0.37500012329031535,0.23167539267015708,0.12090722706958834,0.8175777054399842,0.0,61.273608376963395,0.23167302284371508,0.12078213798687215,0.810498865581514,0.0
3-hydroxyisobutyrate,Amino Acid,"Leucine, Isoleucine and Valine Metabolism",-0.03466583803183668,-0.04633543839683142,-0.027609405566286736,-0.04131143043744685,-0.034882672750572004,-0.03885142806314539,-0.04066547114219935,-0.032534193938402546,0.37500012329031535,0.31282722513089,0.15905275284974613,0.8927894361261703,1.0,0.0,0.31282535279992807,0.15891881122872512,0.8834445258005422,1.0
3-hydroxylaurate,Lipid,"Fatty Acid, Monohydroxy",-0.07559694176489173,-0.0543567071825032,-0.039126601604159685,-0.05370866058577393,-0.053327746772117005,-0.10258066597143026,-0.09648363102479705,-0.05705696683449031,0.37500012329031535,0.23167539267015708,0.10086525984851033,0.8194712753397484,0.0,52.64332356020944,0.23167302284371508,0.10249792129755693,0.8118210707518618,0.0
3-hydroxymyristate,Lipid,"Fatty Acid, Monohydroxy",-0.07983111504054839,-0.05800755307446724,-0.06127968404604636,-0.05746043100042593,-0.05624545357622216,-0.09466412468776977,-0.09330460741747561,-0.0715000370473296,0.37500012329031535,0.23167539267015708,0.09504315346908451,0.8183176996088337,0.0,51.05280523560212,0.23167302284371508,0.09569619708421205,0.8105109777164025,0.0
3-hydroxyoctanoate,Lipid,"Fatty Acid, Monohydroxy",-0.12799041894006508,-0.09107222986403175,-0.09382761808014985,-0.09154211699944527,-0.10179838357883902,-0.13200784788574135,-0.12498399975843538,-0.09765645398891637,0.37500012329031535,0.27356020942408377,0.1075260516169958,0.9042308665639399,0.0,69.5353612565445,0.2735608716309051,0.1082222669058735,0.9028352679203628,0.0
3-hydroxyoctanoylcarnitine (1),Lipid,"Fatty Acid Metabolism (Acyl Carnitine, Hydroxy)",-0.03219989240009111,-0.008226676719923047,0.008930289825563098,-0.007850899395827636,-0.014438460643743715,-0.03154937873896495,-0.01769302325705862,0.0061097634331726105,0.37500012329031535,0.06806282722513088,0.08840176205124249,0.5814731648414437,0.0,64.9093340314136,0.06806117338880542,0.08888889876958711,0.5775131222370957,0.0
3-hydroxyoctanoylcarnitine (2),Lipid,"Fatty Acid Metabolism (Acyl Carnitine, Hydroxy)",-0.029653041608466376,-0.008110002578822818,0.009544696455236208,-0.007699224598290246,-0.014415718939470544,-0.033473883023066066,-0.022440868619819403,0.007392275026318664,0.37500012329031535,0.06806282722513088,0.08295479879659834,0.5821537986202198,0.0,62.07443979057594,0.06806117338880542,0.08282235208780708,0.5777120912024283,0.0
3-hydroxyoleate,,,-0.04051885867686721,-0.007820259944882191,-0.0033274729187476866,-0.008415651718611415,-0.022039962521161378,-0.03788778903801617,-0.040986599854667204,-0.02242661907059249,0.37500012329031535,0.06806282722513088,0.03457736697714719,0.5872268975956803,0.0,72.03208167539267,0.06806117338880542,0.036318057122450356,0.5801605543691397,0.0
3-hydroxyoleoylcarnitine,Lipid,"Fatty Acid Metabolism (Acyl Carnitine, Hydroxy)",-0.08254403406063951,-0.07815311145797699,-0.06437020514734453,-0.07878437160989796,-0.0617057453492239,-0.08054357317847535,-0.07287371901935681,-0.05242173724510923,0.37500012329031535,0.23167539267015708,0.09994494453060043,0.8340449182511953,0.0,57.311846073298426,0.23167302284371508,0.10037289639019809,0.8226728856919004,0.0
3-hydroxypalmitate,Lipid,"Fatty Acid, Monohydroxy",-0.10846567386043482,-0.08995126057286022,-0.09603466926697643,-0.08862317491787199,-0.08150355022001499,-0.10607881039520611,-0.1080955342261135,-0.09362367371350198,0.37500012329031535,0.10471204188481675,0.11772820994135114,0.6290676891720133,0.0,67.63513821989528,0.10471384362520386,0.11813329578234123,0.6330263733027831,0.0
3-hydroxypalmitoylcarnitine,Lipid,"Fatty Acid Metabolism (Acyl Carnitine, Hydroxy)",-0.07707185705378056,-0.06976944254332615,-0.06720433529312883,-0.07054207749714703,-0.05121905490924331,-0.08736804928825373,-0.0869422515406642,-0.050739593249030705,0.37500012329031535,0.23167539267015708,0.07956828585111696,0.8316967943373108,0.0,59.327281675392676,0.23167302284371508,0.07972007961129061,0.8206255460695587,0.0
3-hydroxyproline,,,-0.09631867628250101,-0.07566255588586784,-0.09252020540845814,-0.07725843689589247,-0.08208540220265785,-0.10198359378749508,-0.10120300302494922,-0.0771393978667706,0.37500012329031535,0.11649214659685864,0.7104551395233327,0.5708446879938385,0.0,75.41675916230366,0.11649010619309937,0.7092790916558177,0.5705266826580423,0.0
3-hydroxypyridine sulfate,Xenobiotics,Chemical,-0.02822408277132886,-0.023414682327422467,0.002611492936851184,-0.017998376019272146,-0.001577379347789593,-0.04101249909908936,-0.030289552937614726,-0.004957522158259096,0.37500012329031535,0.1950261780104712,0.12995569695791098,0.8184044090722769,0.0,60.66357382198956,0.19502035260731665,0.12965635975354797,0.8146943298085857,0.0
3-hydroxysebacate,Lipid,"Fatty Acid, Monohydroxy",-0.0391019597862834,-0.016522561806267377,-0.0040261221795917105,-0.01405029749605183,-0.011429974224124752,-0.03840919539475343,-0.03333920195082383,-0.014855804220907454,0.37500012329031535,0.06806282722513088,0.07231044925007202,0.584945097159103,0.0,70.30761989528796,0.06806117338880542,0.07273831469397003,0.5787018274426369,0.0
3-hydroxystachydrine,,,-0.14021354718842027,-0.13717488551226933,-0.15621789387594168,-0.13856152535718885,-0.15040355662378863,-0.13902025718161212,-0.1365971207689221,-0.1616702490423576,0.37500012329031535,0.03664921465968586,0.10148785193406767,0.6946600881100712,0.0,67.40835811518325,0.03665267023639842,0.10001039816356273,0.7065137434389462,0.0
3-hydroxystearate,Lipid,"Fatty Acid, Monohydroxy",-0.019982658476022687,-0.015139487630240664,-0.012794356830762956,-0.011978659595399663,-0.005286174882793328,-0.03556334950285254,-0.0333163043246065,0.0019378162437212374,0.37500012329031535,0.1950261780104712,0.07265814650495846,0.822366884004416,0.0,60.90060628272252,0.19502035260731665,0.07226223987409135,0.8211965029492766,0.0
3-indoleglyoxylic acid,Xenobiotics,Food Component/Plant,-0.03174778917378951,-0.016134176633568642,0.007475692993178416,-0.01410834117641432,0.000992435921695151,-0.03351712290100441,-0.03181626016423581,-0.0011824893275596533,0.37500012329031535,0.06806282722513088,0.12018648388335813,0.5836520583873868,0.0,69.55470785340319,0.06806117338880542,0.12043514326060371,0.576174619170916,0.0
3-indoxyl sulfate,Amino acid,Tryptophan Metabolism,0.038152425079287886,0.04981180864657576,0.054731864371819684,0.04828376226973739,0.04417995074068868,0.04564268965884871,0.03992187344208027,0.04798156728011193,0.37500012329031535,0.5562827225130891,14.315707178831213,0.10405313228585192,0.0,59.958284816753974,0.5562746382115387,246.31378793753015,0.09417247520479499,0.0
3-methoxycatechol sulfate (1),Xenobiotics,Benzoate Metabolism,-0.045097528409713095,-0.0034894243023164706,-0.0163864129002805,-0.0043195599440035,-0.024541962323365904,-0.03203203563355559,-0.03855794434304242,-0.013992777160348345,0.37500012329031535,0.06806282722513088,0.1032901896387487,0.5828115920079924,0.0,72.77950471204187,0.06806117338880542,0.1048736732779791,0.5770534525007536,0.0
3-methoxytyramine sulfate,Amino Acid,Tyrosine Metabolism,-0.0335208282790703,-0.02679182101243294,-0.007061013716096891,-0.02290697017291474,-0.012311476937039679,-0.041712398633699806,-0.038941545177388674,-0.029918408876767607,0.37500012329031535,0.06806282722513088,0.03176381368162363,0.5857836546989761,0.0,67.63569633507859,0.06806117338880542,0.032234526105816196,0.5800663178867907,0.0
3-methoxytyrosine,Amino Acid,Tyrosine Metabolism,-0.06405010807489452,-0.023209972725072657,-0.03381609358868631,-0.031999719483495774,-0.031114840534636066,-0.03742882882223413,-0.049144035365142474,-0.05063781205701485,0.37500012329031535,0.31282722513089,0.1639883519283123,0.889513728597408,1.0,0.0,0.31282535279992807,0.16384488852057424,0.8806949781004514,1.0
3-methyl catechol sulfate (1),Xenobiotics,Benzoate Metabolism,-0.02968642141256838,-0.006891481764437049,-0.005490044062264136,-0.005910432553807546,-0.014443979551056871,-0.03616321816192771,-0.03155986684298195,-0.0008687045571628708,0.37500012329031535,0.06806282722513088,0.10344802870715059,0.5820990410823543,0.0,74.12169214659689,0.06806117338880542,0.1026598271405182,0.5773200616158449,0.0
3-methyl-2-oxobutyrate,Amino Acid,"Leucine, Isoleucine and Valine Metabolism",-0.12106163787453773,-0.08584404785004149,-0.07364698765952177,-0.08396043319203719,-0.08553448330911714,-0.11565617668682494,-0.10532228220685179,-0.0781875405419361,0.37500012329031535,0.3468586387434555,0.32330413204471753,0.483126816574846,1.0,0.0,0.34685722357050225,0.3227836596336878,0.468293189978136,1.0
3-methyl-2-oxovalerate,Amino acid,"Valine, leucine and isoleucine metabolism",-0.17854627227893183,-0.1567376920329645,-0.1277782545222252,-0.15341297091992315,-0.13775254897389613,-0.18089438187048415,-0.15956338257206176,-0.1458035766133153,0.37500012329031535,0.412303664921466,0.41797146582109557,0.48464804331645744,0.0,49.44448272251306,0.4123053019505117,0.41818215784135204,0.478133181766402,0.0
3-methylcytidine,Nucleotide,"Pyrimidine Metabolism, Cytidine containing",-0.09925715855939175,-0.0787747526214571,-0.058651136385703996,-0.0790532260796173,-0.07571185336245218,-0.08682967036787435,-0.0873743686594342,-0.05915829474415101,0.37500012329031535,0.23167539267015708,0.15322583876503437,0.8044879632499244,0.0,57.27016020942406,0.23167302284371508,0.1529500486940588,0.800159355996327,0.0
3-methylglutaconate,Amino Acid,"Leucine, Isoleucine and Valine Metabolism",-0.019856794428725823,-0.015934531143675174,0.0003878487472687343,-0.015045552626204972,-0.0063261381968671305,-0.036936003572893124,-0.029446311301661542,-0.018717482914672703,0.37500012329031535,0.1950261780104712,0.07627010581127121,0.8226673879559002,0.0,64.47616020942411,0.19502035260731665,0.07597419402419561,0.8210409355630954,0.0
3-methylglutarylcarnitine (1),Amino Acid,"Leucine, Isoleucine and Valine Metabolism",0.15277529937869927,0.1519656043756812,0.15054613200656933,0.15138298838034747,0.16807469582906673,0.1476094641551969,0.1424041207951004,0.14695746215411593,0.37500012329031535,0.18324607329842932,0.10632359044590917,0.637298483261066,0.0,68.63421361256545,0.1832479422679353,0.10679719836826662,0.654505045240906,0.0
3-methylglutarylcarnitine (2),Amino Acid,"Leucine, Isoleucine and Valine Metabolism",0.11588022281779568,0.12470877847236714,0.12815841265155473,0.1244842028279723,0.13283216070758402,0.1087419856559326,0.12068973724586321,0.13571260826928264,0.37500012329031535,0.3782722513089005,0.7734284355621215,0.5797064656148659,0.0,63.95608376963352,0.378268294875252,0.7742794681154893,0.6073014612025882,0.0
3-methylhistidine,Amino acid,Histidine Metabolism,0.2216769527163854,0.1523160389178318,0.17076799887656471,0.15598772881727588,0.15448507594256508,0.18221486611837084,0.14901007798964694,0.1831110745168468,0.37500012329031535,0.8089005235602094,0.917291601456259,0.5476653876311196,0.0,75.28870471204186,0.8088999319439628,0.9226432831398036,0.5418647200370014,0.0
3-methylxanthine,Xenobiotics,Xanthine Metabolism,-0.03961620659896116,0.001901311146169002,0.0019792419235737215,0.0008918427346625627,-0.018098162267385885,-0.03446069114518037,-0.039621968775868696,-0.005960467474994338,0.37500012329031535,0.06806282722513088,0.07381486067722992,0.5850789437255437,0.0,74.10067643979055,0.06806117338880542,0.07428873686723349,0.5784367700244238,0.0
3-phosphoglycerate,Carbohydrate,"Glycolysis, Gluconeogenesis, and Pyruvate Metabolism",0.07984783561151969,0.09907398991379464,0.11969898520854796,0.098798512147584,0.09436245354585254,0.15168424955117477,0.12990963375169037,0.12347323751612946,0.37500012329031535,0.7447643979057592,7.355468756267559,0.08358706998366318,0.0,67.42135811518322,0.7447628953349512,7.751214641458124,0.09761897519719843,0.0
3-phosphoglycerate (isobar with 2-phosphoglycerate),Carbohydrate,"Glycolysis, Gluconeogenesis, and Pyruvate Metabolism",-0.161386671951485,-0.15593909065756897,,-0.15396214834950067,,-0.15929602029619305,-0.17017221736995525,,0.37500012329031535,0.02356020942408377,0.08785923368888947,0.5540877803797889,0.0,84.52424712041889,0.02356022959281945,0.09067814938684103,0.6179853042236699,0.0
3-sulfo-L-alanine,Amino Acid,"Methionine, Cysteine, SAM and Taurine Metabolism",-0.03327454088483226,-0.01873611019602558,0.0009943334624853703,-0.01662008697121559,-0.006177599104406864,-0.04471901921684507,-0.04789334728739719,0.00266942118641751,0.37500012329031535,0.1950261780104712,0.08424952527950055,0.82180726124827,1.0,0.0,0.19502035260731665,0.08406627925664172,0.8211779254362673,1.0
3-sulfo-nervonoyl-galactosylceramide (d18:1/24:1),Lipid,Glycosphingolipid Sulfates,-0.02648934699842326,-0.03723455784411474,0.004645979380262288,-0.04026840891282035,-0.010746813321966232,-0.02599514959171537,-0.02973345226086724,-0.0021269340600290174,0.37500012329031535,0.1950261780104712,0.13824435344992503,0.815910180459058,0.0,60.2538073298429,0.19502035260731665,0.13804964980527365,0.8148031180737147,0.0
3-sulfo-palmitoyl-galactosylceramide (d18:1/16:0),Lipid,Glycosphingolipid Sulfates,-0.020921376360365476,-0.022651273248397,0.015027544257737346,-0.02267660874682873,-0.0008061340330395759,-0.023762694909363925,-0.029085169325650764,-0.005079747470630299,0.37500012329031535,0.1950261780104712,0.10627220001728169,0.8172065280062335,0.0,68.39237801047119,0.19502035260731665,0.10574835969868646,0.8187532687825186,0.0
3-ureidoisobutyrate,Nucleotide,"Pyrimidine Metabolism, Uracil containing",-0.12529380074842758,-0.15213488062952613,-0.16171549680307476,-0.1519784714833068,-0.17302743698236092,-0.1325532887597853,-0.1409029117339063,-0.15017731782020288,0.37500012329031535,0.03664921465968586,0.09163001385884742,0.6943619008684332,1.0,0.0,0.03665267023639842,0.0935323717725814,0.7054805680590576,1.0
3-ureidopropionate,Nucleotide,"Pyrimidine Metabolism, Uracil containing",-0.005204663882226354,0.012901060641949855,0.039520281894714016,0.012953873328358984,0.044632482756901695,-6.707471355464287e-06,0.003467584616314272,0.08496886435193193,0.37500012329031535,0.4568062827225131,0.7138173293836703,0.5171762845640284,1.0,0.0,0.4568088138988404,0.7148489825910799,0.5503838702466077,1.0
3PG,,,-0.106724494568548,-0.12989106816948254,-0.10096992682097758,-0.1299351752162344,-0.12193717280189482,-0.11009516850247636,-0.12141900611757159,-0.1085580164380042,0.37500012329031535,0.048429319371727744,0.10616300066533219,0.5459205910286965,1.0,0.0,0.04842893280429395,0.10965409803431471,0.5619710156390174,1.0
"3beta,7beta-dihydroxy-5-cholestenoate",Lipid,Sterol,-0.02988206851459805,-0.01975916306149674,-0.007623418917379671,-0.01681140048125154,0.0033936363707893005,-0.03575451182110962,-0.04248054234766331,-0.03151909816366028,0.37500012329031535,0.06806282722513088,0.1181970853563436,0.5818680008416297,0.0,66.79296963350785,0.06806117338880542,0.1178715629980815,0.5764097245269609,0.0
3beta-hydroxy-5-cholestenoate,Lipid,Sterol/Steroid,-0.030146061001037876,-0.021932803737497623,-0.00851335858055494,-0.019526861468614296,-0.001708196966995767,-0.0373455948822991,-0.04042154540037417,-0.011892547466969862,0.37500012329031535,0.06806282722513088,0.1570982509888249,0.5775666794592431,0.0,68.33629842931933,0.06806117338880542,0.15752344060959958,0.5725430838572184,0.0
4-Acetylbutyrate,,,-0.11391605586686178,-0.10915579886564859,-0.1272687722959286,-0.10915579886564859,-0.11652414491385767,-0.11437946059542155,-0.11756229787608474,-0.12308983695700965,0.37500012329031535,0.048429319371727744,4.346194167080973,0.14419695786753822,0.0,81.77647329842928,0.04842893280429395,5.4047757517568025,0.1476889038489451,0.0
4-acetamidobenzoate,Xenobiotics,Chemical,-0.027031989050996838,-0.013348983935125593,-0.010271891788389652,-0.014938825714540688,-0.014364526316462314,-0.027432766510784103,-0.02492959521822418,-0.00733012388332943,0.37500012329031535,0.06806282722513088,0.11302769185262104,0.5805402172949357,0.0,65.01078952879583,0.06806117338880542,0.11252915857278484,0.5778710577860068,0.0
4-acetamidobutanoate,Amino acid,Guanidino and Acetamido Metabolism,-0.07359363454857357,-0.0780592941098815,-0.060166226045589945,-0.07837454637261339,-0.08166075689689731,-0.0742579714084331,-0.07333944260065266,-0.0518781420548386,0.37500012329031535,0.21858638743455497,0.2895171893398641,0.7893928012227178,1.0,0.0,0.2185805822001361,0.28890911220966786,0.7727532464589869,1.0
4-acetamidophenol,Xenobiotics,Drug,0.060960418014434095,0.05483085164201922,0.06754405384356231,0.060512783847075424,0.060722657197870844,0.04198247122690841,0.026245181491048906,0.11221080277875459,0.37500012329031535,0.41492146596858637,0.7384559559173751,0.5027335380129851,1.0,0.0,0.4149209651116505,0.7387191619664285,0.5353323610048129,1.0
4-acetamidophenylglucuronide,Xenobiotics,Drug,-0.02943107783476142,-0.007410373747168171,-0.00283478073390436,-0.00671681198198306,-0.026310106541615544,-0.029862402568990625,-0.03036831193986069,-0.009312033499431674,0.37500012329031535,0.1950261780104712,0.10135198420288839,0.8246251168259742,1.0,0.0,0.19502035260731665,0.10092991474457806,0.8206982137085532,1.0
4-acetaminophen sulfate,Xenobiotics,Drug,-0.09749910181197805,-0.054486518146746515,-0.055661425061289974,-0.06526059409522983,-0.06485491576668767,-0.09184349344875313,-0.09036940828671335,-0.07126576584149422,0.37500012329031535,0.33638743455497383,0.18805988336795132,0.8861823918331618,1.0,0.0,0.3363855823927476,0.1878971322271937,0.8889426888037851,1.0
4-allylphenol sulfate,Xenobiotics,Food Component/Plant,0.11187398796142396,0.11832583784352203,0.11038664910911389,0.11800796652264535,0.10604989703497993,0.1154222928709187,0.12077405113422245,0.12683581286716536,0.37500012329031535,0.2513089005235602,0.5128016275076857,0.5989790398532695,0.0,60.96841780104714,0.25130911565674074,0.5120687467789419,0.6232761255408206,0.0
4-aminophenol sulfate (2),Xenobiotics,"Drug - Analgesics, Anesthetics",-0.032374578994841294,-0.0073757183043792,-0.01905818253808078,-0.007878256048457499,-0.0041697089233080995,-0.0394873191051355,-0.03720199578149152,-0.010095270895439639,0.37500012329031535,0.06806282722513088,0.06688759374543383,0.5848103364780772,0.0,71.06318324607331,0.06806117338880542,0.06806421885452123,0.5803010278882598,0.0
"4-androsten-3beta,17beta-diol disulfate (1)",Lipid,Sterol/Steroid,0.08552075805354753,0.15689105063420775,0.19225345183610246,0.15663531000154085,0.1297248772956007,0.17726256500661128,0.1403619739589962,0.20658820572874814,0.37500012329031535,0.8547120418848168,9.944612550472627,0.15229927447559796,1.0,0.0,0.8547067812062612,7.8148308015763455,0.1334839110683137,1.0
4-cholesten-3-one,Lipid,Sterol/Steroid,-0.0807566342062227,-0.08368230812482946,-0.0378335962182746,-0.08240011006545138,-0.059468460336405786,-0.08470725118149124,-0.08960785867036314,-0.054866934634538345,0.37500012329031535,0.23167539267015708,0.11350785073976404,0.825990045285627,0.0,59.25719162303665,0.23167302284371508,0.11324639227567813,0.8163314098646824,0.0
4-ethylphenylsulfate,Xenobiotics,Benzoate Metabolism,0.09862426978734319,0.11240098888094216,0.10905558825973621,0.11196892431033452,0.1010245932274,0.09920800841248754,0.09951816173635644,0.12539401398891373,0.37500012329031535,0.2513089005235602,0.5147805406080486,0.5926100064311324,0.0,58.14664607329844,0.25130911565674074,0.5147439833212426,0.6224967713828803,0.0
4-guanidinobutanoate,Amino Acid,Guanidino and Acetamido Metabolism,0.012026751447675194,0.011955812197564442,-0.003902823060862701,0.008458100009361591,0.0035046014150710444,-0.001802273400517832,0.012203666307156287,0.02044432061558597,0.37500012329031535,0.42801047120418845,1.2319352385768465,0.3267297316060521,0.0,59.420675392670105,0.4280018490696868,1.2450143199437713,0.3131746340809792,0.0
4-hydroxy-2-oxoglutaric acid,Lipid,"Fatty Acid, Dicarboxylate",0.1993133451341024,0.21841649388419682,0.2043410644972197,0.2166158689758466,0.20955201539503387,0.2122830327185823,0.21783498925213324,0.2044315756338988,0.37500012329031535,0.11910994764397906,0.6196370273630897,0.46026945707799527,1.0,0.0,0.11910320120189528,0.6109595988426367,0.4915911546105948,1.0
4-hydroxybutyrate (GHB),Lipid,"Fatty Acid, Monohydroxy",0.12605107967049203,0.15484922484293492,0.14563138215032317,0.1531685120440782,0.141583489051878,0.11484306671595244,0.11961566590388885,0.13894284714222158,0.37500012329031535,0.7277486910994764,13.366251371808257,0.10010283735193447,0.0,82.4683769633508,0.7277476019877499,15.977775139410598,0.10070835735270113,0.0
4-hydroxychlorothalonil,Xenobiotics,Chemical,-0.03671776881144924,-0.019282887703943107,-0.008483908549289054,-0.018360897145135984,-0.015235815879062095,-0.032196438234097485,-0.03312089866002691,-0.02610865006635225,0.37500012329031535,0.06806282722513088,0.08048107184072702,0.5840715539362924,0.0,65.05246073298426,0.06806117338880542,0.08534893191137903,0.5791657798826632,0.0
4-hydroxyglutamate,Amino Acid,Glutamate Metabolism,-0.11332627692972022,-0.11493036823459493,-0.05261512536629366,-0.11699396104207095,-0.06106670827096895,-0.1370339491619615,-0.1301325459187758,-0.08200601520944649,0.37500012329031535,0.27356020942408377,0.15025771473462476,0.915967770804887,0.0,54.31476649214662,0.2735608716309051,0.1497593569436365,0.9042857952598305,0.0
4-hydroxyhippurate,Xenobiotics,Benzoate Metabolism,0.12095848343748174,0.12453761902021651,0.13062080099462964,0.12458017143434669,0.1311831192552907,0.10697337449041366,0.09670425668004959,0.12018582813407529,0.37500012329031535,0.3782722513089005,0.716138259262838,0.5611624071864562,0.0,60.711404188481694,0.378268294875252,0.7166842539134937,0.5939663100249636,0.0
4-hydroxyphenylacetate,Amino acid,Phenylalanine and Tyrosine Metabolism,-0.12023941911960656,-0.10818142179815356,-0.14220316706892494,-0.10795633853952724,-0.14022260615401924,-0.11535140791936203,-0.11557142372734659,-0.13273784192895283,0.37500012329031535,0.041884816753926704,0.03152614110954057,0.4777579247845397,1.0,0.0,0.04188784878719006,0.040590327428886214,0.4938728955085511,1.0
4-hydroxyphenylacetylglutamine,Peptide,Acetylated Peptides,-0.027491675741729883,-0.020608091534120805,-0.010951002848630783,-0.020611057153855177,-0.008676832421313558,-0.02315228550771492,-0.027144469256352787,-0.01769539304602901,0.37500012329031535,0.06806282722513088,0.08338570049165048,0.5842823889459994,0.0,69.19329528795811,0.06806117338880542,0.08456182694863794,0.5787839894269946,0.0
4-hydroxyphenylpyruvate,Amino acid,Phenylalanine and Tyrosine Metabolism,-0.1383452526546134,-0.13131737821479694,-0.1233939186555124,-0.13126499121175175,-0.1149692684940374,-0.15180502919529518,-0.14628006107626584,-0.09611640018308151,0.37500012329031535,0.5104712041884817,36.34312310392184,0.09863438433142135,1.0,0.0,0.5104677889492405,13.88679157701767,0.0645457185893552,1.0
4-imidazoleacetate,Amino Acid,Histidine Metabolism,-0.08546812385668792,-0.07025416283340623,-0.029479504757380162,-0.07165187296700856,-0.06413011407302133,-0.08494587693810501,-0.07715954991133472,-0.03499280389372579,0.37500012329031535,0.23167539267015708,0.15849995398001177,0.8216097928350049,1.0,0.0,0.23167302284371508,0.15836267843127125,0.8135030115442818,1.0
4-methyl-2-oxopentanoate,Amino acid,"Valine, leucine and isoleucine metabolism",-0.2485572737161875,-0.21864144506526528,-0.21975375737833092,-0.2179997797952266,-0.1902357963428289,-0.23436931794377808,-0.22572979257708,-0.19926321057954743,0.37500012329031535,0.5196335078534031,5.585817963678712,0.11702480285649021,1.0,0.0,0.5196322405845115,5.714526542018135,0.13353414727242532,1.0
4-methylcatechol sulfate,Xenobiotics,Benzoate Metabolism,-0.08146829547329697,-0.0789406053161209,-0.053532225132426635,-0.07418642027922157,-0.05404098353661624,-0.08600254622062439,-0.08911494771828665,-0.06085340753203793,0.37500012329031535,0.23167539267015708,0.12319379093506806,0.8277127110716183,0.0,49.865380104712045,0.23167302284371508,0.12312121382378778,0.8185626395415456,0.0
4-nitrophenol,Xenobiotics,Benzoate Metabolism,-0.1577329702728756,-0.14674911831574372,,-0.1467666612441561,,-0.16256287381014534,-0.16147361509960237,,0.37500012329031535,0.02356020942408377,0.05612866562498746,0.5565698058993669,1.0,0.0,0.02356022959281945,0.056653507309581,0.6165784789747345,1.0
4-quinolinecarboxylic acid,Xenobiotics,Chemical,-0.02480347105719342,-0.016078131178267813,0.00010110067276253358,-0.017554803639905112,0.0021739261367239747,-0.021819982282465813,-0.021045589668204755,-0.006329409600664546,0.37500012329031535,0.06806282722513088,0.10623391872570524,0.5853151419124514,0.0,68.5307246073298,0.06806117338880542,0.10565667974733782,0.5770967809922706,0.0
4-vinylphenol sulfate,Xenobiotics,Benzoate Metabolism,0.14735836046637196,0.1710757249211763,0.1693652472180594,0.17310841575102112,0.16184727995458453,0.1686645603013404,0.17276271762366546,0.1681626955048488,0.37500012329031535,0.18717277486910994,0.920321202256926,0.4572315109415863,0.0,62.525442931937164,0.1871643745907007,0.9211182683775091,0.48564041722833845,0.0
"5,6-dihydrothymine",Nucleotide,"Pyrimidine Metabolism, Thymine containing",0.11910108600271566,0.12833902518887963,0.14693546257713863,0.1246507363028746,0.14889188959258526,0.07731515711524344,0.07988643863528737,0.14025751197354433,0.37500012329031535,0.3324607329842932,0.6400240069504657,0.5434895715403304,1.0,0.0,0.33246144561295377,0.6404602269756742,0.595256275141259,1.0
"5,6-dihydrouracil",Nucleotide,"Pyrimidine Metabolism, Uracil containing",0.004665835108173327,-0.015892683045897398,-0.0014571120437324174,-0.013925921696078541,-0.01618063312846708,0.003388604938936041,0.0009262311300836226,-0.004693610017474567,0.37500012329031535,0.47643979057591623,6.043101332784888,0.09670735573607381,1.0,0.0,0.47643848633100916,6.78980817063499,0.11788226353333565,1.0
"5,6-dihydrouridine",Nucleotide,"Pyrimidine Metabolism, Uracil containing",-0.08037783330706035,-0.07244347454492439,-0.06965563344176362,-0.07089895319669441,-0.07268829090053422,-0.08855431200967341,-0.07715884569988354,-0.06002251594199835,0.37500012329031535,0.23167539267015708,0.07537233845018212,0.8225099737619829,0.0,59.87130471204187,0.23167302284371508,0.07537460426855225,0.8129984257558237,0.0
5-(galactosylhydroxy)-L-lysine,Amino Acid,Lysine Metabolism,-0.09413210220233147,-0.061550138561508295,-0.045320107320961485,-0.060076515146562794,-0.06623409001160105,-0.09688694960158918,-0.09606376347890182,-0.0512817280459913,0.37500012329031535,0.23167539267015708,0.10295649362155512,0.8222350682536699,0.0,48.27602094240836,0.23167302284371508,0.10305111911404309,0.8129689535927073,0.0
5-HETE,Lipid,Eicosanoid,-0.11672906690321297,-0.12661078742402507,-0.12375295060303242,-0.12304255157717306,-0.12466547635319518,-0.12691083845649975,-0.11464263699465833,-0.11739286308041647,0.37500012329031535,0.041884816753926704,0.11795747980874408,0.47184709482204773,0.0,79.00154869109949,0.04188784878719006,0.11444265746138131,0.49078064888475775,0.0
5-acetylamino-6-amino-3-methyluracil,Xenobiotics,Xanthine Metabolism,-0.02803470203743632,-0.017956938504099552,0.0009277949268433727,-0.01372910660578366,-0.013102774061456837,-0.03154052351341767,-0.031048807283471033,-0.011621518369320969,0.37500012329031535,0.06806282722513088,0.09361178758177888,0.5851986271448029,0.0,67.39765863874348,0.06806117338880542,0.0940020675698245,0.57647031485412,0.0
5-aminovalerate,Amino Acid,Lysine Metabolism,-0.13307274168915942,-0.16122132767534758,-0.13043074540030203,-0.16217611864762294,-0.13066885945735607,-0.14624262582118022,-0.1262547166550342,-0.16363509498874726,0.37500012329031535,0.4620418848167539,10.180278810121745,0.15996354646475028,0.0,51.684322513089015,0.462040140221118,12.295155655147816,0.11206677388165069,0.0
5-dodecenoate (12:1n7),Lipid,Medium Chain Fatty Acid,-0.15296052822399994,-0.14020463330972383,-0.15419117339726984,-0.14034250423969244,-0.14528539586919426,-0.1658385341895591,-0.17304388766571696,-0.12277065697257779,0.37500012329031535,0.32591623036649214,17.707184715199332,0.13665368534433023,0.0,47.90312774869108,0.32590880491030727,20.125599406786193,0.11127745263407733,0.0
5-dodecenoylcarnitine (C12:1),Lipid,"Fatty Acid Metabolism (Acyl Carnitine, Monounsaturated)",-0.07583145344408011,-0.07169097583927936,-0.044991742378008764,-0.06965233042335932,-0.06823366998322089,-0.07610748580106859,-0.08471301459626289,-0.03959341261031386,0.37500012329031535,0.23167539267015708,0.09926835349540743,0.8337361584743828,0.0,55.197163350785374,0.23167302284371508,0.10087507417818398,0.8232079041299537,0.0
5-hydroxylysine,Amino Acid,Lysine Metabolism,-0.12063051433289113,-0.10147066899399385,-0.08864441216767209,-0.09811587146574288,-0.09565451891510604,-0.1407411615927798,-0.14487692277015368,-0.0837449388176112,0.37500012329031535,0.2801047120418848,0.5823230286186479,0.7121768773416015,1.0,0.0,0.28010195564800905,0.5834346144278693,0.7068172112711038,1.0
5-methyltetrahydrofolate (5MeTHF),Cofactors and Vitamins,Folate Metabolism,-0.12092891094995234,-0.10017989873241795,-0.10158247406452585,-0.10036408921444075,-0.1116671831184546,-0.13616901778980697,-0.12269069905948539,-0.12851802351574237,0.37500012329031535,0.1505235602094241,24.654973590986316,0.05440352389398012,1.0,0.0,0.1505194088113307,78.22470406987925,0.05018617542671527,1.0
5-methylthioadenosine (MTA),Amino acid,Polyamine metabolism,0.049011583296435464,0.05141203530740634,0.044831030730317155,0.04591861337820898,0.02264771786471989,0.028486634354299593,0.01326966585164785,0.05508931527557937,0.37500012329031535,0.6845549738219895,19.786289470257742,0.10367704139306241,1.0,0.0,0.6845499955057335,12.334070218958198,0.07215827936305007,1.0
5-methylthioribose,Amino Acid,"Methionine, Cysteine, SAM and Taurine Metabolism",-0.08619046875275205,-0.07364251701065075,-0.03162773927117907,-0.07084876228813719,-0.06126418886622332,-0.0861949627337235,-0.0938549764644056,-0.055941089319408374,0.37500012329031535,0.23167539267015708,0.12082352517331726,0.8162518861903367,0.0,54.957015706806274,0.23167302284371508,0.1208808067106902,0.8093581138350415,0.0
5-methyluridine (ribothymidine),Nucleotide,"Pyrimidine Metabolism, Uracil containing",0.012836904824116617,0.017655449043259105,0.06259692155182187,0.017529630099810244,0.021424293842005844,-0.0009121420642856623,-0.0071794635114036075,0.07185249315279914,0.37500012329031535,0.43848167539267013,0.7178777279471378,0.49405255886672983,0.0,61.95899581151838,0.43848119470446983,0.7179344554011816,0.5293398604469955,0.0
5-oxoETE,Lipid,Eicosanoid,-0.1139181249389652,-0.12053903175741185,-0.12197645939274668,-0.12040650419935034,-0.12527579256219584,-0.12904973213454016,-0.12031992490389185,-0.12010699743226484,0.37500012329031535,0.041884816753926704,0.09357967344577185,0.4741215018248235,0.0,75.67625445026181,0.04188784878719006,0.09295082939698047,0.49337161568653043,0.0
5-oxoproline,Amino acid,Glutathione Metabolism,0.057628296225701,0.09396614868286732,0.09644108135842304,0.09094969456055531,0.07910022756506475,0.0833971946801334,0.06810059388469522,0.11329832800726632,0.37500012329031535,0.8167539267015707,6.796198073665236,0.17152085218448648,1.0,0.0,0.8167520577320646,6.914369738108239,0.13833002474259873,1.0
"5alpha-androstan-3beta,17beta-diol disulfate",Lipid,Androgenic Steroids,-0.023814093022359407,-0.02032398111546677,0.0178436078680958,-0.016947302220661493,0.0038574544170546965,-0.03629197413817473,-0.040389005169101266,0.005831347292506539,0.37500012329031535,0.1950261780104712,0.12645369043494897,0.8156726918813054,0.0,53.19835392670155,0.19502035260731665,0.1256019998024581,0.814659684046877,0.0
"5alpha-pregnan-3beta,20alpha-diol disulfate",Lipid,Sterol/Steroid,-0.030631041607296947,-0.0032557588415347964,0.0013189078353405652,-0.0005982780988182868,-0.02307826246570033,-0.031969248316244245,-0.024012058825036518,0.0051791931937436,0.37500012329031535,0.06806282722513088,0.10745418270600254,0.5831111147504592,0.0,62.71394973821988,0.06806117338880542,0.10728312264032987,0.5792148387447379,0.0
6'-sialyllactose,Carbohydrate,"Fructose, mannose, galactose, starch, and sucrose metabolism",0.03033560987559539,0.04511391631221634,0.04191359412634769,0.047022992548110855,0.044818934191703144,0.02943086992847381,0.03548751038191096,0.04518099104679992,0.37500012329031535,0.24345549738219896,2.3302766573692306,0.21088236267587204,0.0,70.72774031413613,0.2434492854116106,2.3640674917853564,0.20893091947014494,0.0
6-hydroxyindole sulfate,Xenobiotics,Chemical,-0.031712949199517476,-0.01634440259719847,-0.003488837521941221,-0.012045046928818415,-0.013444898738085248,-0.028439294780571094,-0.03094157113012358,-0.010591369914319259,0.37500012329031535,0.06806282722513088,0.08970262968161663,0.5846522964644245,0.0,68.94187434554975,0.06806117338880542,0.09031682254220165,0.5768408962426012,0.0
6-keto prostaglandin F1alpha,Lipid,Eicosanoid,-0.15447175810186176,-0.1440996086583857,-0.14567967640960994,-0.15004599667851162,-0.13813781734742245,-0.16568491468267166,-0.16446186017779324,-0.15458632172622938,0.37500012329031535,0.14528795811518325,0.6341659756633152,0.2902775180710445,1.0,0.0,0.14528679841288186,0.6367688209906208,0.27404296419203306,1.0
6-oxopiperidine-2-carboxylate,Amino Acid,Lysine Metabolism,-0.09991388148986127,-0.08050299113365007,-0.07487169167898863,-0.08156399768465734,-0.08601738524418777,-0.1085685343442277,-0.10921133137032403,-0.07790990513903094,0.37500012329031535,0.10471204188481675,0.20610809726943652,0.651114521523417,0.0,63.118434554973845,0.10471384362520386,0.20597238271892795,0.6593636466879441,0.0
6-phosphogluconate,Carbohydrate,"Nucleotide sugars, pentose metabolism",-0.046886302836276504,0.00048486746530402566,-0.02596818861332079,-0.0026610696175881493,0.002388720325694116,-0.03731766697319965,-0.02379821573946488,-0.021911313566609178,0.37500012329031535,0.7840314136125655,4.448512338244232,0.12894948664220263,1.0,0.0,0.7840325128086598,4.475445118257211,0.13764246491473595,1.0
6-sialyl-N-acetyllactosamine,Carbohydrate,Aminosugar Metabolism,0.20007443576942496,0.21369573672366166,0.19997718849640914,0.20947960648569056,0.21213332011824657,0.2194851888793444,0.2136209067006831,0.20903363563935282,0.37500012329031535,0.11910994764397906,2.6170503845284436,0.19904467160081754,0.0,72.84031518324608,0.11910320120189528,2.656594554011715,0.20232146865947928,0.0
"7,8-dihydroneopterin",,,0.03961230066623451,0.024753689513246867,0.0173872729642593,0.026616012479086265,0.0244518697236942,0.02948437630968501,0.02766754637266966,0.03751462555961702,0.37500012329031535,0.08115183246073299,0.08908029903117862,0.8475291797398872,1.0,0.0,0.081152329956213,0.08976257127030986,0.8459114441368984,1.0
7-alpha-hydroxy-3-oxo-4-cholestenoate (7-Hoca),Lipid,Sterol/Steroid,0.1553238710851288,0.20729784765300668,0.2056281147167898,0.20618321696983838,0.20946492563733624,0.16695940806737722,0.20455072092912094,0.1966712607706795,0.37500012329031535,0.8193717277486912,12.611064517742452,0.13271415929203936,0.0,84.0899643979057,0.8193690049693748,14.004707067855996,0.11484731160846597,0.0
7-alpha-hydroxycholesterol,Lipid,Sterol/Steroid,-0.10985791321554403,-0.1236370846453946,-0.13384031340132513,-0.12641770199330832,-0.13855488416909997,-0.12387046000739825,-0.11072477549900317,-0.1371801256131463,0.37500012329031535,0.041884816753926704,0.17289904541483905,0.4753339811312884,1.0,0.0,0.04188784878719006,0.1726205929071226,0.48975575189857096,1.0
7-beta-hydroxycholesterol,Lipid,Sterol/Steroid,-0.042974918114039286,-0.05338619515815382,-0.06059881195915882,-0.05373464721008357,-0.04705095417588802,-0.044468009995810735,-0.04452286132645146,-0.04310565688847822,0.37500012329031535,0.12172774869109948,0.27070471118662764,0.36725158212875575,1.0,0.0,0.1217342732770908,0.27574108650931056,0.4006821058111183,1.0
7-hydroxycholesterol (alpha or beta),Lipid,Sterol/Steroid,-0.01612389179123588,-0.017609573199808774,-0.003982047567193468,-0.01811104185499678,-0.006480878996928411,-0.026874705507654674,-0.02968189093149393,-0.012375027216766385,0.37500012329031535,0.12696335078534032,0.07920198708627074,0.6351849292780467,0.0,66.51093926701569,0.12695917921851127,0.08044952619277983,0.6141750236712942,0.0
7-methylguanine,Nucleotide,"Purine Metabolism, Guanine containing",-0.0864652038781199,-0.06767625521726814,-0.05291631044844635,-0.06287344188958359,-0.06370520367993934,-0.08248084034883484,-0.07875205924663312,-0.04989089530198434,0.37500012329031535,0.23167539267015708,0.11756880441290679,0.8140146231840489,0.0,56.008475392670164,0.23167302284371508,0.11728327001881815,0.8076985986203328,0.0
7-methylurate,Xenobiotics,Xanthine Metabolism,-0.02987380788544247,-0.011977142260584208,-0.011726901805624934,-0.00826544182800615,-0.006429995771998624,-0.031553693285646,-0.03442785281523432,-0.007018821505053821,0.37500012329031535,0.1950261780104712,0.17196409565744167,0.8111560423179238,0.0,56.311167539267046,0.19502035260731665,0.17074602674120434,0.8066907363704988,0.0
7-methylxanthine,Xenobiotics,Xanthine Metabolism,-0.04010693368137325,-0.0044763571756275275,-0.011627417890931581,-0.003494324711396254,-0.014774463773754666,-0.035157208017039775,-0.03921784705536942,-0.005673341564348742,0.37500012329031535,0.06806282722513088,0.0666200534638105,0.5848320845320449,0.0,72.90490890052351,0.06806117338880542,0.06668745554442378,0.5789288724307479,0.0
"9,10-DiHOME",Lipid,"Fatty Acid, Dihydroxy",-0.07554473664131121,-0.06858430830810869,-0.06630544641784245,-0.06652076939353135,-0.07552847968692124,-0.07850015521501981,-0.08612321162042316,-0.054905074580066604,0.37500012329031535,0.16230366492146597,0.4961279770078155,0.3144150810259327,1.0,0.0,0.16229695545539763,0.4928148034118629,0.32933295602499485,1.0
ADP-glucose,,,-0.12007826858942393,-0.11296960702395646,-0.11555827598665346,-0.11300014267170774,-0.11559669058549116,-0.10788893318444709,-0.11410894608785077,-0.11619618828717591,0.37500012329031535,0.048429319371727744,0.235448017901293,0.5336686570389482,1.0,0.0,0.04842893280429395,0.2353057835075358,0.5495866779621842,1.0
ADSGEGDFXAEGGGVR,,,-0.03708800830370198,-0.004101674117637313,0.004212179135332894,-0.004778406338519325,-0.01895072243476487,-0.03859583026369064,-0.034581367144393915,-0.00017779445370051197,0.37500012329031535,0.06806282722513088,0.13137510110744682,0.583832355347251,0.0,70.50919685863872,0.06806117338880542,0.12951508293042716,0.5754716076716018,0.0
AICA ribonucleotide,Nucleotide,"Purine Metabolism, (Hypo)Xanthine/Inosine containing",0.10391438007697044,0.09682485555837275,0.12933022312300077,0.09758342933844123,0.10747352184749634,0.10118488962243323,0.09517985199163896,0.10083371610060053,0.37500012329031535,0.2879581151832461,0.47477793485172526,0.5510132561572056,0.0,69.2112523560209,0.2879605018169678,0.4746847667278202,0.5981665114881384,0.0
AMP,Nucleotide,"Purine Metabolism, Adenine containing",-0.028533703417478597,-0.027284510361564488,-0.005838781912310899,-0.029548451779637504,-0.016526685127823185,-0.03006955122427915,-0.03512101777787932,-0.004838273795723805,0.37500012329031535,0.06806282722513088,0.07695297474673211,0.5838036575722265,0.0,66.41239790575915,0.06806117338880542,0.07725480128861174,0.5790752825344557,0.0
Ac-Ser-Asp-Lys-Pro-OH,Peptide,Polypeptide,-0.10351271269682123,-0.10822442674938429,-0.08043713096815955,-0.10531777737000345,-0.10346196909958345,-0.10407250185952444,-0.10092063866963405,-0.09157675693489775,0.37500012329031535,0.14659685863874344,0.19537021867440707,0.7722157412084878,0.0,57.83594659685859,0.1466004083362225,0.19730543199397785,0.7870077431017188,0.0
Acetohydroxamate,,,-0.11455042725054972,-0.11993503331517093,-0.11279687327334371,-0.1199553904136718,-0.11849701164690396,-0.11452434192303397,-0.11053451304646854,-0.11531176660314038,0.37500012329031535,0.048429319371727744,0.1721206336263715,0.54081518810939,0.0,85.63740732984293,0.04842893280429395,0.17937139854751247,0.5562137571734023,0.0
BMP(18:1/18:1),Lipid,Bis(monoacylglycero)phosphate (BMP),-0.03468690761625359,-0.0010117679562202534,-0.0012403585597024745,-0.00042392503272396624,-0.030475453760027842,-0.03822179118884492,-0.032273576041036874,-0.004132900348958007,0.37500012329031535,0.06806282722513088,0.07972758022659625,0.5833968455695975,0.0,74.53965130890057,0.06806117338880542,0.0789930470253609,0.578438934637143,0.0
Butanoate,,,-0.10737131407861455,-0.09358782088211513,-0.10010409041390671,-0.09486183596329335,-0.09344873289152462,-0.11575691080673949,-0.10678379967213084,-0.09577850856912051,0.37500012329031535,0.048429319371727744,0.4945211542634563,0.48918539133611977,0.0,83.60197591623034,0.04842893280429395,0.49507631613861364,0.5032830014368008,0.0
C-glycosyltryptophan,Amino Acid,Tryptophan Metabolism,-0.022726873989745256,0.055420560041375286,0.051381593404774134,0.0544693963089443,0.03957690390126784,0.01974105152330019,0.008263541665826588,0.04608333363039117,0.37500012329031535,0.6714659685863875,6.544919700145555,0.12035800152618115,0.0,59.482411518324625,0.6714588389383259,6.0671384782783475,0.11766605087058325,0.0
CE(18:1),Lipid,Cholesteryl Ester (CE),0.11586164605088389,0.09427219063557347,0.10999429511765513,0.0959110293828614,0.08910776540267228,0.12263066436495765,0.1254881652341093,0.10947895568976225,0.37500012329031535,0.09685863874345549,0.03761381136447586,0.9160750471100116,0.0,59.68100628272251,0.0968642859894449,0.037625193486670934,0.9176899161412981,0.0
CE(18:2),Lipid,Cholesteryl Ester (CE),0.10400597794828338,0.09363978938703812,0.10917427405561263,0.09576054042896866,0.08934710367674426,0.11795172628957412,0.12253982421938664,0.10823414261837526,0.37500012329031535,0.09685863874345549,0.03481684262814714,0.9163354342427023,0.0,64.37176335078534,0.0968642859894449,0.03473703722151569,0.9177206439565216,0.0
CE(20:1),Lipid,Cholesteryl Ester (CE),0.11240073078397775,0.10356106950254654,0.12078143158031877,0.10271413291281095,0.10476010077223395,0.1151858357353318,0.125172209902474,0.10907892650072956,0.37500012329031535,0.09685863874345549,0.09202017870101623,0.912470475548766,1.0,0.0,0.0968642859894449,0.09381576222005568,0.9138272666412992,1.0
CE(20:2),Lipid,Cholesteryl Ester (CE),0.11044127392081479,0.09648832934494699,0.1226339633050491,0.09380811505923323,0.10261514848583021,0.11623050404878947,0.11625548143715653,0.10497955658744867,0.37500012329031535,0.09685863874345549,0.059268209063502136,0.9148833680730746,0.0,61.326535078534036,0.0968642859894449,0.05940942731803555,0.9164960146985153,0.0
CE(20:3),Lipid,Cholesteryl Ester (CE),0.10539090176387701,0.09780666873863127,0.10670441003401622,0.09968571486545572,0.09643051377527728,0.10846679875555555,0.11383570232777737,0.11579029260618703,0.37500012329031535,0.09685863874345549,0.04911457808877262,0.9157833725488007,1.0,0.0,0.0968642859894449,0.04917014281396329,0.9173614492274468,1.0
CE(20:4),Lipid,Cholesteryl Ester (CE),0.09731576920356556,0.09543532116415007,0.09739262689534005,0.09789107893551487,0.0950513503699308,0.1187870944459655,0.11986842547568127,0.10983103699886076,0.37500012329031535,0.09685863874345549,0.049020672216160105,0.9157102764928375,1.0,0.0,0.0968642859894449,0.04891356364435872,0.9172634776601027,1.0
CE(22:2),Lipid,Cholesteryl Ester (CE),0.11837534598318718,0.09860065674929842,0.11775892345012219,0.095815401040059,0.10666853603461203,0.11586050407565818,0.1261291718628405,0.11352119194689177,0.37500012329031535,0.09685863874345549,0.08050866054561794,0.913357259016675,1.0,0.0,0.0968642859894449,0.08076041037981012,0.914882838900394,1.0
CE(22:3),Lipid,Cholesteryl Ester (CE),0.11351475417422498,0.10328528228237847,0.11753485469051896,0.10307177649688229,0.10502679581215794,0.10156823264727174,0.11259307393682037,0.11538916700718371,0.37500012329031535,0.09685863874345549,0.05668461520690408,0.9153460788774552,0.0,68.04853507853406,0.0968642859894449,0.056701910220484264,0.9169987804599183,0.0
CE(22:4),Lipid,Cholesteryl Ester (CE),0.10526350513230143,0.09337567492180104,0.11369177729329458,0.09304878430031993,0.09288110042908326,0.1227587913295264,0.12628772051627102,0.09967735808214313,0.37500012329031535,0.09685863874345549,0.059418852285296586,0.9149028983548573,1.0,0.0,0.0968642859894449,0.059046610541444756,0.9165214853361056,1.0
CE(22:5),Lipid,Cholesteryl Ester (CE),0.10333330142521113,0.10064425796768733,0.10500350378570916,0.10444687516282555,0.10499195136845788,0.10762560121400036,0.11051040325831558,0.10585219195722706,0.37500012329031535,0.09685863874345549,0.06675163531200343,0.9146285857359688,0.0,65.38084188481677,0.0968642859894449,0.06669163127550322,0.9164045173276448,0.0
CE(22:6),Lipid,Cholesteryl Ester (CE),0.1062680051311337,0.09608815307652796,0.09899525737189128,0.09798983605798949,0.09277910756011001,0.10954162318224109,0.1132650201268994,0.1075246049171516,0.37500012329031535,0.09685863874345549,0.05643957642268477,0.9153632017404183,1.0,0.0,0.0968642859894449,0.05614240149792885,0.9169955852170862,1.0
CE(24:1),Lipid,Cholesteryl Ester (CE),0.1201133658828152,0.10362403285073676,0.11567964879512861,0.10297886243729981,0.10838701158415544,0.11514375527614241,0.1232060472545554,0.09960138489369191,0.37500012329031535,0.09685863874345549,0.09759997214319295,0.9114021084432105,1.0,0.0,0.0968642859894449,0.099573287040098,0.9130968030839347,1.0
CL(70:4),Lipid,Cardiolipin (CL),0.11272161254362163,0.10933215709138035,0.1072827128100993,0.11066854713701979,0.11978292299757312,0.10407056594244468,0.09910677144215403,0.11123595266766327,0.37500012329031535,0.09685863874345549,0.1637040598216829,0.9016124538306767,0.0,62.40485654450256,0.0968642859894449,0.165667160023919,0.9069625398918859,0.0
CL(72:5),Lipid,Cardiolipin (CL),0.10132064976258065,0.11845065117475012,0.10254751870983826,0.11949607808172585,0.11092676505595152,0.10945823243320058,0.0992602210434139,0.10315966311562391,0.37500012329031535,0.09685863874345549,0.17537677124387757,0.9000015465331852,0.0,57.48199790575917,0.0968642859894449,0.17794561114771854,0.9054799131159127,0.0
Cer(d16:1/0:0),Lipid,Ceramides (Cer),0.09620830553147533,0.10979612570089417,0.08972735737374608,0.10638420483918518,0.11142630013524364,0.09840059255286694,0.09725438139579261,0.107705285257796,0.37500012329031535,0.09685863874345549,0.1009066382427839,0.9121154931656814,0.0,69.0744869109948,0.0968642859894449,0.10153025946966336,0.9131165735434806,0.0
Cer(d16:1/18:0);Cer(d18:1/16:0),Lipid,Ceramides (Cer),0.09207029190719274,0.10607426845968862,0.1063616482096679,0.10520802435778764,0.10598040506952185,0.10027159945116385,0.10081257701739155,0.10079335635283686,0.37500012329031535,0.09685863874345549,0.04976506060856199,0.9153817098655757,0.0,66.94697277486912,0.0968642859894449,0.0495364467498946,0.9167046027133745,0.0
Cer(d18:0/0:0),Lipid,Ceramides (Cer),0.11159719186730772,0.11124152831348944,0.10471624437340958,0.10869621256672049,0.1148556164770961,0.09695992441172045,0.09852871951743569,0.10953968610545137,0.37500012329031535,0.09685863874345549,0.05370747865815127,0.9157635668547369,0.0,64.01394345549735,0.0968642859894449,0.05350762829402944,0.9177802944414258,0.0
Cer(d18:0/18:0),Lipid,Ceramides (Cer),0.0932342700741741,0.09477992204793856,0.11974196807391488,0.09461484549309537,0.10511501670223208,0.09547461300651756,0.09971755556374891,0.12379696012509271,0.37500012329031535,0.09685863874345549,0.05663292436615115,0.9151012323457247,0.0,65.8004942408377,0.0968642859894449,0.056282046399740694,0.9174021851971076,0.0
Cer(d18:0/22:0),Lipid,Ceramides (Cer),0.09342796766274955,0.09527191596596943,0.11474556098358289,0.09440235589245004,0.10110850736512046,0.09670931396480303,0.10195202927458347,0.10888815116584356,0.37500012329031535,0.09685863874345549,0.06085514831766756,0.9147050167396149,0.0,53.75528586387434,0.0968642859894449,0.06114985986405461,0.916631309088432,0.0
Cer(d18:0/24:0),Lipid,Ceramides (Cer),0.09304714548253736,0.0945190032166402,0.1218615157390484,0.09344675437794443,0.10476734777472262,0.09630472276535797,0.10068519366459766,0.10446436423894209,0.37500012329031535,0.09685863874345549,0.05704462830086722,0.9150012465331623,0.0,67.95719685863872,0.0968642859894449,0.05757829797123166,0.9167281876706782,0.0
Cer(d18:0/24:1),Lipid,Ceramides (Cer),0.09741907812514758,0.09542577437489379,0.10965292386205,0.09373651413981113,0.10006420360982193,0.09870781044614736,0.10561669416780768,0.11223644013669735,0.37500012329031535,0.09685863874345549,0.051511461435566286,0.9155173044871434,0.0,60.15324293193719,0.0968642859894449,0.05197018673876838,0.9172126586282631,0.0
Cer(d18:1/0:0),Lipid,Ceramides (Cer),0.10713237414674555,0.10582130528610383,0.1008936778651476,0.10139469710915602,0.11306813395367084,0.09905761339232154,0.10402734350802958,0.11512438399928161,0.37500012329031535,0.09685863874345549,0.06215647572533122,0.9145354962628962,0.0,70.29284083769633,0.0968642859894449,0.0621433402805604,0.9168421496323619,0.0
Cer(d18:1/18:0)_A,Lipid,Ceramides (Cer),0.09629650319948918,0.09906989347501251,0.10612529163588183,0.09904916865239735,0.10652080147649912,0.09818162544272716,0.09996723649594771,0.11788796555532156,0.37500012329031535,0.09685863874345549,0.03864876922289141,0.9157963501307136,0.0,63.24590366492147,0.0968642859894449,0.03846381603774187,0.9180128521225975,0.0
Cer(d18:1/18:0)_B,Lipid,Ceramides (Cer),0.1011403504647348,0.11274530807159297,0.11170099094544111,0.11115691755380631,0.11889782599251901,0.10041911343700634,0.10358838682155955,0.10488526532997627,0.37500012329031535,0.09685863874345549,0.0758699337872725,0.9133685307246222,0.0,59.714440837696316,0.0968642859894449,0.07554853623487419,0.9164377150680291,0.0
Cer(d18:1/20:0),Lipid,Ceramides (Cer),0.10478220241100814,0.09718659541683865,0.09907045505085112,0.0970344752188433,0.10245448431257609,0.09971702441248113,0.10074016782081226,0.1107790572395452,0.37500012329031535,0.09685863874345549,0.04563500421670417,0.9154446741142681,1.0,0.0,0.0968642859894449,0.045365518219877464,0.917418742200805,1.0
Cer(d18:1/22:0),Lipid,Ceramides (Cer),0.10693340488183745,0.1068706364822432,0.09428348900661206,0.10583652131715934,0.10007935278661097,0.09827461675093267,0.10014815989653318,0.10348811812694116,0.37500012329031535,0.09685863874345549,0.03621976972661524,0.9157719373625922,1.0,0.0,0.0968642859894449,0.03623223497436425,0.9174927988024257,1.0
Cer(d18:1/23:0),Lipid,Ceramides (Cer),0.10039667229594289,0.10826454793877972,0.10882895839828399,0.10702410713642185,0.10365780762617285,0.1058014949726479,0.10622823517995915,0.11167831397824414,0.37500012329031535,0.09685863874345549,0.047988472159804355,0.9149452765845985,0.0,66.30566073298432,0.0968642859894449,0.04805569413290082,0.9169460720440029,0.0
Cer(d18:1/24:0),Lipid,Ceramides (Cer),0.11120257303291511,0.10629806980222586,0.09894824545168812,0.10539591158836081,0.09792693956406577,0.1019310355207247,0.10803198504897417,0.10503574091301572,0.37500012329031535,0.09685863874345549,0.03129155425695438,0.9159104459606737,1.0,0.0,0.0968642859894449,0.031211112881705725,0.9176517015792793,1.0
Cer(d18:1/24:1),Lipid,Ceramides (Cer),0.09943013633397477,0.10800463192147886,0.12242718305876289,0.10444531077298944,0.09476822255130096,0.10008411633242134,0.10224918185133956,0.1174318857492548,0.37500012329031535,0.09685863874345549,0.032152930048023,0.9160546599752846,0.0,53.80801884816755,0.0968642859894449,0.03209061970821628,0.9177368608514035,0.0
Cer(d18:1/25:0),Lipid,Ceramides (Cer),0.11231659642316236,0.10835774278628149,0.12623014789608691,0.10663112438707831,0.1261074435753518,0.10781175645457342,0.10912108416598112,0.1171166545118514,0.37500012329031535,0.09685863874345549,0.0706243478667393,0.9133965674214078,1.0,0.0,0.0968642859894449,0.070244321159648,0.9158463795243886,1.0
Cer(d18:1/26:0),Lipid,Ceramides (Cer),0.12462078193505285,0.09494863547487935,0.12668099969851335,0.09444480835167787,0.09625768212552006,0.10325150412997396,0.10719916641866811,0.13296715929817401,0.37500012329031535,0.09685863874345549,0.04827839367156436,0.9148672090100578,1.0,0.0,0.0968642859894449,0.04813145776185892,0.9170845225513168,1.0
Cer(d18:1/26:1),Lipid,Ceramides (Cer),0.12139892457499003,0.09877201760519265,0.12079716907465302,0.09680119394131627,0.11840387992990634,0.10726826919860548,0.1151801656955483,0.12414678175998349,0.37500012329031535,0.09685863874345549,0.06846763769122491,0.9138652110657689,0.0,60.442843979057585,0.0968642859894449,0.06799501726353803,0.9158891117001163,0.0
CoA,Cofactors and Vitamins,Pantothenate and CoA Metabolism,-0.024117536493878124,-0.02106652559648105,-0.022094501378201434,-0.020376329144826427,-0.02281027828243111,-0.04393013020915041,-0.041209142349183575,-0.006449160374002568,0.37500012329031535,0.06806282722513088,0.11816789022902077,0.5821834454564553,1.0,0.0,0.06806117338880542,0.11916765587957291,0.5784958991999297,1.0
CoA-glutathione,,,-0.11078482332442657,-0.09470630801564485,-0.09166025974527009,-0.096590192753366,-0.08384201144064571,-0.11964581920801688,-0.11692292582162585,-0.08204497892198732,0.37500012329031535,0.10471204188481675,0.1404398355748357,0.6108107218399108,0.0,60.75674345549736,0.10471384362520386,0.1395101432588078,0.6143365416274782,0.0
Cyclohexylamine,,,-0.12236740471327608,-0.1165258036404022,-0.11204729851771102,-0.1165323066024233,-0.11840197415556943,-0.11375911657802591,-0.11662335614056939,-0.116737988693943,0.37500012329031535,0.048429319371727744,0.5811944288828688,0.4691492564831611,0.0,83.9562722513089,0.04842893280429395,0.5856084298212231,0.48361345256154586,0.0
DG(16:0/0:0/16:0),Lipid,Diacylglycerol (DG),0.10272963473060442,0.10104865942574917,0.10811659944701399,0.1003034349170675,0.11035764805608561,0.10401964181464685,0.09794876872693509,0.11941435542635558,0.37500012329031535,0.09685863874345549,0.0663898337705279,0.9146670778584884,0.0,69.07983664921463,0.0968642859894449,0.06600989006357666,0.9161164984777169,0.0
DG(16:0/18:0/0:0),Lipid,Diacylglycerol (DG),0.10222103083414755,0.09001722410243918,0.0982338407598632,0.08916213129219051,0.10680846201439767,0.10370971504990079,0.09711919011936244,0.10779839988017798,0.37500012329031535,0.09685863874345549,0.047024320763290134,0.9161047653387688,0.0,59.297883769633515,0.0968642859894449,0.04702973456262477,0.9176563057118701,0.0
DG(16:0/18:1/0:0),Lipid,Diacylglycerol (DG),0.10321535928620194,0.0999040475289932,0.11428275563830616,0.09961468889272553,0.1102109564245301,0.10495554362724614,0.09822634837947374,0.11426466487379111,0.37500012329031535,0.09685863874345549,0.04034835546741369,0.9163481420408786,0.0,69.41387434554974,0.0968642859894449,0.04006940840983103,0.917675446887754,0.0
DG(16:0/20:3/0:0),Lipid,Diacylglycerol (DG),0.11679519751912328,0.1103200224748991,0.11257942926555178,0.11196921026264134,0.12065760410790645,0.10664586614302805,0.10503120612534053,0.09613055205234262,0.37500012329031535,0.09685863874345549,0.03562648307132404,0.9162332479252104,0.0,63.071136125654476,0.0968642859894449,0.03495550366445407,0.9180671987385031,0.0
DG(16:0/22:4/0:0),Lipid,Diacylglycerol (DG),0.10097301125782264,0.10703378763421115,0.1302309345079861,0.11108094436535511,0.12558241027881636,0.11648778044411745,0.11589034149812538,0.1168025330552719,0.37500012329031535,0.09685863874345549,0.04572256778894204,0.9158500279269817,0.0,66.08141570680625,0.0968642859894449,0.04566244854986551,0.9171947002996547,0.0
DG(18:0/18:1/0:0),Lipid,Diacylglycerol (DG),0.10029770553597493,0.09278382747132496,0.11867668544978849,0.09010456251619552,0.11169097617631935,0.10005664253309576,0.09813967777135471,0.11880467125757714,0.37500012329031535,0.09685863874345549,0.037922574375842934,0.9165994776149464,0.0,62.99098115183248,0.0968642859894449,0.03788376566241583,0.9175390956505348,0.0
DG(18:0/18:2/0:0),Lipid,Diacylglycerol (DG),0.11616729704792438,0.0926683166696653,0.11434022356579003,0.09287622006762872,0.10212545435456698,0.10961696698957483,0.10794214081203021,0.12271495056348787,0.37500012329031535,0.09685863874345549,0.04549630606460398,0.9157604272741834,0.0,64.37946492146595,0.0968642859894449,0.04592090617735789,0.9169397663581885,0.0
DG(18:0/20:3/0:0)_A,Lipid,Diacylglycerol (DG),0.11642161227493451,0.10173741882094448,0.11219897500575042,0.10341582192314744,0.11227318324156606,0.10827087033165547,0.10596179642526206,0.10123412653187501,0.37500012329031535,0.09685863874345549,0.04506795541274382,0.9161857757295253,0.0,61.638331937172765,0.0968642859894449,0.04439291001625839,0.9177772097160316,0.0
DG(18:0/20:3/0:0)_B,Lipid,Diacylglycerol (DG),0.11433315204761099,0.10256705352650972,0.12416179722823951,0.10429012864958838,0.11556483327784058,0.09997533655278126,0.10083104780272836,0.11087094174342356,0.37500012329031535,0.09685863874345549,0.08683356595152811,0.9129503233230462,0.0,69.9827172774869,0.0968642859894449,0.0859983762851293,0.9157587901118515,0.0
DG(18:0/20:4/0:0),Lipid,Diacylglycerol (DG),0.10738314393904329,0.09691654429273631,0.12997029646460703,0.10016872357006891,0.11691833801570416,0.10704677911994377,0.10426529927599228,0.10709548075133785,0.37500012329031535,0.09685863874345549,0.040539376887730474,0.9160712804946272,0.0,47.94777905759162,0.0968642859894449,0.04033882316756209,0.9180988934159519,0.0
DG(18:0/22:4/0:0),Lipid,Diacylglycerol (DG),0.10024690091721235,0.10416376071504901,0.11590001382836773,0.10358730311672135,0.11789764605311086,0.1104941101931766,0.10935905321272552,0.12058045428436483,0.37500012329031535,0.09685863874345549,0.0427785802341789,0.9161387004383934,0.0,54.22237591623037,0.0968642859894449,0.042675056019568,0.9174825668011711,0.0
DG(18:1/0:0/18:1),Lipid,Diacylglycerol (DG),0.10265719897646176,0.1046469432407551,0.10614294116223798,0.10209940793233838,0.1212081088799786,0.09951761694777712,0.09907852747349012,0.12059179276796332,0.37500012329031535,0.09685863874345549,0.045156775401940165,0.9159825459120461,0.0,64.41022513089007,0.0968642859894449,0.04492213916676291,0.9172013822050341,0.0
DG(18:1/18:2/0:0),Lipid,Diacylglycerol (DG),0.1096539218390302,0.10002122968731537,0.10844354355190829,0.09806566216705442,0.10021299446534555,0.11109842754808634,0.10995554936521729,0.1112625606657305,0.37500012329031535,0.09685863874345549,0.052668670044896226,0.9150038564150429,0.0,65.5828219895288,0.0968642859894449,0.052874778224260476,0.9165757452501061,0.0
DG(18:1/26:1),Lipid,Diacylglycerol (DG),0.11813037901848987,0.11695792911232578,0.12165361234108497,0.1156287593274684,0.13729224258601408,0.11720407776505559,0.12238502018239392,0.11792575158674767,0.37500012329031535,0.09685863874345549,0.11016710622738796,0.9100996383479836,0.0,63.20202722513088,0.0968642859894449,0.1093414534782718,0.9122220643648408,0.0
"Diacylglycerol (DG) (12:0/18:1, 14:0/16:1, 16:0/14:1) [2]",,,-0.014302332828486669,0.00694737844991521,0.003210630079264956,0.004912257077715892,-0.0044661094370338,-0.014995836226793742,-0.010330494979566958,0.0017997945636854086,0.37500012329031535,0.12696335078534032,0.1115810628195017,0.6306841654547424,0.0,61.606668062827225,0.12695917921851127,0.11198962803225383,0.6160695133128312,0.0
"Diacylglycerol (DG) (14:0/18:1, 16:0/16:1) [1]",,,-0.015624145541431333,-0.0025010461857798657,0.0075889872903025755,-0.005070558262483629,-0.006038131306066636,-0.016931950000077266,-0.012881300906583465,0.005631621812761538,0.37500012329031535,0.12696335078534032,0.09012408747810266,0.6333605198995328,0.0,61.82491308900519,0.12695917921851127,0.09041376704407723,0.6187176569208147,0.0
"Diacylglycerol (DG) (14:0/18:1, 16:0/16:1) [2]",,,-0.07674452212612609,-0.06002510410195954,-0.06408976126681429,-0.060078658247348496,-0.05831557811954333,-0.0730955933386173,-0.0741439949954673,-0.056114206119888196,0.37500012329031535,0.16361256544502617,0.06572432667883811,0.6801568311949133,0.0,54.87361151832461,0.16361184945490967,0.06628593145703521,0.6644328085603751,0.0
"Diacylglycerol (DG) (16:1/18:2 [2], 16:0/18:3 [1])",,,-0.09023216991966872,-0.06688306295060233,-0.06204231637472783,-0.06774865962636875,-0.06758910418775622,-0.08814906611733066,-0.09042391001913708,-0.062445097480200246,0.37500012329031535,0.23167539267015708,0.18226945556446644,0.803844438300316,0.0,55.32764293193718,0.23167302284371508,0.18157023933234698,0.7968661022393725,0.0
Disulfiram,,,-0.114776760199123,-0.12381368260203708,-0.10073813863554706,-0.12377296840503539,-0.11592012341250607,-0.1121579716777552,-0.11582015472046002,-0.11764429425886695,0.37500012329031535,0.048429319371727744,0.1625069130987906,0.5421075914961656,0.0,79.57401989528796,0.04842893280429395,0.165014776783263,0.5580331654542617,0.0
GDP-mannose,,,-0.1243031069444415,-0.12091370082559932,-0.09868787722986701,-0.12089334372709845,-0.12018478475511192,-0.10524677191235647,-0.12714048084915888,-0.10501737038291327,0.37500012329031535,0.048429319371727744,0.52487107777329,0.48297968304424566,1.0,0.0,0.04842893280429395,0.5210709315131145,0.49813009592293617,1.0
HexCer(d18:1/18:0),Lipid,HexosylCeramide (HexCer),0.12422168815122925,0.11367878082388687,0.11817979779944977,0.11305755760871045,0.12570102311844164,0.10954012267990963,0.11458584726325442,0.10509568244836012,0.37500012329031535,0.09685863874345549,0.07576732887591517,0.913613519711556,0.0,56.468975916230335,0.0968642859894449,0.07570593452648854,0.9164471520677532,0.0
HexCer(d18:1/18:1),Lipid,HexosylCeramide (HexCer),0.12737725783307388,0.1160183325092204,0.13157878337490372,0.1142878098208536,0.13110516100930722,0.11003844879933508,0.11545659009407953,0.11720067695398928,0.37500012329031535,0.09685863874345549,0.15460374444435,0.9033876554245668,0.0,67.8256094240838,0.0968642859894449,0.15447051944382298,0.90747391582409,0.0
HexCer(d18:1/22:1),Lipid,HexosylCeramide (HexCer),0.11274672271980565,0.10193196473646106,0.10949558903126759,0.10261969457595226,0.12494147842587558,0.1062255395872752,0.10753950159349421,0.11485915975322061,0.37500012329031535,0.09685863874345549,0.11584768953024527,0.9100199404724709,0.0,62.04351413612562,0.0968642859894449,0.11510393829570885,0.9119777208535694,0.0
HexCer(d18:1/23:0),Lipid,HexosylCeramide (HexCer),0.12812061731110513,0.11689968567535049,0.11542327605395229,0.11617158922974628,0.1305321397202777,0.10989863650687531,0.11442160201247703,0.10877499363436474,0.37500012329031535,0.09685863874345549,0.09416997068727664,0.9117474396437864,0.0,58.22950785340314,0.0968642859894449,0.09375064960590697,0.9143728637534781,0.0
HexCer(d18:1/23:1),Lipid,HexosylCeramide (HexCer),0.1283388673670334,0.11683019735074983,0.11815357755612826,0.11602467029368466,0.13635007877907507,0.11028685496849124,0.11554748335477733,0.11457385248550286,0.37500012329031535,0.09685863874345549,0.15938068220457252,0.9033742857667946,0.0,69.54117068062826,0.0968642859894449,0.1593152947150698,0.9065364140422171,0.0
HexCer(d18:1/24:0),Lipid,HexosylCeramide (HexCer),0.1281909019026133,0.11688345345944416,0.11923355474803149,0.11602837402004879,0.12900763513955898,0.10743671054439828,0.10758633585653019,0.10549777074880104,0.37500012329031535,0.09685863874345549,0.06854875175768957,0.9141046701360651,0.0,69.73536020942404,0.0968642859894449,0.06827159585241553,0.9162433715417929,0.0
HexCer(d18:1/24:1)_A,Lipid,HexosylCeramide (HexCer),0.12813327199005983,0.11679329379564152,0.11678682230264426,0.11600137826723586,0.13124413765850856,0.10986747120623866,0.11519806549327227,0.11104071146777506,0.37500012329031535,0.09685863874345549,0.08665000260011516,0.9128619435344543,0.0,58.83322827225132,0.0968642859894449,0.08647804071762466,0.9149155599503446,0.0
HexCer(d18:1/24:1)_B,Lipid,HexosylCeramide (HexCer),0.1216411428318766,0.10047867332041877,0.10253023019652122,0.09702856530168463,0.11766229229332228,0.10787540165523442,0.11292003737848028,0.11592536496622474,0.37500012329031535,0.09685863874345549,0.10125578605598196,0.9116477245955181,0.0,60.54320732984294,0.0968642859894449,0.10072643342329109,0.9134073856076231,0.0
HexCer(d18:1/24:1)_C,Lipid,HexosylCeramide (HexCer),0.12751971260309083,0.11717841448324459,0.11561196553572346,0.1163669908798741,0.1361733562110075,0.11038641927363546,0.11507972499081227,0.10833169636405289,0.37500012329031535,0.09685863874345549,0.15307045500452954,0.9042921082742805,0.0,57.94114240837699,0.0968642859894449,0.15281352436473208,0.9075411072864256,0.0
HexCer(d18:1/26:0),Lipid,HexosylCeramide (HexCer),0.11778890186843803,0.10744191956034371,0.11108637293179494,0.10985613409050507,0.12581495615941188,0.10150288776255387,0.1041807001578176,0.12354364930932211,0.37500012329031535,0.09685863874345549,0.1343135353520743,0.9071305013821287,0.0,59.926761256544495,0.0968642859894449,0.13394740114153245,0.9097086076998132,0.0
HexCer(d18:1/26:1)_A,Lipid,HexosylCeramide (HexCer),0.127860871062382,0.1168999263507099,0.11723573533134217,0.11605078357017978,0.1318160625375675,0.11027477127714938,0.11430097755956559,0.11407483886948945,0.37500012329031535,0.09685863874345549,0.14067528082630165,0.9068893430716389,0.0,66.92160209424088,0.0968642859894449,0.14035535777626404,0.9087334576736997,0.0
HexCer(d18:1/26:1)_B,Lipid,HexosylCeramide (HexCer),0.12240214981077964,0.11469944491055081,0.11833165058037913,0.10954432579154649,0.12431728688126652,0.10789340768321197,0.11280217491216124,0.11979420799775842,0.37500012329031535,0.09685863874345549,0.14227877380986131,0.9064702162852334,0.0,69.72170785340312,0.0968642859894449,0.14146724020913837,0.9084908227645622,0.0
Hexanoate,,,-0.11444511981724538,-0.11376590886031472,-0.10537443012078512,-0.11382698015581727,-0.11362680202055891,-0.1202778473559298,-0.1175285578798108,-0.11093761045943133,0.37500012329031535,0.048429319371727744,0.534500376879188,0.47981010527528256,1.0,0.0,0.04842893280429395,0.5310330758446745,0.49533819296250364,1.0
Isethionate,,,-0.11647709994526736,-0.1097836457119123,-0.11994183786383651,-0.1111522082061278,-0.0976787306191832,-0.10646091013730442,-0.11286448645655973,-0.11580007307884689,0.37500012329031535,0.048429319371727744,1.873002319740845,0.2715498591019037,0.0,81.62875497382197,0.04842893280429395,1.7047981207904856,0.28404610161414384,0.0
"Isobar: UDP-acetylglucosamine, UDP-acetylgalactosamine",Carbohydrate,Aminosugar Metabolism,0.1355868101573128,0.13963783643403055,0.14703637673383227,0.13818671100489766,0.1286619818092551,0.14129791292987381,0.14086335135958816,0.1484714920450119,0.37500012329031535,0.2238219895287958,1.439228493078292,0.32015825792571145,0.0,66.63198115183252,0.22381576075092777,1.452080712705324,0.2758055836426237,0.0
"Isobar: fructose 1,6-diphosphate, glucose 1,6-diphosphate",Carbohydrate,"Glycolysis, Gluconeogenesis, and Pyruvate Metabolism",0.15533677817162975,0.1673937712589741,0.1670169600336843,0.16680541541906005,0.17136469642763616,0.17369297174634662,0.18768904675883333,0.16398231048503767,0.37500012329031535,0.6230366492146597,5.0818177518810055,0.2265551648414834,0.0,75.19602408376966,0.623033758362546,5.2666673966988045,0.16954715991616853,0.0
L-mimosine,,,0.11766571461065958,0.09295422562578155,0.11730887389889376,0.09346800066383831,0.0951719554666978,0.12139515340098882,0.12198009701340651,0.1051282137344393,0.37500012329031535,0.09685863874345549,0.034742447012013004,0.9154695831858297,0.0,65.29596020942407,0.0968642859894449,0.03449388176003563,0.9178767214030049,0.0
L-urobilin,Cofactors and Vitamins,Hemoglobin and Porphyrin Metabolism,-0.031061995917264867,-0.013837930576998796,-0.003756599680203592,-0.008741076942938818,-0.012335709380644566,-0.036593889858314334,-0.043066902725835195,-0.01534138876981977,0.37500012329031535,0.06806282722513088,0.1135358410965105,0.583177209232942,0.0,64.2042387434555,0.06806117338880542,0.11394142791672801,0.5774652987522896,0.0
LacCer(d18:1/24:1),Lipid,LactosylCeramide (LacCer),0.10529911882480567,0.10126955929312029,0.11243038436381546,0.09523830164077295,0.11237063002041725,0.09703461755875116,0.10216539273884823,0.11680174417492718,0.37500012329031535,0.09685863874345549,0.054565946130728,0.9149994133012395,1.0,0.0,0.0968642859894449,0.05404063920662714,0.917164122761878,1.0
Mucate,,,-0.12783703712686054,-0.11984184304203374,-0.10554103789268235,-0.11993118808545411,-0.1106758521012079,-0.11338814383265053,-0.12330679235182593,-0.11657895828648776,0.37500012329031535,0.048429319371727744,1.1987450460472728,0.3519095859271817,0.0,84.74425026178008,0.04842893280429395,1.210934490685023,0.3593501181716081,0.0
N(1)-acetylspermine,Amino Acid,Polyamine Metabolism,0.02597072928579302,0.00997669962980418,0.034791563857240505,0.011987352917443267,0.02626862829730675,-0.00029522981901189903,-0.0056630067934393515,0.058089512054032545,0.37500012329031535,0.32722513089005234,0.7088777443582528,0.5792562412565296,1.0,0.0,0.32722498298599073,0.7088864051195268,0.5967262951976956,1.0
"N,N,N-trimethyl-5-aminovalerate",Amino Acid,Lysine Metabolism,-0.07572576613075985,-0.08400906366504694,-0.07303534175780252,-0.08463772257301211,-0.06573717756010224,-0.07784781467953705,-0.07819394387373997,-0.07078469495948483,0.37500012329031535,0.23167539267015708,0.09319279406264908,0.8213866991498066,0.0,49.74223560209427,0.23167302284371508,0.09321491510847364,0.8118402275003418,0.0
"N,N,N-trimethyl-alanylproline betaine (TMAP)",Amino Acid,Urea cycle; Arginine and Proline Metabolism,-0.08865197501882612,-0.06435922003797721,-0.04811575215598967,-0.05923959765325871,-0.0547593292191006,-0.085071170980777,-0.0889160265152041,-0.06182801317213911,0.37500012329031535,0.23167539267015708,0.10199709075173247,0.8163485747814078,0.0,51.8096701570681,0.23167302284371508,0.10191604308681662,0.808258988171041,0.0
"N,N-dimethyl-pro-pro",Peptide,Modified Peptides,-0.03796354517855811,-0.009205584975129345,0.0014972890694163264,-0.008349171087988584,-0.017652653232210182,-0.03472857741874029,-0.0443503766045381,-0.015894960547615692,0.37500012329031535,0.06806282722513088,0.046849236389857565,0.5855917847207246,0.0,67.68503664921461,0.06806117338880542,0.04563633903140032,0.5802644579717319,0.0
"N,N-dimethylalanine",Amino Acid,Alanine and Aspartate Metabolism,-0.03091319986671233,-0.00560462482472834,0.0041794621646804855,-0.006609462428949028,-0.0016780174249930847,-0.03048530720387512,-0.029470127818349567,0.007147873070562837,0.37500012329031535,0.06806282722513088,0.06790348583288279,0.5852005226905507,0.0,69.49271623036647,0.06806117338880542,0.07017899597012288,0.579901360376105,0.0
N-(2-furoyl)glycine,Xenobiotics,Food Component/Plant,0.1360204780479553,0.13556971644407365,0.12652450607820517,0.13556451397120034,0.13681890943738234,0.14369234445591253,0.1523269415832882,0.12453603356073276,0.37500012329031535,0.18324607329842932,0.29348807566714996,0.606623322210674,0.0,61.5966806282722,0.1832479422679353,0.2935615005299377,0.6255145166804325,0.0
N-(2-hydroxypalmitoyl)-sphingosine (d18:1/16:0(2OH)),Lipid,Ceramides (Cer),-0.06604854715873043,-0.0741968253318881,-0.04789730676287591,-0.07405388484151659,-0.06481715923309735,-0.08690823344183193,-0.08047003706954058,-0.04966901595741042,0.37500012329031535,0.16361256544502617,0.09448669688363788,0.6810884341597178,0.0,56.56998638743454,0.16361184945490967,0.09559490890345979,0.6623935750687013,0.0
N-6-trimethyllysine,Amino acid,Lysine Metabolism,-0.13187578289283952,-0.11468338463475865,-0.10178839572482667,-0.11181997962709955,-0.12001821982206475,-0.14283581670806977,-0.1357903822079312,-0.09753879284098779,0.37500012329031535,0.27356020942408377,0.10558972919673598,0.9061448303372728,1.0,0.0,0.2735608716309051,0.10595304434619768,0.9021640914060504,1.0
N-Acetylglucosamine 1-phosphate,,,-0.12706802160605957,-0.12385413291072488,-0.11179119490907115,-0.12379306161522233,-0.12051536141576741,-0.11100332434932109,-0.10131095304083967,-0.0964673324650604,0.37500012329031535,0.048429319371727744,0.1637823393066749,0.5414538452978128,0.0,85.27032356020945,0.04842893280429395,0.1638661417653696,0.5576236737011303,0.0
N-acetyl-1-methylhistidine,,,-0.07572497852584732,-0.0581975468101597,-0.055465014890533904,-0.059618228360709825,-0.058338135624677254,-0.08088691332469392,-0.07678566922639062,-0.0650818512230938,0.37500012329031535,0.23167539267015708,0.15275058961076227,0.8244801532264681,0.0,61.61500209424082,0.23167302284371508,0.1524834704335753,0.8140274705378331,0.0
N-acetyl-2-aminooctanoate,,,-0.03541620766354337,-0.0249524072663882,-0.008335675139357852,-0.025871321192957535,-0.014798807229862977,-0.022355487916758867,-0.02413692692570596,-0.004163777683839365,0.37500012329031535,0.06806282722513088,0.09586664399091585,0.5808371985198749,0.0,71.20258219895288,0.06806117338880542,0.09640253880274298,0.5777437972112556,0.0
N-acetyl-3-methylhistidine,,,-0.13994830972784938,-0.13554827846369227,-0.14449872385020127,-0.13700689535913516,-0.17280119817877518,-0.1323204934962822,-0.1440564261433291,-0.16721309973020781,0.37500012329031535,0.03664921465968586,0.09963582109733529,0.6940369469323524,0.0,75.43695497382205,0.03665267023639842,0.10306839741540737,0.7055836301390027,0.0
N-acetyl-aspartyl-glutamate (NAAG),Amino acid,Glutamate Metabolism,0.15649512611285857,0.18305564362375004,0.16987320059350575,0.18494676601947896,0.193969201109327,0.16552182816827746,0.1925687818390392,0.15788272794187216,0.37500012329031535,0.8547120418848168,56.3020692578371,0.14161998466030645,0.0,80.71357068062827,0.8547067812062612,52.213554735798034,0.11850387204763142,0.0
N-acetyl-beta-alanine,Nucleotide,"Pyrimidine Metabolism, Uracil containing",0.033289367716921876,0.03262863399631923,0.007565442431232597,0.033543157852486453,0.02832617427257984,0.019085588255868712,0.018375386296595752,0.018246609659716275,0.37500012329031535,0.08115183246073299,0.03689216070729524,0.8478658789204179,0.0,69.5915026178011,0.081152329956213,0.03709500333851437,0.8475630749853122,0.0
N-acetyl-glucosamine 1-phosphate,Carbohydrate,Aminosugar Metabolism,0.05236238686632605,0.06577251276705166,0.06770425982101096,0.06359715069063503,0.07153745606589718,0.04550171553451705,0.06090815818491622,0.10159035716396629,0.37500012329031535,0.41492146596858637,0.7297404538920634,0.5361518754058752,1.0,0.0,0.4149209651116505,0.7296992200737688,0.5674706373974266,1.0
N-acetyl-isoputreanine,Amino Acid,Polyamine Metabolism,-0.08510300875112316,-0.07315244452077672,-0.05165026255837656,-0.07844291623423243,-0.05945609039212677,-0.06248344042862783,-0.06756803242506479,-0.04515465697698149,0.37500012329031535,0.23167539267015708,0.11562684308692495,0.824737261654398,0.0,46.63089738219895,0.23167302284371508,0.11499294057560198,0.8147620508074316,0.0
N-acetylalanine,Amino acid,Alanine and Aspartate Metabolism,0.02572134434302256,0.029049526192264103,0.04468728545920213,0.03188138808454142,0.013070609080112853,0.01735292551577238,0.01787857922024262,-0.0005321625234038504,0.37500012329031535,0.6714659685863875,5.5105915292846195,0.10651250066817712,0.0,60.827936125654446,0.6714588389383259,6.036374791024129,0.09569855037245996,0.0
N-acetylarginine,Amino Acid,Urea cycle; Arginine and Proline Metabolism,-0.11864904910367882,-0.11763394996279358,-0.053500908856613016,-0.11925834142266828,-0.05996136814500596,-0.11216650871111458,-0.1356260030690314,-0.06707347765810069,0.37500012329031535,0.27356020942408377,0.17092780380320913,0.9122131235889259,0.0,47.28200837696334,0.2735608716309051,0.17090357562073544,0.9056841624290737,0.0
N-acetylasparagine,Amino Acid,Alanine and Aspartate Metabolism,-0.1276928409785793,-0.11879120226825288,-0.08498617417899951,-0.12083940814366577,-0.07778209537878224,-0.10873274039976599,-0.12854776600395393,-0.0887577780989016,0.37500012329031535,0.27356020942408377,0.1554171154413685,0.9203998224956969,0.0,62.0790251308901,0.2735608716309051,0.15531230080424632,0.913902184953289,0.0
N-acetylaspartate (NAA),Amino acid,Alanine and Aspartate Metabolism,0.0047286501082914115,0.038833825338257695,-0.009884334850114005,0.0364881474484329,0.0458190196854927,-0.02178063086678649,-0.007025215198935855,0.0033455499085354124,0.37500012329031535,0.7198952879581152,60.849373900388194,0.1347762496837911,1.0,0.0,0.7198877717426199,48.95373248022497,0.12931450193962615,1.0
N-acetylcarnosine,Amino Acid,Histidine Metabolism,0.13058648412318566,0.12275893182589895,0.12601476534741737,0.12210796224654398,0.13078266915854495,0.15255248317860237,0.15983120627943925,0.14454161461896348,0.37500012329031535,0.18324607329842932,0.12654668728423812,0.6312769937562348,0.0,70.20143560209425,0.1832479422679353,0.12664940879816577,0.6475691181118314,0.0
N-acetylcitrulline,Amino Acid,Urea cycle; Arginine and Proline Metabolism,-0.03827132706934436,-0.004488774717082125,0.0018979331942790537,-0.007347743153515967,-0.01819352200782841,-0.03741891740589099,-0.026643473880486924,-0.015711425161595172,0.37500012329031535,0.06806282722513088,0.10506303772309658,0.5804382294539225,0.0,73.778832460733,0.06806117338880542,0.10435423181699303,0.57711976103088,0.0
N-acetylcysteine,Amino Acid,"Methionine, Cysteine, SAM and Taurine Metabolism",-0.082498399305414,-0.06509787039450506,-0.05051947935400834,-0.06587635346873014,-0.04532045352968942,-0.08915758957484458,-0.08482396496358681,-0.05612738704300535,0.37500012329031535,0.23167539267015708,0.09742853144536695,0.8255828061351235,0.0,50.34288691099478,0.23167302284371508,0.09770832574054612,0.8148315094983309,0.0
N-acetylgalactosamine,Carbohydrate,Aminosugar Metabolism,0.20943907037362663,0.209114123730695,0.210297438388602,0.20116923839019163,0.2071147144977349,0.22314715904325627,0.22476064219390982,0.2050548025183772,0.37500012329031535,0.11910994764397906,2.971706425953221,0.193417808682002,1.0,0.0,0.11910320120189528,3.179464882862949,0.18580240635653325,1.0
N-acetylglucosamine,Carbohydrate,Aminosugar Metabolism,0.058081105396098696,0.056779929634423264,0.06488067304772478,0.060345916897399564,0.07696707439675678,0.061374471004373175,0.07351761557665941,0.08461202853999782,0.37500012329031535,0.40575916230366493,1.5997192346814093,0.3675834217460325,1.0,0.0,0.4057565134763794,1.6027373827426246,0.37808785664038336,1.0
N-acetylglucosamine 6-phosphate,Carbohydrate,Aminosugar Metabolism,-0.1518017952845153,-0.15105215315075934,-0.16540990078754292,-0.15316571252527147,-0.1638373231654587,-0.15858960467245412,-0.12524988041918658,-0.11298233049986202,0.37500012329031535,0.5654450261780104,6.140388780236471,0.13848477071417548,1.0,0.0,0.5654467943038382,6.931264815320419,0.12546034691813032,1.0
N-acetylglucosamine/N-acetylgalactosamine,Carbohydrate,Aminosugar Metabolism,-0.09074862562565954,-0.0722426641257323,-0.06542981906564149,-0.07159969837601024,-0.05895078471822382,-0.09716605825070657,-0.09531354663487455,-0.05900291252425891,0.37500012329031535,0.23167539267015708,0.11798980717697977,0.814761786416931,1.0,0.0,0.23167302284371508,0.11755347569365203,0.8057798697629677,1.0
N-acetylglucosaminylasparagine,Carbohydrate,Aminosugar Metabolism,-0.09109694158173721,-0.07314929121425476,-0.04259650197232071,-0.07327270059027285,-0.06101264483290048,-0.09559258115647076,-0.08984577094958558,-0.05396434040984663,0.37500012329031535,0.23167539267015708,0.1165595626195006,0.8182302056067312,1.0,0.0,0.23167302284371508,0.11651656850783985,0.8100575172826829,1.0
N-acetylglutamate,Amino Acid,Glutamate Metabolism,0.020237384379795744,0.06954108837154438,0.06975823828966449,0.06958209720779707,0.04447732006316711,0.04380060193135904,0.05474639100002437,0.04474067018713464,0.37500012329031535,0.4581151832460733,15.180890402590533,0.11253195576239788,1.0,0.0,0.45810316267961015,20.97580912296588,0.12180528640949351,1.0
N-acetylglutamine,Amino Acid,Glutamate Metabolism,-0.0023314769764057144,0.012386653879288959,0.06094504885892411,0.009744914784615087,0.054319688018035654,0.05243896653840461,0.06600578450505774,0.07308692806682908,0.37500012329031535,0.4568062827225131,0.7260713507726524,0.5222173518796929,0.0,64.28954869109948,0.4568088138988404,0.7261653309776853,0.5575129000236995,0.0
N-acetylglycine,Amino acid,"Glycine, Serine and Threonine Metabolism",0.13154984064850322,0.2108813156770849,0.20011108944495512,0.20879180364905273,0.1607819824849109,0.149595725738949,0.1539355169801902,0.14950848653201285,0.37500012329031535,0.7395287958115183,2.4037395014193406,0.20021148456284021,0.0,62.13555392670157,0.739522580479474,2.4386334462343373,0.19838351150612246,0.0
N-acetylhistidine,Amino Acid,Histidine Metabolism,-0.06253542492298614,-0.046258509512686084,-0.039113334321518395,-0.04682149630573532,-0.03737784147157547,-0.0376420770855418,-0.04250541334036651,-0.020762332941307568,0.37500012329031535,0.31282722513089,0.1303429320319632,0.8776776345063529,0.0,65.42924816753926,0.31282535279992807,0.13007606547121253,0.8671936367940228,0.0
N-acetylisoleucine,Amino acid,"Valine, leucine and isoleucine metabolism",-0.1250278948320091,-0.09194271180164916,-0.07721355863974867,-0.0946231654069266,-0.09914595268684727,-0.10991193456753554,-0.11916297629784459,-0.07292267396420432,0.37500012329031535,0.22513089005235604,0.37595475335585105,0.3741354234551136,0.0,52.246718324607315,0.2251332229027826,0.37722936776315136,0.4266213951635908,0.0
N-acetylkynurenine (2),Amino Acid,Tryptophan Metabolism,-0.02133346300226413,-0.021390761401128895,0.006552449578975491,-0.0212474601181356,0.004935647620157054,-0.0313207443516962,-0.030228552765267383,0.0023481681903148696,0.37500012329031535,0.06806282722513088,0.1428447729859475,0.5775174330617062,0.0,67.33061256544505,0.06806117338880542,0.14252196826141625,0.5761829376714727,0.0
N-acetylleucine,Amino Acid,"Leucine, Isoleucine and Valine Metabolism",-0.1286550524573739,-0.11883979397070979,-0.0906035317588578,-0.12359773810867289,-0.07343979217441425,-0.11192802944147288,-0.12316834595462237,-0.07359514998475275,0.37500012329031535,0.27356020942408377,0.139733000326547,0.9205822555786682,0.0,53.29431832460732,0.2735608716309051,0.1396239713087862,0.9158674371088851,0.0
N-acetylmannosamine,Carbohydrate,Aminosugar Metabolism,0.037240145912021176,0.018864864888256495,0.041042014534786606,0.019824399150075975,0.05038568361121361,0.05108938978939158,0.04069240237119874,0.021994485619716897,0.37500012329031535,0.16099476439790578,0.14835537978533023,0.603070891918766,1.0,0.0,0.16099875444611375,0.1480791268666038,0.5938715331121677,1.0
N-acetylmethionine,Amino acid,"Cysteine, methionine, SAM, taurine metabolism",-0.009972089995789742,-0.022655148733293048,0.02351295988375513,-0.02296438078451867,0.031113963951633135,-0.01776120444427008,0.004098507057885916,0.0017464254758615993,0.37500012329031535,0.7198952879581152,6.186907371541269,0.09250332030420744,1.0,0.0,0.7198877717426199,6.5579300910531435,0.09388900754892765,1.0
N-acetylmethionine sulfoxide,Amino Acid,"Methionine, Cysteine, SAM and Taurine Metabolism",-0.08896975043617823,-0.06815548295266456,-0.04913678719360406,-0.06666526958975637,-0.05630206338173505,-0.07819315626882745,-0.08464900548172523,-0.047187725625284074,0.37500012329031535,0.23167539267015708,0.1809754658700225,0.798992284752903,0.0,54.473537172774854,0.23167302284371508,0.18087141947857732,0.7948370094512488,0.0
N-acetylmethionylphenylalanine,Peptide,Dipeptide,-0.031904372798582215,-0.008667332922806146,0.00045897326594831117,-0.008253161131454566,-0.02777502703741471,-0.0396976935149016,-0.03993612517298863,-0.004809236096613501,0.37500012329031535,0.06806282722513088,0.06103730544116817,0.5842884438970672,0.0,74.96397801047121,0.06806117338880542,0.06030484433551828,0.5791392051167952,0.0
N-acetylneuraminate,Carbohydrate,Aminosugar Metabolism,-0.024384727204209356,0.039615605940026506,-0.0001469580998017093,0.041945865095213294,0.03624846431590369,0.01331812101831707,-0.00486360947062413,0.02054726092850631,0.37500012329031535,0.7198952879581152,2.9370983126996144,0.19517529075674533,1.0,0.0,0.7198877717426199,3.114043051472056,0.18170663206336188,1.0
N-acetylornithine,Amino acid,Urea cycle; Arginine and Proline Metabolism,-0.130783715942658,-0.12761709600070015,-0.11104839105517608,-0.12761709600070015,-0.13052547009838314,-0.12435276146192423,-0.13754718773538613,-0.13538804283475225,0.37500012329031535,0.20418848167539266,12.024346481092238,0.0709558982251721,1.0,0.0,0.20419250869961605,13.902164073538804,0.06911045541523882,1.0
N-acetylphenylalanine,Amino Acid,Phenylalanine Metabolism,-0.17058574342333563,-0.142991591539527,-0.13724236072284218,-0.14566850981141358,-0.13446070284728512,-0.15842288393470155,-0.16224994452966565,-0.13499260350141037,0.37500012329031535,0.14659685863874344,0.09268991771071271,0.6424125997989008,0.0,60.87460732984291,0.1466016924123939,0.09179943759918296,0.6737622516785956,0.0
N-acetylputrescine,Amino Acid,Polyamine Metabolism,0.06387050074366739,0.05743003396246672,0.06217736131291617,0.056731789812822966,0.0671197281132166,0.05249084268663498,0.06847587668062795,0.0882289824368438,0.37500012329031535,0.4096858638743456,691.9988290866941,0.07082409211232074,1.0,0.0,0.4096742298753162,74.74019072013844,0.0814166138699038,1.0
N-acetylserine,Amino acid,"Glycine, Serine and Threonine Metabolism",0.01887514653914703,0.050873135271612885,0.06695125529151419,0.05117576570111228,0.060221982159867966,0.002448475165198491,0.006065221270086741,0.0017194986224655553,0.37500012329031535,0.6714659685863875,6.514090046486494,0.11615048000166502,0.0,64.92938324607327,0.6714588389383259,7.228573538416143,0.12585690285981949,0.0
N-acetyltaurine,Amino Acid,"Methionine, Cysteine, SAM and Taurine Metabolism",-0.09251569600739316,-0.06661923318593431,-0.0408992932180809,-0.06696627468620997,-0.05714441728776693,-0.07676697055917334,-0.07089709940119168,-0.042245792530927515,0.37500012329031535,0.23167539267015708,0.09063799648004016,0.8284293696640644,0.0,58.246331937172776,0.23167302284371508,0.09074128136780923,0.8185979226842054,0.0
N-acetylthreonine,Amino Acid,"Glycine, Serine and Threonine Metabolism",-0.017879674848932922,0.02057063111760767,0.017929296633918786,0.02256432458501255,0.007094916982537539,0.007174907083204662,0.006817208433434721,0.05260760217551555,0.37500012329031535,0.6714659685863875,6.6870844366657884,0.10364936384587534,0.0,57.5131832460733,0.6714588389383259,7.165147645803081,0.10675828350625886,0.0
N-acetyltryptophan,Amino Acid,Tryptophan Metabolism,0.04629960443023199,0.06681450088526546,0.08304298051360284,0.06844516369988439,0.0930329302984461,0.06899280463547652,0.07503005177761071,0.0917064584064319,0.37500012329031535,0.41361256544502617,0.7005123261944637,0.5767988927878399,0.0,54.59004083769635,0.4136060711121384,0.700797275336711,0.609385096685005,0.0
N-acetyltyrosine,Amino acid,Phenylalanine and Tyrosine Metabolism,-0.10523179187612897,-0.09063522172810115,-0.0707908351354047,-0.08862722097836832,-0.07435082180894467,-0.10489005837330334,-0.10206362934707923,-0.06816129661123856,0.37500012329031535,0.1099476439790576,0.08949905589578992,0.6285485684499617,0.0,65.7792827225131,0.10994902217599549,0.08869870288934789,0.6180580635428673,0.0
N-acetylvaline,Amino Acid,"Leucine, Isoleucine and Valine Metabolism",-0.13985496974670084,-0.12727177989551078,-0.08451812783854946,-0.1280639734945292,-0.08977510356424252,-0.12008033464456866,-0.13341077896276085,-0.08410565765225986,0.37500012329031535,0.27356020942408377,0.10187880159760873,0.9161365580694738,0.0,51.24754345549738,0.2735608716309051,0.10149451110406754,0.9116759351245238,0.0
N-alpha-acetylornithine,Amino Acid,Urea cycle; Arginine and Proline Metabolism,-0.033673271935012176,-0.024654115274933167,0.005380339483544518,-0.027072507391586006,-0.008704830046670876,-0.012971316849178217,-0.021125227844701673,0.004134447880602243,0.37500012329031535,0.1950261780104712,0.16159935137431455,0.8214949497133788,1.0,0.0,0.19502035260731665,0.16073988369221828,0.817655779447653,1.0
N-arachidonoyltaurine,Lipid,Endocannabinoid,-0.02956656185258969,-0.030799435821810713,0.0005841795108832449,-0.027937232163848465,0.004391083714067662,-0.03563523318904804,-0.04189231357970397,-0.008657389374285031,0.37500012329031535,0.06806282722513088,0.06275641565514913,0.5840161590693113,0.0,73.10824397905759,0.06806117338880542,0.061467857034545936,0.5796544164161697,0.0
N-behenoyl-sphingadienine (d18:2/22:0),,,-0.05982723822817842,-0.0637653504286727,-0.05970475247171441,-0.06681664701679564,-0.05723093204177886,-0.09765701408941198,-0.08975701250891445,-0.051438944236442144,0.37500012329031535,0.23167539267015708,0.16874727735066353,0.8099232324363372,0.0,53.405846073298406,0.23167302284371508,0.1682724466824643,0.800644635989937,0.0
N-carbamoylaspartate,Nucleotide,"Pyrimidine Metabolism, Orotate containing",-0.03695445768578494,-0.012252196260210449,0.006665825062831075,-0.010486415521794953,-0.010371993348621357,-0.04378742605135027,-0.04141100695000176,-0.007269986824330914,0.37500012329031535,0.06806282722513088,0.1352906786086175,0.583003602967965,1.0,0.0,0.06806117338880542,0.13503548339362162,0.5776517733566044,1.0
N-carboxymethylalanine,Xenobiotics,Food Component/Plant,-0.13801960611247824,-0.14238297357664453,-0.1619417356066605,-0.1437224372066035,-0.14440822832876696,-0.13057742181829393,-0.13299689401982237,-0.15549392970446738,0.37500012329031535,0.03664921465968586,0.10878340331651065,0.6989533903340364,0.0,75.74626910994763,0.03665267023639842,0.10917610423786665,0.7104792838625235,0.0
N-delta-acetylornithine,Amino Acid,Urea cycle; Arginine and Proline Metabolism,-0.06804224381366104,-0.038028559179960585,-0.03248353324948567,-0.03189143121422752,-0.027840275955398636,-0.049846891606964816,-0.047545308824142554,-0.03181674647299619,0.37500012329031535,0.31282722513089,0.20899930028924263,0.870591346086039,1.0,0.0,0.31282535279992807,0.20870358055986293,0.8602948367839489,1.0
N-ethylglycinexylidide,Xenobiotics,"Drug - Analgesics, Anesthetics",0.04217923252855103,0.07411781134692072,0.09218758828014888,0.07958102590317676,0.10917768286808528,0.01659764541662042,0.0407058800872052,0.06504314958583501,0.37500012329031535,0.6348167539267016,0.7962853618426868,0.546276828234209,0.0,62.5610910994764,0.6348177253874699,0.7965717188210384,0.5752446274722073,0.0
N-formylglycine,,,0.1089997028225131,0.08913652610812081,0.12747137757878946,0.08776408824198424,0.0900921142517731,0.11539546786194044,0.11200293832076019,0.1163561203761411,0.37500012329031535,0.09685863874345549,0.045863445724634286,0.915648548253355,0.0,66.03007748691097,0.0968642859894449,0.04558089912619604,0.9169648152460151,0.0
N-formylkynurenine,Amino Acid,Tryptophan Metabolism,-0.034987467159962274,-0.015128783966830825,-0.01953003325442645,-0.010057574221062142,-0.018751550144690415,-0.0407037507620531,-0.03683342056921751,-0.007317864931165439,0.37500012329031535,0.06806282722513088,0.060592669427110044,0.5856743531717605,1.0,0.0,0.06806117338880542,0.0606744419627489,0.5790174637890482,1.0
N-formylmethionine,Amino Acid,"Methionine, Cysteine, SAM and Taurine Metabolism",0.05309226751436347,0.06840943726940338,0.0745018322646523,0.07521225390315231,0.08221006696791341,0.06860230776411642,0.06002334454612689,0.10555808912344507,0.37500012329031535,0.5942408376963351,5.705727216778085,0.12648136536340157,0.0,48.76798638743456,0.5942332139142494,6.076581691095126,0.11099253642613034,0.0
N-formylphenylalanine,Amino Acid,Tyrosine Metabolism,-0.08953227639658151,-0.06692717181393917,-0.030421454493144137,-0.06406252851513378,-0.04912224642703099,-0.08960968406057217,-0.0902316602929606,-0.05013339112341775,0.37500012329031535,0.23167539267015708,0.1072147093973766,0.823173315962064,0.0,60.457657591623025,0.23167302284371508,0.10716039611758454,0.8142375568856136,0.0
N-linoleoyltaurine,,,-0.02977260285410925,-0.03079356801805822,-0.0038149446802182374,-0.02809702673306498,0.0018312622565074942,-0.03683742426161921,-0.04273227254482579,-0.010817978151668883,0.37500012329031535,0.06806282722513088,0.07926362348406102,0.5840314513202585,0.0,62.556594764397914,0.06806117338880542,0.08012372335546174,0.5790072461173014,0.0
N-methyl-GABA,Amino Acid,Glutamate Metabolism,-0.07769118322728687,-0.08730455904726502,-0.05401064816645545,-0.08934713440009671,-0.07651419676792649,-0.07424046372296589,-0.06924271211758955,-0.03349325225215613,0.37500012329031535,0.23167539267015708,0.10913436693491524,0.825922220131449,0.0,48.74677905759161,0.23167302284371508,0.10899312116059574,0.816279935386552,0.0
N-methylalanine,Amino Acid,Alanine and Aspartate Metabolism,0.055401434508284574,0.06679187967962148,0.08696793467811872,0.06395352047670139,0.09574839896274269,0.06138163765343486,0.07324894960270642,0.08928023147246793,0.37500012329031535,0.16492146596858637,0.26986901445234934,0.8175926711523345,0.0,56.746832460732996,0.16492545937825032,0.26833290096682294,0.8120757520908487,0.0
N-methylglutamate,Amino acid,Glutamate Metabolism,-0.09259509377622012,-0.06545360830637964,-0.04166438211736719,-0.06505019270806668,-0.03164512632016419,-0.07005596762724949,-0.06419425045390903,-0.0435267174844038,0.37500012329031535,0.23691099476439792,0.12503498465650376,0.9118096580659438,0.0,58.742185340314144,0.23690820139450672,0.12489483762608321,0.9098616279359223,0.0
N-methylproline,Amino Acid,Urea cycle; Arginine and Proline Metabolism,-0.10440601911669048,-0.07212736726233893,-0.03212770210228071,-0.0744759630596829,-0.05076716830636071,-0.07811294102497215,-0.07249711414800938,-0.05692392911303869,0.37500012329031535,0.23167539267015708,0.12416775744797415,0.8162432780355237,0.0,62.260351832460756,0.23167302284371508,0.12377465506359932,0.806871502909026,0.0
N-monomethylarginine,Amino Acid,Urea cycle; Arginine and Proline Metabolism,-0.08064788913265382,-0.06535840649776142,-0.055382794996146824,-0.06190391709648961,-0.06095874855525516,-0.10491996375290139,-0.09535404805925846,-0.053635423404327746,0.37500012329031535,0.23167539267015708,0.16827650446215103,0.8018032785905211,0.0,55.31293821989527,0.23167302284371508,0.1682216480042283,0.7983744726247722,0.0
N-nervonoyl-sphingadiene (d18:2/24:1),,,-0.022339535950170138,-0.011889788013313285,-0.006002557072721673,-0.01202409728352911,-0.0031030214957503324,-0.022161489393953432,-0.025594789084823235,-0.00031250019714285863,0.37500012329031535,0.06806282722513088,0.04178092645222879,0.5858837235429839,0.0,69.17412356020944,0.06806117338880542,0.04113191879242257,0.5806173232210726,0.0
N-oleoylserine,Lipid,Endocannabinoid,-0.0252773983322729,-0.014667733181175552,-0.007724662320503752,-0.012771243149441029,-0.005658798926399998,-0.03555046481541366,-0.032825536066063185,0.004386896956795613,0.37500012329031535,0.06806282722513088,0.07639444126945133,0.5858870702617892,0.0,67.81352565445032,0.06806117338880542,0.07777379318421064,0.5790574934292306,0.0
N-oleoyltaurine,Lipid,Endocannabinoid,-0.05852441404462531,-0.05522308710980882,-0.04022406665655088,-0.06307655339435302,-0.05162780556288926,-0.07001104426767764,-0.0685778740230729,-0.05858902290646322,0.37500012329031535,0.18586387434554974,0.12336980680947994,0.7591744465554566,0.0,62.184592670157045,0.18586617358141685,0.12320695368889366,0.7571762758103877,0.0
N-palmitoyl-D-erythro-sphingosine,,,-0.09067599918678489,-0.06824457087965435,-0.06821935378447135,-0.06951663531599601,-0.05826531015090753,-0.08100396068063478,-0.08341784001435165,-0.05324529295291376,0.37500012329031535,0.23167539267015708,0.10794014904289259,0.8156591901032841,0.0,59.02677172774867,0.23167302284371508,0.10755018493808628,0.807916229759501,0.0
N-palmitoyl-heptadecasphingosine (d17:1/16:0),,,-0.08782787156806417,-0.06745593546840753,-0.060106232955208914,-0.06862008570855412,-0.058853874345381335,-0.08569984648789193,-0.0876287465142984,-0.05935840338889461,0.37500012329031535,0.23167539267015708,0.0948205729408739,0.8204804479414928,0.0,55.5748481675393,0.23167302284371508,0.09441849355472993,0.8116726775235706,0.0
N-palmitoyl-sphingadienine (d18:2/16:0),,,-0.08418159439693414,-0.07149228010042544,-0.0738675526838053,-0.0732694256428465,-0.055892479742608456,-0.07763337302670778,-0.07987334919573985,-0.07117288851342093,0.37500012329031535,0.23167539267015708,0.09483317616709096,0.8240793777268578,0.0,45.907573821989544,0.23167302284371508,0.09460011823909832,0.8147247175276234,0.0
N-palmitoyl-sphinganine (d18:0/16:0),Lipid,Dihydroceramides,0.0001757784902429733,0.014085264849369677,0.05865326614679011,0.018787676518009885,0.039597981602057325,-0.004713824895225995,-0.013796361473663057,0.03934358858335722,0.37500012329031535,0.3285340314136126,0.11176765207723341,0.8083432054482719,0.0,55.195510994764405,0.32853730883316,0.11179021001679419,0.823775433931539,0.0
N-palmitoylglycine,Lipid,Fatty Acid Metabolism (Acyl Glycine),-0.03600457773829335,-0.011047076240881047,-0.009455648568559873,-0.0067186352966035045,-0.0193212345944121,-0.030700548847541333,-0.03157807971822105,0.0010420743696554224,0.37500012329031535,0.06806282722513088,0.05869758617109691,0.5854385668977118,0.0,58.64960837696337,0.06806117338880542,0.06042185489322675,0.5798884622579739,0.0
N-palmitoyltaurine,Lipid,Endocannabinoid,-0.09852240736300717,-0.10592254112110723,-0.09171062825792689,-0.10215986361619929,-0.08027172643066977,-0.10969577483065683,-0.10833623320122815,-0.08738337195820489,0.37500012329031535,0.10471204188481675,0.09837723508946236,0.610355326505718,0.0,49.00540314136124,0.10471384362520386,0.09924383147253875,0.6208126994920388,0.0
N-stearoyl-sphingadienine (d18:2/18:0),,,-0.08379911920399112,-0.0711438830957147,-0.060687374187102905,-0.0718906101714715,-0.06649709830296532,-0.07545467304084709,-0.07827777035498946,-0.056161914072568035,0.37500012329031535,0.16361256544502617,0.04624144460548463,0.6797789038618176,0.0,57.93143246073301,0.16361184945490967,0.04620883328066857,0.6642070827136026,0.0
N-stearoyl-sphinganine (d18:0/18:0),,,-0.07167467004973424,-0.05365142733000115,-0.06381864677651186,-0.05404719947554229,-0.061370936494400924,-0.07978853653168057,-0.08963105739045067,-0.07530506715827052,0.37500012329031535,0.16361256544502617,0.10872204478684502,0.6732647519563866,0.0,62.18445968586393,0.16361184945490967,0.11098695719500816,0.6641702970926395,0.0
N-stearoyl-sphingosine (d18:1/18:0),,,-0.11173366171687905,-0.09711957395804312,-0.08236921145812577,-0.0965571868103405,-0.08203508370089736,-0.10461297398335724,-0.10757184904410692,-0.08390852202484184,0.37500012329031535,0.10471204188481675,0.1687954210328175,0.6446632238949601,0.0,61.0843162303665,0.10471384362520386,0.16953802787070707,0.6492684709941893,0.0
N-stearoyltaurine,Lipid,Endocannabinoid,-0.07706353623952827,-0.07783796794563413,-0.04574955585547716,-0.07531623971334718,-0.07048151904073718,-0.07759005475651909,-0.07976517861046012,-0.06169542458633453,0.37500012329031535,0.23167539267015708,0.08837950582173465,0.8322764198851729,0.0,54.661317277486916,0.23167302284371508,0.08846915188943455,0.8210609762240612,0.0
"N1,N12-diacetylspermine",Amino Acid,Polyamine Metabolism,-0.0694656877012945,-0.07143579193581695,-0.058884406212387726,-0.07212336246948611,-0.050182103627136786,-0.08591288898375897,-0.07815695424067189,-0.05784197173259019,0.37500012329031535,0.23167539267015708,0.16437925513144885,0.8066997855050309,1.0,0.0,0.23167302284371508,0.1647676264053944,0.7968205423578194,1.0
N1-Methyl-2-pyridone-5-carboxamide,Cofactors and Vitamins,Nicotinate and Nicotinamide Metabolism,-0.12317281149922452,-0.10906492610097482,-0.08620595185979714,-0.107012298794597,-0.10562336174505052,-0.1256949109703907,-0.12102571311343717,-0.09887868019124436,0.37500012329031535,0.27356020942408377,0.08709069719912348,0.9138809150492522,1.0,0.0,0.2735608716309051,0.0868355500600574,0.9093864284205067,1.0
N1-Methyl-4-pyridone-3-carboxamide,Cofactors and Vitamins,Nicotinate and Nicotinamide Metabolism,-0.1417699369503887,-0.13214680562707204,-0.16703210868733925,-0.13370362072077,-0.1674845862945107,-0.13424634716963882,-0.13440039403537188,-0.16176074456379191,0.37500012329031535,0.03664921465968586,0.06727487626920124,0.6969219467682699,1.0,0.0,0.03665267023639842,0.06974843039647738,0.7070234874981426,1.0
N1-methylguanosine,Nucleotide,"Purine Metabolism, Guanine containing",0.01017436339870073,0.026107698539919583,0.007066960493799101,0.020518666293222142,0.00030821148307726885,-0.00021400121515161168,0.01778422573419318,-0.009817325405417432,0.37500012329031535,0.47643979057591623,3.169583835150761,0.15954489369605235,0.0,65.5047832460733,0.47643848633100916,3.203677579821838,0.15047267299805436,0.0
N1-methylinosine,Nucleotide,"Purine Metabolism, (Hypo)Xanthine/Inosine containing",-0.08396533661983598,-0.0644259541095339,-0.04654985007956184,-0.05991276777524451,-0.05180562606428336,-0.07454382133744879,-0.06662435201670176,-0.05282110304826557,0.37500012329031535,0.23167539267015708,0.12150906380054591,0.8136817347910172,0.0,59.691949738219904,0.23167302284371508,0.12129584308418047,0.8057665052672854,0.0
"N2,N2-dimethylguanosine",Nucleotide,"Purine Metabolism, Guanine containing",0.06796857141062701,0.09337189890301453,0.10184308987451461,0.09489898746679984,0.10858119562300168,0.043732492521845176,0.06048285853806488,0.10495756881068999,0.37500012329031535,0.4725130890052356,1.1835116481378816,0.3885935056020254,0.0,57.54460628272253,0.4725104973227012,1.1844747293672504,0.4005352829929596,0.0
"N2,N5-diacetylornithine",Amino Acid,Urea cycle; Arginine and Proline Metabolism,-0.016304982353276064,-0.02305655159181611,-0.003431301327308676,-0.026145220756766428,-0.006489695796681946,-0.01820207311999143,-0.032501488193597876,-0.010358100926764105,0.37500012329031535,0.06806282722513088,0.09294928262797414,0.5830534789401647,0.0,66.69313403141366,0.06806117338880542,0.09087327070844782,0.577358386628453,0.0
"N2-acetyl,N6,N6-dimethyllysine",Amino Acid,Lysine Metabolism,-0.034615704694521424,-0.007111112072999925,0.0028611411097151694,-0.009757602577877307,-0.011518800085794234,-0.032379461929495916,-0.022459207101094635,-0.0005081835228239413,0.37500012329031535,0.06806282722513088,0.11056945256307539,0.5795686868386336,0.0,65.18043246073299,0.06806117338880542,0.11036865503910363,0.5776924029256411,0.0
"N2-acetyl,N6-methyllysine",Amino Acid,Lysine Metabolism,-0.034426259390525765,-0.011920728783910886,-0.003865931137148675,-0.014006130378617532,-0.002982319186668662,-0.02588784366787304,-0.01819343770500737,-0.002856208982777264,0.37500012329031535,0.06806282722513088,0.16232829230785417,0.5755550314703677,0.0,58.449769633507856,0.06806117338880542,0.1633990123330803,0.5733826954823259,0.0
N2-acetyllysine,Amino acid,Lysine Metabolism,-0.07344332409849591,-0.07746340684101918,-0.015886365519020996,-0.08037096419928128,-0.015569685526008261,-0.06043795596674511,-0.07898052606740433,-0.01881978130627104,0.37500012329031535,0.23691099476439792,0.20468304858677305,0.9136016963663282,0.0,53.55023664921468,0.23690820139450672,0.2053310850621534,0.91225088180756,0.0
N2-methylguanosine,Nucleotide,"Purine Metabolism, Guanine containing",-0.1547571207852289,-0.1589883746218456,-0.15749555320537453,-0.15822825991298775,-0.1568722183001967,-0.16257622490208742,-0.1586972463356659,-0.16416647620107547,0.37500012329031535,0.3808900523560209,10.181510366584558,0.07393600877791509,0.0,62.842594764397894,0.3808878102649049,11.06537696724085,0.07129728283344806,0.0
N4-acetylcytidine,Nucleotide,"Pyrimidine Metabolism, Cytidine containing",0.08722005238293053,0.09357083602949301,0.1434068181502824,0.09379648714577644,0.10334495399232183,0.09569419775847758,0.10202141316418624,0.1375023495919765,0.37500012329031535,0.2513089005235602,0.5048538515848369,0.6086109881512466,0.0,65.15965968586389,0.25130911565674074,0.504144310891835,0.6308067171734988,0.0
"N6,N6-dimethyllysine",Amino Acid,Lysine Metabolism,-0.07800587403711462,-0.07832871371289779,-0.06271991849619851,-0.07704138639288134,-0.08360975648292042,-0.09285026756025282,-0.08725436959138197,-0.06255833922169164,0.37500012329031535,0.16361256544502617,0.07391863809568619,0.6839194566079068,1.0,0.0,0.16361184945490967,0.07558801863812827,0.6683957922721172,1.0
N6-acetyllysine,Amino acid,Lysine Metabolism,-0.02415700122517848,0.03989115409187165,0.00468480556097553,0.03909379700150722,-0.005251910461927875,-0.03513068356281889,-0.036094813777955786,0.033659351492906005,0.37500012329031535,0.7198952879581152,7.9970574987592675,0.10402002301439955,0.0,71.20583874345547,0.7198877717426199,8.532681219021397,0.07196730998826562,0.0
N6-carbamoylthreonyladenosine,Nucleotide,"Purine Metabolism, Adenine containing",-0.1600129987891715,-0.17363209665079035,-0.17804159631944116,-0.17463806265916498,-0.1720052532918032,-0.17686924213392907,-0.18012764857976502,-0.143245521904904,0.37500012329031535,0.32591623036649214,13.088887526828245,0.10329574398179478,0.0,58.122794764397895,0.3259152252911643,101.48038377802659,0.10512341223747895,0.0
N6-carboxymethyllysine,Carbohydrate,Advanced Glycation End-product,-0.09015959907643495,-0.06129935244458985,-0.06728753767174381,-0.060790884107172295,-0.05445130637816193,-0.0835845898732427,-0.09615873936541179,-0.06758643744485189,0.37500012329031535,0.23167539267015708,0.1282986916363364,0.8117858141381646,0.0,52.44351413612565,0.23167302284371508,0.1285004444191959,0.8056560320842885,0.0
N6-methyladenosine,Nucleotide,"Purine Metabolism, Adenine containing",0.07658240769169067,0.07383579013900378,0.09104498159552118,0.07379313385349773,0.07730926849753152,0.07579599741590859,0.06741088278216457,0.07371354485617504,0.37500012329031535,0.2198952879581152,0.3448845845132521,0.6159552064211257,0.0,65.75023769633508,0.21990061250433376,0.3469527956343487,0.6322650048343926,0.0
N6-methyllysine,Amino Acid,Lysine Metabolism,-0.09716143454657306,-0.07026848838914841,-0.0313241797157329,-0.06758932875557974,-0.06586825031309805,-0.09032673810481219,-0.09615054827432157,-0.036087207110683424,0.37500012329031535,0.23167539267015708,0.11168754680180862,0.8195885819434563,0.0,52.806063874345554,0.23167302284371508,0.11141464956004606,0.8113327336665735,0.0
N6-succinyladenosine,Nucleotide,"Purine Metabolism, Adenine containing",-0.08009563909987391,-0.06464190414282847,-0.029998986275142952,-0.06832455445279886,-0.058290938953766996,-0.0906254534832813,-0.09261124638219226,-0.05014303818283656,0.37500012329031535,0.23167539267015708,0.1580849300959436,0.8155268611810982,0.0,50.991397905759136,0.23167302284371508,0.1581843161200941,0.8046111918915986,0.0
NADHX,,,-0.03791647431651774,-0.014294239542864896,-0.023217329414634395,-0.013508128288250617,-0.020430408092923718,-0.038973920133201626,-0.041804106740830474,-0.02525306084352265,0.37500012329031535,0.06806282722513088,0.10824862271660571,0.5831725151531885,0.0,69.57656125654445,0.06806117338880542,0.10812137185373895,0.5783998285142687,0.0
NADPH,,,-0.10943889213222069,-0.11026458216399489,-0.1087032681056408,-0.11016449309636572,-0.11520149898626078,-0.11301165303722374,-0.10965866659032886,-0.11642552608112022,0.37500012329031535,0.048429319371727744,0.41952872848603695,0.5024610804576891,0.0,81.14955706806279,0.04842893280429395,0.42071546539436594,0.5179341914508204,0.0
O-methyltyrosine,Amino Acid,Tyrosine Metabolism,-0.040635147844773074,-0.056457283477816755,-0.06862429269129919,-0.06138781290963583,-0.05607136484180033,-0.042145029613258285,-0.03607588090069706,-0.06125367955165024,0.37500012329031535,0.11780104712041885,0.1209079642876891,0.7910327861244916,0.0,61.53286910994765,0.11780500019261142,0.1210216899342715,0.784341461758992,0.0
O-phosphocolamine,,,0.11090467684438411,0.10308171104088427,0.1077077454948032,0.10056087732650784,0.1004949991322982,0.11077894006052036,0.11442554581064024,0.09931776235348996,0.37500012329031535,0.09685863874345549,0.02550028996331579,0.9160569468699744,0.0,72.38101780104716,0.0968642859894449,0.025613207499867924,0.9179995476873665,0.0
O-sulfo-L-tyrosine,Xenobiotics,Chemical,-0.08355812634818198,-0.04682864167547204,-0.0463989592161402,-0.044503335432825857,-0.05417080245259738,-0.08482056436355274,-0.08581593945199764,-0.07051273396820679,0.37500012329031535,0.23167539267015708,0.07239357379776595,0.8265304437265668,0.0,59.57985863874346,0.23167302284371508,0.07234687719395066,0.8169489609256297,0.0
Octanoate,,,-0.12207877539493048,-0.11989079432426215,-0.11957148946444325,-0.11984171109787675,-0.10919792675004618,-0.1196818607917914,-0.12044249705140317,-0.11752550681928142,0.37500012329031535,0.048429319371727744,1.2428820105052887,0.33900835487676345,1.0,0.0,0.04842893280429395,1.2954269447917126,0.34491635969117546,1.0
PA(16:0/18:1),Lipid,Phosphatidic Acid (PA),0.09720839697478509,0.10625670038211532,0.12006224012301242,0.10741916236802693,0.1262269522621482,0.11264249756228673,0.11246343319113844,0.11655900970411696,0.37500012329031535,0.09685863874345549,0.08070505234811787,0.9128987060368825,1.0,0.0,0.0968642859894449,0.08018210915571906,0.9156177649331912,1.0
PA(16:0/18:2),Lipid,Phosphatidic Acid (PA),0.10479749956752002,0.11401658206166088,0.12386195584298455,0.11381679477165062,0.1257416036582075,0.12422549916157552,0.12771469823349063,0.12101814916714394,0.37500012329031535,0.09685863874345549,0.08526516593876196,0.9119923963527876,1.0,0.0,0.0968642859894449,0.08470357688048728,0.9149000428103425,1.0
PA(16:0/20:4),Lipid,Phosphatidic Acid (PA),0.12596602875094376,0.10909164218221797,0.10776407689975659,0.10760144721106733,0.11826732340515231,0.11209391125414815,0.11306286395438467,0.10493328006417699,0.37500012329031535,0.09685863874345549,0.07038220134330149,0.9134194920469945,0.0,61.54204188481676,0.0968642859894449,0.0704034861476678,0.9166928509834461,0.0
PA(18:1/18:1),Lipid,Phosphatidic Acid (PA),0.12641097416795793,0.10666492590422101,0.10878825752083846,0.1069077673418576,0.12056355352579348,0.11294727215973538,0.11416637054953,0.10021569537771219,0.37500012329031535,0.09685863874345549,0.09215002494098057,0.9118519270585657,0.0,67.74061570680628,0.0968642859894449,0.09171449505489156,0.9146122779487946,0.0
PA(18:1/20:4),Lipid,Phosphatidic Acid (PA),0.12699700664047456,0.11388334150852526,0.10883462764008323,0.11850472290549575,0.11589945225252912,0.11105134098819819,0.11175526248459723,0.10147351828936019,0.37500012329031535,0.09685863874345549,0.0681747625727946,0.9133928861874606,0.0,72.54730471204185,0.0968642859894449,0.06797810839458672,0.916674612081719,0.0
PC(0:0/14:0)_A,Lipid,Phosphatidylcholine (PC),0.10596811712534857,0.10929772714413256,0.1145787328469574,0.11103899999855266,0.11165261519820133,0.10644450669741498,0.11156338408911391,0.12672282372763607,0.37500012329031535,0.09685863874345549,0.08275382938608153,0.9134402382494874,0.0,67.09512670157066,0.0968642859894449,0.0824793916313545,0.9142338902907863,0.0
PC(0:0/14:0)_B,Lipid,Phosphatidylcholine (PC),0.11337148939852468,0.09646043774496295,0.10789511126209766,0.09781350124466764,0.1058295149900301,0.11956738221588871,0.11726198653202466,0.11395478197770775,0.37500012329031535,0.09685863874345549,0.042771583886208074,0.9159744189910806,0.0,69.627509947644,0.0968642859894449,0.04274641844532482,0.9175141553762375,0.0
PC(0:0/16:0)_A,Lipid,Phosphatidylcholine (PC),0.09675998579574867,0.10983125093251357,0.11031213367145205,0.11171517742079255,0.10811544955363017,0.11188743947758274,0.11054640203548896,0.09990538461432322,0.37500012329031535,0.09685863874345549,0.036935255215117826,0.9158572339580797,0.0,63.169590575916246,0.0968642859894449,0.036744244801724175,0.917327880840574,0.0
PC(0:0/16:0)_B,Lipid,Phosphatidylcholine (PC),0.10924768407065502,0.08954186352591365,0.12210642965894652,0.09065846348500589,0.0952550419491047,0.11080102267447807,0.11342501616753459,0.11266194080126675,0.37500012329031535,0.09685863874345549,0.023313799186462075,0.9165006288022461,0.0,65.52903036649218,0.0968642859894449,0.023333201187489258,0.9181697228462425,0.0
PC(0:0/18:0)_A,Lipid,Phosphatidylcholine (PC),0.10141223351992655,0.1081286866983973,0.10701342382463506,0.10388598123773923,0.1049745558883144,0.11653353912583617,0.11884882750206252,0.11689189046787653,0.37500012329031535,0.09685863874345549,0.060200762960182064,0.9148820875623124,0.0,67.23615183246075,0.0968642859894449,0.062255629185801686,0.9160159093655865,0.0
PC(0:0/18:0)_B,Lipid,Phosphatidylcholine (PC),0.10913485426259815,0.09269781277204533,0.11221913825252701,0.0909141944252238,0.08833410108902126,0.11623084929711353,0.1155397949401763,0.1026728838303801,0.37500012329031535,0.09685863874345549,0.03214475813609806,0.9162331579456987,0.0,73.597064921466,0.0968642859894449,0.03325173891133267,0.9177084734270466,0.0
PC(0:0/18:1)_A,Lipid,Phosphatidylcholine (PC),0.11050434813386294,0.09816099635108419,0.09950149124868678,0.09900341359240437,0.1069915223669295,0.1061973221761747,0.10108050299563837,0.09624087496292183,0.37500012329031535,0.09685863874345549,0.03842759105983464,0.9162131724917675,0.0,68.76965863874346,0.0968642859894449,0.038348986252399915,0.9177109561367508,0.0
PC(0:0/18:1)_B,Lipid,Phosphatidylcholine (PC),0.11405862651486205,0.10026962002907154,0.1182307140088166,0.09572977409552512,0.10007651816571132,0.11187048247335908,0.11330623746527865,0.1123391684026021,0.37500012329031535,0.09685863874345549,0.028853111243134385,0.9165341244899152,0.0,61.908650261780124,0.0968642859894449,0.02887672528929767,0.9178813760073642,0.0
PC(0:0/20:4)_A,Lipid,Phosphatidylcholine (PC),0.10204326778360531,0.1064103715990935,0.11027088458902119,0.10363783157134247,0.11166808527546955,0.10106678601414812,0.10699622679803339,0.11797575857809009,0.37500012329031535,0.09685863874345549,0.07172395776234582,0.9143111822296044,0.0,62.059501570680666,0.0968642859894449,0.07149484107416484,0.9154082179961088,0.0
PC(0:0/20:4)_B,Lipid,Phosphatidylcholine (PC),0.09480597323308042,0.10295971537537406,0.10977597582497091,0.09711236043931643,0.10605994827580419,0.10931020057487201,0.10813205394782277,0.11345071417914689,0.37500012329031535,0.09685863874345549,0.057079142856062144,0.9150503069196779,0.0,66.85520104712037,0.0968642859894449,0.05838650678975108,0.9162744878450889,0.0
PC(14:0/14:0),Lipid,Phosphatidylcholine (PC),0.11288433073450418,0.095305356470073,0.11155900585424725,0.0970709776483526,0.10755479630390327,0.12060603524123886,0.11827280723094344,0.09618677649046957,0.37500012329031535,0.09685863874345549,0.05503442699553571,0.9151837829702061,1.0,0.0,0.0968642859894449,0.054474499300280955,0.916990420405619,1.0
PC(14:0/15:0),Lipid,Phosphatidylcholine (PC),0.10316160677790322,0.10642971922381875,0.13166305986325433,0.10888522294897086,0.11418672616990476,0.10960483018310618,0.10776144315073352,0.11801065650520338,0.37500012329031535,0.09685863874345549,0.04268363897543098,0.915622745204704,1.0,0.0,0.0968642859894449,0.04342013657206085,0.917354860137884,1.0
PC(14:0/16:1)_A,Lipid,Phosphatidylcholine (PC),0.12591317919980025,0.09837292437589094,0.12231288900475354,0.10046881900153658,0.11001289397459557,0.11212368228270687,0.10896552323843184,0.1049964439751667,0.37500012329031535,0.09685863874345549,0.05243229094624097,0.9154316520817094,0.0,66.97608691099477,0.0968642859894449,0.05232679634286164,0.9172432547182692,0.0
PC(14:0/16:1)_B,Lipid,Phosphatidylcholine (PC),0.112212650120059,0.09694558578610415,0.11831680893321603,0.09806519418718891,0.11388154981418304,0.12040541940740067,0.11674785866238292,0.1002274349869097,0.37500012329031535,0.09685863874345549,0.05107853187287474,0.9155390033507782,0.0,67.0824492146597,0.0968642859894449,0.05175231908806046,0.9175653089682575,0.0
PC(14:0/16:1)_C,Lipid,Phosphatidylcholine (PC),0.11880515358906982,0.10082578067208964,0.11397359476830102,0.10432959940853029,0.11983272942611604,0.10985501570900938,0.11041255191600993,0.11392951106497054,0.37500012329031535,0.09685863874345549,0.06406975040907051,0.9148051214472648,0.0,56.29872774869108,0.0968642859894449,0.0643770435882039,0.9172218513975751,0.0
PC(14:0/22:6),Lipid,Phosphatidylcholine (PC),0.11592134745338167,0.1048020986224496,0.1108764104224233,0.10165153783019784,0.10783404657507606,0.11083575996739047,0.10788116464648977,0.10245882983989862,0.37500012329031535,0.09685863874345549,0.049532757959493884,0.9155345923796974,1.0,0.0,0.0968642859894449,0.04924653503220373,0.917734251785716,1.0
PC(14:1/16:0),Lipid,Phosphatidylcholine (PC),0.10601230891082736,0.0972651224382702,0.12484556929515388,0.09896376901236954,0.10749041564526321,0.11897864087190646,0.11725157596717628,0.10905397648847154,0.37500012329031535,0.09685863874345549,0.055686644239172974,0.9151911973652926,1.0,0.0,0.0968642859894449,0.05598886338337725,0.916879687643993,1.0
PC(15:0/16:0)_A,Lipid,Phosphatidylcholine (PC),0.10987133533171171,0.0892564091788096,0.12616126125988475,0.09014895374915188,0.11002504808024538,0.12204858896938596,0.11206147119046887,0.11057196946363308,0.37500012329031535,0.09685863874345549,0.05020923144326682,0.9157956552460822,0.0,67.20503664921465,0.0968642859894449,0.05028096267194079,0.9171732831884741,0.0
PC(15:0/16:0)_B,Lipid,Phosphatidylcholine (PC),0.1109038402811374,0.09792060177960152,0.12494999565942774,0.09995591306894434,0.11282260497452089,0.10832944303770924,0.10461588567028643,0.12627337586480616,0.37500012329031535,0.09685863874345549,0.027856353136851593,0.9162600030388507,0.0,58.868255497382236,0.0968642859894449,0.02859656737303572,0.9180161961331184,0.0
PC(15:0/16:1)_A,Lipid,Phosphatidylcholine (PC),0.1278765931399081,0.09710792131602079,0.13028366915340173,0.10023355883772113,0.11259107527877618,0.11558940446858638,0.11357421655865227,0.11730609276140735,0.37500012329031535,0.09685863874345549,0.04424935748380793,0.9155082901571516,0.0,59.375719371727726,0.0968642859894449,0.0449849871709993,0.9173279213351518,0.0
PC(15:0/16:1)_B,Lipid,Phosphatidylcholine (PC),0.11227973452517885,0.10583213567727692,0.10984204121112676,0.10824326154032593,0.11895157682278545,0.10116102552783292,0.10187272839030483,0.12022024349645985,0.37500012329031535,0.09685863874345549,0.04557369539123566,0.9155287420167768,0.0,55.04372774869111,0.0968642859894449,0.04727032246191649,0.9176186784382724,0.0
PC(15:0/20:4),Lipid,Phosphatidylcholine (PC),0.10042904596571371,0.10690141618654005,0.12736906380933705,0.11083351672503657,0.13075563353318903,0.11483899395747545,0.11122956879609973,0.1252345942719206,0.37500012329031535,0.09685863874345549,0.03824156548106984,0.91582797931347,1.0,0.0,0.0968642859894449,0.03891736288095967,0.917817275020323,1.0
PC(15:0/22:6),Lipid,Phosphatidylcholine (PC),0.11989354893064696,0.10189572972401778,0.1077785174213207,0.1041636002648094,0.11968647903271944,0.10765764291422883,0.1027618756125583,0.12566807733591015,0.37500012329031535,0.09685863874345549,0.03844832147719774,0.915932054877415,1.0,0.0,0.0968642859894449,0.0391055764771265,0.9179575978243829,1.0
PC(16:0/16:0)_A,Lipid,Phosphatidylcholine (PC),0.12330638172903789,0.1048502470651833,0.1326142623670242,0.10697706847451209,0.11513068167118598,0.11655806503562563,0.1133561524056677,0.11077523317550136,0.37500012329031535,0.09685863874345549,0.056512772446889445,0.9154723292994944,0.0,57.896500523560206,0.0968642859894449,0.056914129063432295,0.9165868104923064,0.0
PC(16:0/16:0)_B,Lipid,Phosphatidylcholine (PC),0.11143882911682094,0.09584719692920668,0.11000515225053481,0.09818193510735218,0.10912635291738504,0.10799613233839943,0.10955147603825831,0.10833638953356121,0.37500012329031535,0.09685863874345549,0.02308591549247504,0.9165986869859433,0.0,56.71350052356023,0.0968642859894449,0.023095204333954424,0.9183429963344159,0.0
PC(16:0/16:1)_A;PC(14:0/18:1),Lipid,Phosphatidylcholine (PC),0.121604719133689,0.09020882843022976,0.11423442000362626,0.09134980345488809,0.09902982102767209,0.10126769398118358,0.10134998259134347,0.11286041774765361,0.37500012329031535,0.09685863874345549,0.026430019610000785,0.9164798004316097,0.0,50.274669109947645,0.0968642859894449,0.026461684773024657,0.9183018496240541,0.0
PC(16:0/16:1)_B,Lipid,Phosphatidylcholine (PC),0.1131024745601789,0.09344904079385874,0.11069373782463719,0.0954489326928096,0.11042451569343947,0.09712787444259055,0.09870843454888699,0.10414679310221117,0.37500012329031535,0.09685863874345549,0.03612240835684562,0.9162332686048611,0.0,59.65775602094243,0.0968642859894449,0.03641882390968173,0.9183144519820905,0.0
PC(16:0/16:1)_C,Lipid,Phosphatidylcholine (PC),0.11466470994773713,0.10078382293443389,0.12895170486020463,0.10397044491803602,0.1246905075094325,0.10783105052437529,0.10871977282561456,0.10733170361659092,0.37500012329031535,0.09685863874345549,0.060448844628251855,0.9147644833251389,0.0,61.11047434554976,0.0968642859894449,0.060901193142826826,0.9171715842343143,0.0
PC(16:0/17:0),Lipid,Phosphatidylcholine (PC),0.11163516918295355,0.109629310935122,0.12052041915304734,0.11227255481146095,0.11123833267955069,0.10990254046869344,0.11110449595132066,0.10612315229935382,0.37500012329031535,0.09685863874345549,0.025885272797852896,0.9162987600459875,0.0,60.1109570680628,0.0968642859894449,0.026707242566008,0.9181341706447205,0.0
PC(16:0/17:1);PC(15:0/18:1),Lipid,Phosphatidylcholine (PC),0.11553870608007737,0.09370407644970506,0.12799733346420264,0.09434163884761422,0.11192582184368248,0.11587042332558385,0.10656526393814335,0.11448350562975403,0.37500012329031535,0.09685863874345549,0.02933785520720742,0.9163261622318185,0.0,60.284534031413614,0.0968642859894449,0.029675529337461027,0.9180298579498722,0.0
PC(16:0/18:1),Lipid,Phosphatidylcholine (PC),0.11696479411892347,0.08790571232013902,0.10850706847593711,0.08800182201366022,0.09758456549446314,0.10810384981550397,0.10525023962938879,0.09714723162472312,0.37500012329031535,0.09685863874345549,0.021072378992035366,0.9167628169354105,1.0,0.0,0.0968642859894449,0.021017487270899568,0.9184068071232435,1.0
PC(16:0/18:2)_A,Lipid,Phosphatidylcholine (PC),0.1149403774557118,0.09273007664105852,0.1051758139721877,0.0940364090084793,0.09419731385709283,0.11367464398460664,0.11240592278762024,0.10280870495820262,0.37500012329031535,0.09685863874345549,0.01742851048284439,0.9166840444000443,0.0,63.56252251308898,0.0968642859894449,0.017368215299585824,0.918361584455941,0.0
PC(16:0/18:2)_B,Lipid,Phosphatidylcholine (PC),0.11566311498577171,0.09357086263827608,0.10712107256455425,0.09586223913916932,0.10989315798329308,0.09910276125008233,0.1021635735457561,0.09761329945820509,0.37500012329031535,0.09685863874345549,0.03782201114823791,0.9161197572245182,0.0,58.99004607329843,0.0968642859894449,0.037811551800166626,0.9179584399925679,0.0
PC(16:0/18:3)_A;PC(16:1/18:2)_B,Lipid,Phosphatidylcholine (PC),0.12318753663287349,0.09960388524325904,0.12073050200009865,0.10278569371967312,0.11228699533302507,0.11449131561637235,0.11197987307695709,0.10738792805471788,0.37500012329031535,0.09685863874345549,0.034849512524555176,0.915989539162442,0.0,70.83176020942412,0.0968642859894449,0.035095078822052754,0.9179020076250066,0.0
PC(16:0/18:3)_B,Lipid,Phosphatidylcholine (PC),0.1113405262959377,0.09870688817876781,0.12901960205326257,0.10207834883839069,0.1166581010979241,0.10833452881109817,0.10683296417710139,0.11371405313489255,0.37500012329031535,0.09685863874345549,0.0454527082758064,0.915647017057337,0.0,59.94429005235607,0.0968642859894449,0.04573841514181756,0.9179593789228777,0.0
PC(16:0/20:3)_A,Lipid,Phosphatidylcholine (PC),0.11025462736531906,0.09110640044141288,0.10214655356107456,0.09306806507077871,0.09878361013500384,0.11797603973885647,0.11700055387802635,0.11921928804756027,0.37500012329031535,0.09685863874345549,0.02625827020665791,0.9164373088286187,0.0,63.69008691099478,0.0968642859894449,0.026282915615882113,0.9184214469864109,0.0
PC(16:0/20:3)_B,Lipid,Phosphatidylcholine (PC),0.10502694363641664,0.09529937969864785,0.1260687884384612,0.09680465699232099,0.12221438592849163,0.11369049884994968,0.11051453295942251,0.10281272958504595,0.37500012329031535,0.09685863874345549,0.04989697114410899,0.915503615286493,0.0,63.58028167539267,0.0968642859894449,0.049718174994703435,0.9176494935534038,0.0
PC(16:0/20:5),Lipid,Phosphatidylcholine (PC),0.10780584739671945,0.09707861240558695,0.11738570282195622,0.09991638882658921,0.10888766981512478,0.12227678483280331,0.12113838159936523,0.11047729045141501,0.37500012329031535,0.09685863874345549,0.041722935333205965,0.9157039057457469,1.0,0.0,0.0968642859894449,0.04187554362994425,0.9176930675666662,1.0
PC(16:0/22:1);PC(18:0/20:1),Lipid,Phosphatidylcholine (PC),0.11255945206157027,0.09866149413181394,0.10391083765402412,0.09900980486028182,0.10376809042419215,0.11025586229201664,0.10999785556369546,0.09776682359579693,0.37500012329031535,0.09685863874345549,0.028851573998719234,0.9163062645227703,0.0,66.70401361256546,0.0968642859894449,0.028573688972666284,0.9182173804349795,0.0
PC(16:0/22:4),Lipid,Phosphatidylcholine (PC),0.1168914421288439,0.0978001303913675,0.12003146041871558,0.09858175036273208,0.11906431985781199,0.10678841386451686,0.10752068555983332,0.11720978250508667,0.37500012329031535,0.09685863874345549,0.03584773277040745,0.9161052939689893,1.0,0.0,0.0968642859894449,0.035843475052860764,0.9179074966243035,1.0
PC(16:0/22:5),Lipid,Phosphatidylcholine (PC),0.10948957035799925,0.09263051726738587,0.1052242699445473,0.09278077891677253,0.10738685838645387,0.09655053957208372,0.10137967394721202,0.10372856618183701,0.37500012329031535,0.09685863874345549,0.04094738617177965,0.9159901987112141,1.0,0.0,0.0968642859894449,0.04048768476901341,0.9178943966639341,1.0
PC(16:0/24:0),Lipid,Phosphatidylcholine (PC),0.09821312271290615,0.10606736909938576,0.11438647334735513,0.10856616764752361,0.10256309575393288,0.10700816442277662,0.11088750737965333,0.09992017277807315,0.37500012329031535,0.09685863874345549,0.03893282751558905,0.9154888844984169,1.0,0.0,0.0968642859894449,0.03907869300194113,0.9177884424768172,1.0
PC(16:0/24:1),Lipid,Phosphatidylcholine (PC),0.10400936403761543,0.11331594934873507,0.11988269630489856,0.11278500613504099,0.1190187519897652,0.11125486487522745,0.11865060184892931,0.12256470228495453,0.37500012329031535,0.09685863874345549,0.04535629859103006,0.9153435095132214,1.0,0.0,0.0968642859894449,0.045113199288499245,0.9175597639809494,1.0
PC(16:0/24:4),Lipid,Phosphatidylcholine (PC),0.10284275667185858,0.10179933924257727,0.12328172766402624,0.10101682342404161,0.10834316855618438,0.11153292256390707,0.11079366622941939,0.1119036663397642,0.37500012329031535,0.09685863874345549,0.03860749849297555,0.9164547514992055,1.0,0.0,0.0968642859894449,0.038327421933611404,0.9180789636269667,1.0
PC(16:0/26:0),Lipid,Phosphatidylcholine (PC),0.12522629438031507,0.1140081717949351,0.12354380975956172,0.11340931801732973,0.1253833851274442,0.11045623910778432,0.11683005432107092,0.11723955939538601,0.37500012329031535,0.09685863874345549,0.0759195262461394,0.9130614190072629,0.0,71.35936649214659,0.0968642859894449,0.07535309298913487,0.9158487887736687,0.0
PC(16:0/26:1);PC(18:1/24:0),Lipid,Phosphatidylcholine (PC),0.12445045500225944,0.11503485276558409,0.12375698127372539,0.11438874639241613,0.1282832959037321,0.11001989834130808,0.11730961752196228,0.12471301065553657,0.37500012329031535,0.09685863874345549,0.07540967857453701,0.9132141632294071,0.0,67.17900837696332,0.0968642859894449,0.07485909856424033,0.915887047012129,0.0
PC(16:1/0:0)_A,Lipid,Phosphatidylcholine (PC),0.11197789453848464,0.09941059618795262,0.11350843615284345,0.10142010173042625,0.11329634767779712,0.10880637703982511,0.10927404245231831,0.10267316461829941,0.37500012329031535,0.09685863874345549,0.05812286304564755,0.9148566845955255,0.0,59.20437382198958,0.0968642859894449,0.05791020799751417,0.9167334642822059,0.0
PC(16:1/0:0)_B,Lipid,Phosphatidylcholine (PC),0.11523285590131148,0.0882890947968131,0.11510550435442188,0.0888592012398232,0.09786802758442548,0.09898953307857462,0.10217089015446969,0.10892274156333095,0.37500012329031535,0.09685863874345549,0.037453506954271985,0.916223535874236,0.0,74.35093612565447,0.0968642859894449,0.03741705884638805,0.9179352443725958,0.0
PC(16:1/16:1)_A,Lipid,Phosphatidylcholine (PC),0.11526094052459501,0.0940968720071024,0.11448532406580283,0.09709868205639041,0.10461034721527271,0.11334552938031223,0.10963741631338411,0.09565860104340862,0.37500012329031535,0.09685863874345549,0.06259525885687897,0.9147633115484153,0.0,59.642662827225124,0.0968642859894449,0.06261681030375477,0.9166612747629723,0.0
PC(16:1/16:1)_B;PC(14:0/18:2),Lipid,Phosphatidylcholine (PC),0.11780673527225355,0.09741944882706008,0.1137173557356577,0.09415087688358155,0.10191521105727604,0.12226638754673665,0.12392651411294558,0.10315625354803239,0.37500012329031535,0.09685863874345549,0.04332877393311807,0.9158456947075675,0.0,76.20896335078528,0.0968642859894449,0.04351513158592232,0.9176234875099726,0.0
PC(16:1/17:1);PC(15:0/18:2),Lipid,Phosphatidylcholine (PC),0.11906063734886904,0.10176287692562788,0.131317891285312,0.10343388594595589,0.10602958306795965,0.12819704997853779,0.12875898146227915,0.11962092173898899,0.37500012329031535,0.09685863874345549,0.034269868246797716,0.9160025799779872,0.0,58.92372146596856,0.0968642859894449,0.03438726349557402,0.9175115340903973,0.0
PC(16:1/18:1),Lipid,Phosphatidylcholine (PC),0.09682724282503054,0.09080052880131956,0.11311648295920403,0.09138435373981559,0.09587962124845943,0.10060826968224232,0.10056430363605234,0.09682919250812669,0.37500012329031535,0.09685863874345549,0.037028843302945515,0.9162762870470134,1.0,0.0,0.0968642859894449,0.037159749058992525,0.9178724126340487,1.0
PC(16:1/18:2)_A,Lipid,Phosphatidylcholine (PC),0.13055996934470177,0.09532106722270062,0.11221405732827297,0.09644956724122995,0.0960547259432777,0.11802000578504647,0.11683014727254279,0.11099890080950561,0.37500012329031535,0.09685863874345549,0.04474093195277679,0.9156291624743818,0.0,61.19227958115181,0.0968642859894449,0.044560892822789556,0.9171607873359767,0.0
PC(16:1/20:4)_A,Lipid,Phosphatidylcholine (PC),0.12020736637842948,0.09764690041254825,0.11612861530723972,0.10113349748993837,0.11751332761670577,0.1140892739430126,0.11272047056839593,0.10809833486140605,0.37500012329031535,0.09685863874345549,0.04966198923835888,0.9153715571606229,0.0,55.14422198952881,0.0968642859894449,0.05002029334969276,0.9175821082163177,0.0
PC(16:1/22:4),Lipid,Phosphatidylcholine (PC),0.09995166048502024,0.09147351058962072,0.11872191904650276,0.09224027554296885,0.10751876185425945,0.09896811440370164,0.10440851093656582,0.11180223504662955,0.37500012329031535,0.09685863874345549,0.05019537373268384,0.9156275099695277,1.0,0.0,0.0968642859894449,0.051321883447790255,0.9171152231634144,1.0
PC(16:1/22:6)_A,Lipid,Phosphatidylcholine (PC),0.11747768706186762,0.09481975381991958,0.11583947060462482,0.09869707397244554,0.1095803067577771,0.10463823385987801,0.10467004982081768,0.11978297648098632,0.37500012329031535,0.09685863874345549,0.0507466338603421,0.9155370007183703,0.0,57.85116230366495,0.0968642859894449,0.05086105849510081,0.917733793716741,0.0
PC(16:1/22:6)_B,Lipid,Phosphatidylcholine (PC),0.10105738463670852,0.09710453849013587,0.10103590363170087,0.0977255344008062,0.11102930612991008,0.10510755912008302,0.10377180663310355,0.11049136995994001,0.37500012329031535,0.09685863874345549,0.05620464182911407,0.9149799394209135,0.0,54.283007329842945,0.0968642859894449,0.05615513513076012,0.9174328114179682,0.0
PC(16:2/16:0),Lipid,Phosphatidylcholine (PC),0.11629898272598722,0.10164914444745715,0.12520549929513958,0.1048990774214353,0.12265242845345656,0.10869474232212072,0.10993725120404248,0.10407813377051511,0.37500012329031535,0.09685863874345549,0.06315112316891142,0.9146090395474538,0.0,63.04909528795811,0.0968642859894449,0.06472696082623465,0.9171450401342366,0.0
PC(17:0/0:0)_A,Lipid,Phosphatidylcholine (PC),0.11081252209942537,0.09286292943944842,0.11773972290478324,0.0914944760875953,0.08862875458319579,0.12502032719745404,0.125199404847384,0.1131856102707656,0.37500012329031535,0.09685863874345549,0.04080163422600297,0.9156667526420534,0.0,56.422653403141354,0.0968642859894449,0.04156906586336504,0.9172540343158944,0.0
PC(17:0/0:0)_B,Lipid,Phosphatidylcholine (PC),0.1149469371738688,0.09186549052496677,0.11819263381861787,0.09412180864850711,0.09404956592812662,0.12189164704854047,0.12572641313526925,0.12307927957420928,0.37500012329031535,0.09685863874345549,0.04290344764936263,0.9157073111435181,0.0,60.10679267015708,0.0968642859894449,0.0430845005863155,0.9172794689847518,0.0
PC(17:0/18:1),Lipid,Phosphatidylcholine (PC),0.1204617214417847,0.10223545636466698,0.11710829772853883,0.1006634986255862,0.10531604748159924,0.10157982502369091,0.10188036368977908,0.09669037630916494,0.37500012329031535,0.09685863874345549,0.05876087600674527,0.9152652007467839,0.0,54.89452565445028,0.0968642859894449,0.058356597202924666,0.9166287415394744,0.0
PC(17:0/20:4),Lipid,Phosphatidylcholine (PC),0.11161722954888448,0.0964550894036429,0.10578553825352603,0.09759421925054582,0.1049593398572589,0.11201425184276378,0.10998683417488916,0.11198612439206597,0.37500012329031535,0.09685863874345549,0.030228077349288,0.9162641657939109,0.0,73.45755287958117,0.0968642859894449,0.030905125980071852,0.9182435349600494,0.0
PC(17:0/22:6),Lipid,Phosphatidylcholine (PC),0.11284191830577242,0.10304365759239216,0.10751306587075361,0.10548457371659384,0.11263697741815547,0.11023435066567178,0.1115791327242034,0.10726213506687043,0.37500012329031535,0.09685863874345549,0.03330976808427165,0.9161242310997619,0.0,60.42027643979054,0.0968642859894449,0.03387027123567249,0.9183839735778333,0.0
PC(17:1/0:0),Lipid,Phosphatidylcholine (PC),0.11952289829721266,0.10495447286665766,0.11986661116837852,0.10141215944356598,0.10773984891357678,0.1253958113074251,0.12684127308876325,0.1229506385946089,0.37500012329031535,0.09685863874345549,0.05675370335702115,0.9151719460359459,0.0,68.34700314136128,0.0968642859894449,0.05638292268572289,0.9164906309077594,0.0
PC(17:1/18:1),Lipid,Phosphatidylcholine (PC),0.10048607833309094,0.1017304659772284,0.11846811350916006,0.09982490544830985,0.11168505288830739,0.10360384332345178,0.10470954091757667,0.12528116495396488,0.37500012329031535,0.09685863874345549,0.03820710753144016,0.9161376711988816,1.0,0.0,0.0968642859894449,0.03901730674193526,0.9177330588448442,1.0
PC(17:1/20:4),Lipid,Phosphatidylcholine (PC),0.12034298257587384,0.10304044858760016,0.12879227080545408,0.1057936944740391,0.09947401414515505,0.12920740592009727,0.1268415785007422,0.09401417327944121,0.37500012329031535,0.09685863874345549,0.039831115338589865,0.9157269744314704,0.0,65.52658429319374,0.0968642859894449,0.04090182382676565,0.9175534135936264,0.0
PC(18:0/18:1),Lipid,Phosphatidylcholine (PC),0.11454141645970513,0.09346092748244256,0.10228319031094839,0.09319809661912228,0.10262918788179533,0.10120601404021334,0.10053896772057953,0.10505396538606378,0.37500012329031535,0.09685863874345549,0.02230754858062637,0.9166253447581212,1.0,0.0,0.0968642859894449,0.022092937154195174,0.9183871493920948,1.0
PC(18:0/20:3)_A,Lipid,Phosphatidylcholine (PC),0.11593195719995547,0.09529475338340601,0.11344430954041614,0.09735541581060586,0.10634492127218946,0.12170749690400326,0.12046982149861825,0.12065656118134903,0.37500012329031535,0.09685863874345549,0.027610322527154348,0.9164549998932261,0.0,65.97326596858635,0.0968642859894449,0.02759896443819795,0.9182422130361175,0.0
PC(18:0/20:3)_B,Lipid,Phosphatidylcholine (PC),0.10513219126012603,0.09303637614845744,0.11228139294549232,0.09448792935357073,0.10831442122158913,0.11369460199349322,0.1110564665979322,0.10487681495069062,0.37500012329031535,0.09685863874345549,0.04422321759439391,0.9158834683202304,0.0,64.89809109947643,0.0968642859894449,0.04418820740905121,0.9178079409604526,0.0
PC(18:0/22:4),Lipid,Phosphatidylcholine (PC),0.11704060268361649,0.10139892229879885,0.12261345241608673,0.10183671077755109,0.12331871144425435,0.10901429620359519,0.11015150434668076,0.11927187561358962,0.37500012329031535,0.09685863874345549,0.03785788497282025,0.916074195708142,1.0,0.0,0.0968642859894449,0.037929998653888415,0.9177510559654856,1.0
PC(18:0/22:5),Lipid,Phosphatidylcholine (PC),0.11919681125514459,0.10145762034478635,0.11392971162777006,0.09956325122008,0.1046215653611915,0.0996348818689199,0.10406872019178917,0.11386805862320323,0.37500012329031535,0.09685863874345549,0.05164450467446827,0.9155481213868284,1.0,0.0,0.0968642859894449,0.051059181414934096,0.9174690555566066,1.0
PC(18:1/18:1),Lipid,Phosphatidylcholine (PC),0.11779512961705269,0.08963380151320523,0.11370314251859967,0.09014022258194691,0.09555738368392679,0.10029685569394647,0.09981220671966622,0.11353180840441206,0.37500012329031535,0.09685863874345549,0.03666117128935435,0.9163679109549718,0.0,67.80756753926703,0.0968642859894449,0.036315112838984046,0.9177965424758238,0.0
PC(18:1/18:2),Lipid,Phosphatidylcholine (PC),0.09872472761402595,0.09333093604665887,0.11957340172636038,0.09352893164232691,0.09412212954898631,0.11926963209395637,0.11973790833040752,0.1127744832734938,0.37500012329031535,0.09685863874345549,0.028282535411225596,0.9164206099683065,1.0,0.0,0.0968642859894449,0.028074073749211448,0.9179906517728335,1.0
PC(18:1/19:1),Lipid,Phosphatidylcholine (PC),0.1028946235931567,0.09113933285309106,0.10993439369487062,0.09111550599251025,0.09794708943998905,0.10375932457831087,0.10484988436130423,0.11594523405422871,0.37500012329031535,0.09685863874345549,0.04648332687847135,0.9160513541095489,1.0,0.0,0.0968642859894449,0.046502853695397785,0.9172396837452149,1.0
PC(18:1/20:3),Lipid,Phosphatidylcholine (PC),0.0975688760614415,0.09442928479099645,0.10781936537815254,0.09728893592799769,0.10503406955635322,0.10163912806273785,0.10433449500740154,0.11611884121347733,0.37500012329031535,0.09685863874345549,0.03233983583275287,0.9163873464565041,1.0,0.0,0.0968642859894449,0.03257339487225955,0.9183395080448401,1.0
PC(18:1/20:4),Lipid,Phosphatidylcholine (PC),0.10556121541788868,0.09215644029277717,0.1052354613487595,0.09323748715294439,0.10510441361556509,0.10844992142402203,0.1071324936557808,0.09522773866666585,0.37500012329031535,0.09685863874345549,0.02899719101695112,0.9165445673445616,1.0,0.0,0.0968642859894449,0.029147538433937678,0.9181911478681394,1.0
PC(18:1/22:5),Lipid,Phosphatidylcholine (PC),0.10975608878538648,0.10073235852008176,0.09535774347330282,0.09753631008490303,0.09958155591824784,0.09586195506854167,0.10214913951005435,0.10311080601766533,0.37500012329031535,0.09685863874345549,0.053514147411706375,0.9155336241303271,1.0,0.0,0.0968642859894449,0.052984240548785505,0.9174796679588146,1.0
PC(18:1/22:6),Lipid,Phosphatidylcholine (PC),0.1107576940098094,0.09445507716701236,0.0958271406492565,0.09444161271773917,0.10150832262050037,0.09893130562084491,0.09818324545409388,0.08777949146498598,0.37500012329031535,0.09685863874345549,0.03074253687951739,0.9164808548653427,1.0,0.0,0.0968642859894449,0.030730320941490034,0.9183769751189502,1.0
PC(18:1/24:0);PC(16:0/26:1),Lipid,Phosphatidylcholine (PC),0.12445045500225944,0.11503485276558409,0.12375698127372539,0.11438874639241613,0.1282832959037321,0.11003328335325598,0.11665052519256336,0.12471301065553657,0.37500012329031535,0.09685863874345549,0.07540967857453701,0.9132141632294071,0.0,61.816285863874384,0.0968642859894449,0.07485909856424033,0.915887047012129,0.0
PC(18:1/24:1);PC(16:1/26:1),Lipid,Phosphatidylcholine (PC),0.12595771623360308,0.1146124006555671,0.11226368993572297,0.11834344367298984,0.12910187291361816,0.10926122842798326,0.11314116893003622,0.11669758522771932,0.37500012329031535,0.09685863874345549,0.07747399163813723,0.9133170364640125,0.0,68.37148481675393,0.0968642859894449,0.0772571059409896,0.9157354120330147,0.0
PC(18:1/26:0),Lipid,Phosphatidylcholine (PC),0.1252300389967529,0.11404325691399458,0.12214081949363441,0.11334410836578511,0.12985102845317004,0.11014065558203648,0.11733115570587052,0.11704248638859567,0.37500012329031535,0.09685863874345549,0.11142910603262624,0.9099786714390751,0.0,57.969167539267055,0.0968642859894449,0.11109907828977235,0.91273747306366,0.0
PC(18:1/26:1),Lipid,Phosphatidylcholine (PC),0.10507630086797452,0.11393095511712695,0.11642373678127976,0.11341080218204606,0.13095202462646105,0.10934912068401814,0.11625267961421902,0.10763892571286757,0.37500012329031535,0.09685863874345549,0.1310490610494664,0.9076097911307951,1.0,0.0,0.0968642859894449,0.13049751879372537,0.9102094845513314,1.0
PC(18:1/28:0),Lipid,Phosphatidylcholine (PC),0.1237587898213643,0.10947879523952264,0.13130291592961585,0.10763630502562072,0.13006033579072998,0.11013699063828883,0.11448786313313183,0.10517300609299467,0.37500012329031535,0.09685863874345549,0.13236166353998524,0.9065313725794385,0.0,62.15525654450257,0.0968642859894449,0.13260235664908634,0.9097145479308363,0.0
PC(18:1/28:1),Lipid,Phosphatidylcholine (PC),0.12581547392409323,0.11049340232964165,0.12368834868373592,0.10834211225877367,0.13124614328650358,0.11007115443864826,0.11671243087282239,0.10883780990316867,0.37500012329031535,0.09685863874345549,0.1672502311587639,0.9020465197283861,0.0,72.77903036649217,0.0968642859894449,0.16648808928192338,0.9049794617948486,0.0
PC(18:1/30:1),Lipid,Phosphatidylcholine (PC),0.12480064303310277,0.11167839420336394,0.13461428797450803,0.10919844855837922,0.1321084162449744,0.10944195264684331,0.11499452832746135,0.12288841064335021,0.37500012329031535,0.09685863874345549,0.15202347129317878,0.9031992143873881,0.0,60.44599790575918,0.0968642859894449,0.152869279062802,0.9074868433881201,0.0
PC(18:1/30:2),Lipid,Phosphatidylcholine (PC),0.1267070246058334,0.1140326404564743,0.12332087752248898,0.11354410958944815,0.13342929610078574,0.10999416406238444,0.11576058124340823,0.11502887599415892,0.37500012329031535,0.09685863874345549,0.16913399188793427,0.9016626915832441,0.0,61.61860732984293,0.0968642859894449,0.169194960397515,0.9049032436778858,0.0
PC(18:1/36:6),Lipid,Phosphatidylcholine (PC),0.1259334957357926,0.1027816423511232,0.11280379218392765,0.09941591778756607,0.12166668903561251,0.10701760563656129,0.10953519625190103,0.10475643715842972,0.37500012329031535,0.09685863874345549,0.1527039263297798,0.9049925970259264,0.0,73.75132460732982,0.0968642859894449,0.15196466062549416,0.9076634024544955,0.0
PC(18:2/0:0)_A,Lipid,Phosphatidylcholine (PC),0.1180386757521087,0.10363153389943812,0.09427973179683471,0.10249439630967691,0.09802425263438398,0.104884475587618,0.11071388730899975,0.09452429807454703,0.37500012329031535,0.09685863874345549,0.08508923735137369,0.913467356006532,0.0,74.16560628272252,0.0968642859894449,0.08414668857094804,0.9140045270653654,0.0
PC(18:2/0:0)_B,Lipid,Phosphatidylcholine (PC),0.11266064965686289,0.1091439890728879,0.09908496242668174,0.1082858343372335,0.09223641136636511,0.11221308831985492,0.11499308094025665,0.11362032345325879,0.37500012329031535,0.09685863874345549,0.046292390518902396,0.9157546022708447,0.0,69.83337486910995,0.0968642859894449,0.04745654614865902,0.9170327714179022,0.0
PC(18:2/18:2);PC(16:1/20:3),Lipid,Phosphatidylcholine (PC),0.128862688747312,0.10487585224925301,0.12081103464952524,0.10483075236107173,0.0934061604673253,0.1174178263139895,0.1179442901718253,0.10753266754169157,0.37500012329031535,0.09685863874345549,0.04466118912602148,0.9156912836645399,0.0,66.72485654450261,0.0968642859894449,0.04468542860776934,0.9171950111489805,0.0
PC(19:0/0:0),Lipid,Phosphatidylcholine (PC),0.11683492763395276,0.09295345011629016,0.12297496017676181,0.09489945747644155,0.10764956891209443,0.12175911152844918,0.12590648669382629,0.12018370095439064,0.37500012329031535,0.09685863874345549,0.08026830568235757,0.9127850924873216,0.0,68.76090680628272,0.0968642859894449,0.08086424215269085,0.9145359266644254,0.0
PC(19:1/0:0),Lipid,Phosphatidylcholine (PC),0.11788388499389771,0.11284267462532437,0.10933596778457087,0.10901526786816773,0.11546219860790892,0.12051433197485768,0.12155736699816698,0.10711948143301155,0.37500012329031535,0.09685863874345549,0.06809296440766918,0.913695437698437,0.0,63.72402094240835,0.0968642859894449,0.06790572991016997,0.916603651307731,0.0
PC(19:1/20:4),Lipid,Phosphatidylcholine (PC),0.1202063837485841,0.11179813019466642,0.12360047543584758,0.1113238793989648,0.11425852765212635,0.12539728525219318,0.1255282405972628,0.10255734628701385,0.37500012329031535,0.09685863874345549,0.037726828169144494,0.9159828621858181,0.0,64.00614973821992,0.0968642859894449,0.03837088085838769,0.9176998665104575,0.0
PC(20:1/0:0)_A,Lipid,Phosphatidylcholine (PC),0.09776337037691861,0.09740630527826605,0.11586975558734958,0.09479365391427777,0.10899656204440086,0.1105655500386922,0.1061916654151729,0.11992082997851047,0.37500012329031535,0.09685863874345549,0.06443719761888803,0.914828323029965,0.0,65.49941465968585,0.0968642859894449,0.0648308799287806,0.9154986317657897,0.0
PC(20:1/0:0)_B,Lipid,Phosphatidylcholine (PC),0.11154033212409252,0.0982575873953242,0.12139666465321677,0.09425705482963774,0.0992485147042487,0.11213009593426525,0.11476700968191038,0.11534660758112947,0.37500012329031535,0.09685863874345549,0.052554789709642155,0.9155227444860152,0.0,66.31176439790578,0.0968642859894449,0.05334125548323069,0.9165948147159181,0.0
PC(20:2/0:0),Lipid,Phosphatidylcholine (PC),0.10943705277639812,0.08673370354497113,0.11713796765201176,0.08538431702992398,0.10275413850588486,0.11895825794200564,0.1218152011023261,0.1212668737802326,0.37500012329031535,0.09685863874345549,0.057810546666017495,0.9152903227969736,0.0,67.01428272251307,0.0968642859894449,0.05936634713925124,0.9159356842185452,0.0
PC(20:2/20:4),Lipid,Phosphatidylcholine (PC),0.10681688357246956,0.09801278044225246,0.12470040194087458,0.09945013380116105,0.09262230756345963,0.12233154652851078,0.11900935469396548,0.12415365437857977,0.37500012329031535,0.09685863874345549,0.04247945835633073,0.916012418620043,1.0,0.0,0.0968642859894449,0.04233112469799341,0.9175351828700352,1.0
PC(20:3/0:0)_A,Lipid,Phosphatidylcholine (PC),0.1061090182779073,0.09600556131569318,0.11391373345807641,0.09822182036274642,0.1093272767299258,0.10939072310706655,0.10376213968003009,0.11224951683122485,0.37500012329031535,0.09685863874345549,0.06658766547404828,0.9146974730074988,0.0,71.56297068062821,0.0968642859894449,0.066660985335031,0.9159513226975916,0.0
PC(20:3/0:0)_B,Lipid,Phosphatidylcholine (PC),0.10975207859331479,0.1046448841293469,0.1039198897217083,0.10391327114932475,0.0963585117302562,0.11133868054528218,0.1084385282293283,0.1044390665844983,0.37500012329031535,0.09685863874345549,0.04250363654990244,0.9158767520628022,0.0,58.541913089005256,0.0968642859894449,0.04340983110171239,0.9173525383869389,0.0
PC(20:3/20:4),Lipid,Phosphatidylcholine (PC),0.1081063727840259,0.09215002228319312,0.1225127164073237,0.09369443606447568,0.10580903084277432,0.11035804251715464,0.11082816450426129,0.11035929267104153,0.37500012329031535,0.09685863874345549,0.04081970875200311,0.9159675810800403,1.0,0.0,0.0968642859894449,0.04075202859056044,0.9181202356824657,1.0
PC(20:3/22:6),Lipid,Phosphatidylcholine (PC),0.10368194911737791,0.09850850482835408,0.11135991384860859,0.09624154350558682,0.10851174827459216,0.10096942598676518,0.10590735342031525,0.12286233747941498,0.37500012329031535,0.09685863874345549,0.04723911793874021,0.9156440623115237,1.0,0.0,0.0968642859894449,0.04713374279105855,0.9182956844649564,1.0
PC(20:3/26:1),Lipid,Phosphatidylcholine (PC),0.12620286910124412,0.11367645429541265,0.12703505989390027,0.11308042176785364,0.13053056195958826,0.10973710012756356,0.11670488852482001,0.10152928811847495,0.37500012329031535,0.09685863874345549,0.12415872780393873,0.9084429986591382,0.0,59.721868062827255,0.0968642859894449,0.12456448102914812,0.9115854973805902,0.0
PC(20:4/20:4);PC(18:2/22:6),Lipid,Phosphatidylcholine (PC),0.10431586487668436,0.10136064154580064,0.11823923124236878,0.10671750009939703,0.10992384409161683,0.11079164785460184,0.10760536435069817,0.10582162618658301,0.37500012329031535,0.09685863874345549,0.03651703722964583,0.9159691591998274,0.0,59.40924083769634,0.0968642859894449,0.0365412931300429,0.9182243101716966,0.0
PC(20:4/22:4),Lipid,Phosphatidylcholine (PC),0.1102289462015222,0.09455713689025211,0.12574796818437833,0.09622116632515745,0.11347206743186716,0.11700198798644934,0.11577707349027261,0.10993948798997798,0.37500012329031535,0.09685863874345549,0.05740561064380313,0.9151296577717765,1.0,0.0,0.0968642859894449,0.05805144381987585,0.9168866260078256,1.0
PC(20:4/22:6),Lipid,Phosphatidylcholine (PC),0.11118276109062714,0.10388044570447298,0.11519859223509725,0.10631720349329832,0.11526390885346828,0.11274863486436963,0.11111863785382514,0.09780731053958969,0.37500012329031535,0.09685863874345549,0.03668617639832525,0.9158527411203341,1.0,0.0,0.0968642859894449,0.03643974988925996,0.9184335618330565,1.0
PC(20:4/24:1),Lipid,Phosphatidylcholine (PC),0.10807516764704418,0.11744141916765778,0.11790032022377088,0.11657641855511372,0.12597882933745805,0.11122788239082455,0.11752588903941812,0.11480528858527449,0.37500012329031535,0.09685863874345549,0.051293216526413804,0.9152875631534954,1.0,0.0,0.0968642859894449,0.051029559409422644,0.9175957535415464,1.0
PC(20:4/26:1),Lipid,Phosphatidylcholine (PC),0.1278725962266181,0.11734417295160607,0.12203053669561512,0.11659922923084372,0.13700078472577826,0.10996078120520485,0.1148247989398442,0.11475719362595398,0.37500012329031535,0.09685863874345549,0.11583186062847114,0.9095186494851986,0.0,65.23610994764397,0.0968642859894449,0.11513855680865442,0.912495514282991,0.0
PC(20:4/28:1),Lipid,Phosphatidylcholine (PC),0.1274833818563751,0.11673582586815763,0.11995556745538416,0.11583854801574711,0.1363541836310382,0.10914481334886893,0.11348809038058275,0.10164858287161853,0.37500012329031535,0.09685863874345549,0.15800132842491543,0.9040556362915702,0.0,68.82145445026183,0.0968642859894449,0.15728525538511814,0.9070033295736213,0.0
PC(20:4/36:4),Lipid,Phosphatidylcholine (PC),0.1248104294952115,0.10284132984025489,0.12917197629747065,0.09935314163132206,0.13183292318357895,0.10760559008998698,0.10996382204621286,0.12086264614326366,0.37500012329031535,0.09685863874345549,0.1588558229042346,0.9042122608147354,0.0,58.76714136125658,0.0968642859894449,0.15788702833559906,0.9068823312990227,0.0
PC(20:4/36:5),Lipid,Phosphatidylcholine (PC),0.12451286527622288,0.11286678227382446,0.11945997677781556,0.1111182490460624,0.12358890964774298,0.10722593644256392,0.10958307953869084,0.10841014316036462,0.37500012329031535,0.09685863874345549,0.13300633478488527,0.9075768062496541,0.0,63.80058638743457,0.0968642859894449,0.13243139999694387,0.9104901003120537,0.0
PC(20:4/P-18:1),Lipid,Phosphatidylcholine (PC),0.10778685873889651,0.10435992450381494,0.11821099200019895,0.10454727690025609,0.09370554724356807,0.11323987011437031,0.11394733704548173,0.10823180271904773,0.37500012329031535,0.09685863874345549,0.03610244405304257,0.915448362309041,1.0,0.0,0.0968642859894449,0.03571760329227607,0.9169336442196171,1.0
PC(20:5/0:0),Lipid,Phosphatidylcholine (PC),0.11207861409763627,0.09861541817134177,0.1110548979431265,0.09969962055288784,0.11676160487332025,0.11182546740341522,0.10980106401898525,0.11582146006522959,0.37500012329031535,0.09685863874345549,0.13567993046936372,0.907800467010564,1.0,0.0,0.0968642859894449,0.13502444879808148,0.9081571573887995,1.0
PC(22:0/0:0),Lipid,Phosphatidylcholine (PC),0.11917178075165073,0.1111056537022537,0.10136501381482979,0.10934825559875368,0.10102562144551308,0.10815630100319665,0.11709879030500113,0.10222505384079948,0.37500012329031535,0.09685863874345549,0.07423889321101511,0.9132333727175332,1.0,0.0,0.0968642859894449,0.07787768393187368,0.9151811044289859,1.0
PC(22:1/0:0),Lipid,Phosphatidylcholine (PC),0.11592303385865686,0.10051716800706978,0.1128835760655694,0.09669346497627726,0.1179990506045389,0.11857924167610388,0.12376872235007166,0.11583122078813866,0.37500012329031535,0.09685863874345549,0.07403077752271645,0.9140331286830662,0.0,70.34224397905763,0.0968642859894449,0.07663856166513251,0.9156211394466492,0.0
PC(22:4/0:0)_A,Lipid,Phosphatidylcholine (PC),0.10306286575722406,0.10612598692025343,0.09757980547068831,0.10213681957987206,0.10655211601492795,0.10060671606478407,0.10700837688328373,0.12090107397564816,0.37500012329031535,0.09685863874345549,0.10311966613482595,0.9113926056175168,0.0,67.028792670157,0.0968642859894449,0.10332531663565503,0.9115439448588513,0.0
PC(22:4/0:0)_B,Lipid,Phosphatidylcholine (PC),0.09499920606429654,0.10274308081020567,0.11109673534310253,0.10164914444745715,0.11440813412970131,0.10712459278067266,0.10971272028437275,0.11323567074552121,0.37500012329031535,0.09685863874345549,0.08285655775571435,0.9133800287190067,0.0,60.8432062827225,0.0968642859894449,0.08458402467178543,0.9139199336322096,0.0
PC(22:4/22:6),Lipid,Phosphatidylcholine (PC),0.12286622995221537,0.10753284136278447,0.10731556499665768,0.10874342504972319,0.10767505375848445,0.10811306528999984,0.10772762209375804,0.11629684738346172,0.37500012329031535,0.09685863874345549,0.04720068720189581,0.9155649418474001,1.0,0.0,0.0968642859894449,0.04719011147838278,0.9179122199390145,1.0
PC(22:6/0:0),Lipid,Phosphatidylcholine (PC),0.11668690905440587,0.10489634976736208,0.10021332873667808,0.10100092547946778,0.1060481819249001,0.1010640240275557,0.1029359338830078,0.11433705467355793,0.37500012329031535,0.09685863874345549,0.08811130710849913,0.9129495948565669,1.0,0.0,0.0968642859894449,0.0873193655300513,0.9140028691927468,1.0
PC(22:6/22:6),Lipid,Phosphatidylcholine (PC),0.12274089153180243,0.10037050311722087,0.10714467212062896,0.10184348980017424,0.10242199313905682,0.11980483339014704,0.11888534415172197,0.10634267496883504,0.37500012329031535,0.09685863874345549,0.06455051205489887,0.9141750110078009,1.0,0.0,0.0968642859894449,0.06444348184834443,0.9174053190975805,1.0
PC(22:6/36:4),Lipid,Phosphatidylcholine (PC),0.1244362334270648,0.10506126587196564,0.12079774402134492,0.10131698570977579,0.13299422190525342,0.10681227583522161,0.11048246470163066,0.10179522101976084,0.37500012329031535,0.09685863874345549,0.11856526082721586,0.9094938658051611,0.0,64.01220314136125,0.0968642859894449,0.11840791894760287,0.9120427389758626,0.0
PC(24:0/0:0),Lipid,Phosphatidylcholine (PC),0.10938051172394357,0.10621464904848647,0.12254674522897249,0.1087839387352225,0.1186769528668545,0.11631368233732285,0.12347399979036563,0.10761368154183694,0.37500012329031535,0.09685863874345549,0.0735089209497236,0.9134412327794112,1.0,0.0,0.0968642859894449,0.0739059792850369,0.9158958454836171,1.0
PC(26:0/0:0),Lipid,Phosphatidylcholine (PC),0.1185942599782002,0.09811628421764863,0.11454957101590989,0.09710937873903051,0.12291425650277932,0.11816759944357912,0.12309346974335074,0.11537233310287888,0.37500012329031535,0.09685863874345549,0.10148399185552032,0.910854386616861,0.0,55.735192670157105,0.0968642859894449,0.10098654738298822,0.9136685601069239,0.0
PC(26:1/0:0)_A,Lipid,Phosphatidylcholine (PC),0.11804851532934423,0.09784238228779586,0.11873618574697398,0.09633885657590503,0.1270388839579441,0.11745694560486106,0.12275450228303914,0.12358337411447674,0.37500012329031535,0.09685863874345549,0.1727571224895058,0.9006509448994428,0.0,67.44788691099475,0.0968642859894449,0.17191847794038564,0.9043053993792913,0.0
PC(26:1/0:0)_B,Lipid,Phosphatidylcholine (PC),0.12010561107430567,0.10003434649440279,0.1173842320280932,0.09922797707357973,0.125898630959364,0.11826084304863684,0.12317052651352305,0.11606309812606917,0.37500012329031535,0.09685863874345549,0.1468521046797549,0.9054496792229941,0.0,64.96595392670159,0.0968642859894449,0.14639836569761974,0.9080871531067137,0.0
PC(O-14:0/16:0);PC(O-16:0/14:0),Lipid,Phosphatidylcholine (PC),0.10744073401525166,0.10093154412169351,0.09293102719530587,0.10130662329846819,0.11122457407150488,0.10560603130610713,0.10719769247390001,0.103703081335447,0.37500012329031535,0.09685863874345549,0.03784140277689331,0.9158804084725467,0.0,60.55675078534031,0.0968642859894449,0.03777753608631384,0.918022887625917,0.0
PC(O-16:0/0:0),Lipid,Phosphatidylcholine (PC),0.09739356958551275,0.09417567981645326,0.09345829342434243,0.09365386889556315,0.10043031094403226,0.10065007128701613,0.1058334437214045,0.10686928602605988,0.37500012329031535,0.09685863874345549,0.04725724146584274,0.9155846831638466,0.0,68.63900837696337,0.0968642859894449,0.04917786983074383,0.9173978299333925,0.0
PC(O-16:0/16:0),Lipid,Phosphatidylcholine (PC),0.0966919851546919,0.09977507227806034,0.10590723976026364,0.10014449558388909,0.11492662907897297,0.0951012402228359,0.09735754425077599,0.09352450588988458,0.37500012329031535,0.09685863874345549,0.025826556407927144,0.9163161703531099,0.0,66.38810575916229,0.0968642859894449,0.025709925061257053,0.9184256023545198,0.0
PC(O-16:0/16:1)_A,Lipid,Phosphatidylcholine (PC),0.1159482901014395,0.10608713122056332,0.12029709916122888,0.10287198920687203,0.10757520022603922,0.09896877834278636,0.09887801786990551,0.10706922039545644,0.37500012329031535,0.09685863874345549,0.04107848942008592,0.9157792196906528,0.0,57.43737277486912,0.0968642859894449,0.04105268501934181,0.9181653900947384,0.0
PC(O-16:0/16:1)_B,Lipid,Phosphatidylcholine (PC),0.10373941968455105,0.10689529233572859,0.12171105352686225,0.10150251967016813,0.10831732269675524,0.09525118422572847,0.09326713505886762,0.11262218925440554,0.37500012329031535,0.09685863874345549,0.03566754295226081,0.9161009607809985,0.0,66.4971602094241,0.0968642859894449,0.03564798781763915,0.9184935588902418,0.0
PC(O-16:0/18:1);PC(P-18:0/16:0),Lipid,Phosphatidylcholine (PC),0.11994225550190184,0.09736089786045889,0.09342304785504334,0.09836095746218736,0.10268443624763139,0.09825050248337576,0.1015619783410937,0.09155869629599572,0.37500012329031535,0.09685863874345549,0.023339462498366464,0.9164813217534145,0.0,56.08647120418844,0.0968642859894449,0.0230138740397757,0.9186054830892934,0.0
PC(O-16:0/18:2),Lipid,Phosphatidylcholine (PC),0.12044245392954618,0.10190229481298813,0.09465145488943108,0.10086454277580666,0.09599820734637812,0.10262441366445842,0.1101589271856479,0.1142744389675535,0.37500012329031535,0.09685863874345549,0.037468112434089484,0.916144944547072,0.0,63.28028062827224,0.0968642859894449,0.03744022033675257,0.9178068564748617,0.0
PC(O-16:0/20:4),Lipid,Phosphatidylcholine (PC),0.10745617723836219,0.10171734917014101,0.1011119704161252,0.10390586369659649,0.11127297656045128,0.11178836648736123,0.108103544403525,0.10260209853300932,0.37500012329031535,0.09685863874345549,0.02213302166389783,0.9164891777342098,0.0,57.63832984293194,0.0968642859894449,0.022401886046551116,0.9186617960684936,0.0
PC(O-18:0/0:0),Lipid,Phosphatidylcholine (PC),0.10989004513511906,0.10120713077906208,0.10480796842704836,0.10026078189504016,0.11999953082103491,0.09823706435630107,0.1027550370399857,0.10187731805902352,0.37500012329031535,0.09685863874345549,0.06375513590157231,0.9147713924085634,1.0,0.0,0.0968642859894449,0.06663522474639944,0.916473803970611,1.0
PC(O-18:0/16:0),Lipid,Phosphatidylcholine (PC),0.09757714874243709,0.10200928838109562,0.11726577963870753,0.10206365427061388,0.11141984201309969,0.0927254935535552,0.09500010902145177,0.09362689988445683,0.37500012329031535,0.09685863874345549,0.028836998849240934,0.9161754018749417,0.0,66.70666492146596,0.0968642859894449,0.028757188545912905,0.9186500665297523,0.0
PC(O-18:0/18:1),Lipid,Phosphatidylcholine (PC),0.12314026417004162,0.10622911631175719,0.12002394599916093,0.10796870443866147,0.10893260925306644,0.10613876274890263,0.10927955314672146,0.09505696612831684,0.37500012329031535,0.09685863874345549,0.04495213963899166,0.9155894234245407,0.0,72.43058534031411,0.0968642859894449,0.04530708188970706,0.9181814960373081,0.0
PC(O-18:0/22:4),Lipid,Phosphatidylcholine (PC),0.09655141597167556,0.10529173927029965,0.122367040960619,0.10058836780089286,0.1110312047910787,0.09699347989306208,0.10633361559148548,0.10467074335962932,0.37500012329031535,0.09685863874345549,0.048689596144246394,0.9153654515878544,0.0,63.61548691099479,0.0968642859894449,0.04896059447390677,0.9178867645182565,0.0
PC(O-18:1/0:0),Lipid,Phosphatidylcholine (PC),0.09763516373965969,0.0936479456075512,0.112870058132883,0.09188260521719091,0.09859533514968499,0.10029117237538131,0.10177125194059664,0.11127274925594519,0.37500012329031535,0.09685863874345549,0.04316539290578841,0.9159837184235076,0.0,68.94743036649216,0.0968642859894449,0.044436511921273646,0.9177032149716525,0.0
PC(O-18:1/20:4),Lipid,Phosphatidylcholine (PC),0.1089658684867559,0.0961884077345722,0.11385467439904984,0.09683872592652967,0.10754313691982555,0.10119095590177196,0.1041552978484363,0.10696991506799652,0.37500012329031535,0.09685863874345549,0.02570513377618052,0.9164797824986008,0.0,59.563983246073306,0.0968642859894449,0.025568534802185707,0.9185018591728688,0.0
PC(P-16:0/18:1),Lipid,Phosphatidylcholine (PC),0.12761122996652827,0.1128579708814997,0.11134929739108831,0.1137056027556069,0.11697274401778229,0.11499322700685528,0.11230654438541973,0.10388785315720124,0.37500012329031535,0.09685863874345549,0.04631070968198518,0.9151148439632144,0.0,70.28992565445029,0.0968642859894449,0.045923511745575775,0.9169686576081949,0.0
PC(P-18:0/20:4),Lipid,Phosphatidylcholine (PC),0.10333982130702306,0.09562504020162535,0.11618423805696816,0.09769417974981744,0.11479572842516492,0.10021997154793622,0.09367132789486185,0.10869305704534166,0.37500012329031535,0.09685863874345549,0.04045090432530425,0.9158709432643615,0.0,63.530972774869085,0.0968642859894449,0.04015115047426319,0.9173394101084211,0.0
PC(P-18:0/22:6)_A,Lipid,Phosphatidylcholine (PC),0.10646826243786615,0.0975915450798858,0.09772832890914591,0.09698327822155718,0.1021148245261934,0.0970751444004823,0.09905287286725666,0.09828678933893165,0.37500012329031535,0.09685863874345549,0.037404581880528705,0.916183519439695,0.0,61.73302408376966,0.0968642859894449,0.03718426915724618,0.918432805007734,0.0
PC(P-18:0/22:6)_B,Lipid,Phosphatidylcholine (PC),0.10534979065575129,0.11359552052038709,0.11403991420066956,0.11469606208466589,0.12271089919493793,0.09980220779705037,0.09668818742312733,0.10896107579974237,0.37500012329031535,0.09685863874345549,0.047577431527173746,0.9154150654808102,0.0,64.9957109947644,0.0968642859894449,0.04718085668324715,0.9172711806598594,0.0
PC(P-18:1/18:1),Lipid,Phosphatidylcholine (PC),0.12919245401190943,0.10639611826947558,0.11250690575725199,0.10884547140210962,0.12631689799229803,0.11333136092024437,0.11675186885445461,0.11077743936629589,0.37500012329031535,0.09685863874345549,0.07450169694375289,0.9135601633420982,0.0,63.89140837696338,0.0968642859894449,0.0739948122619641,0.915070144661518,0.0
PE(14:0/22:6),Lipid,Phosphatidylethanolamine (PE),0.11405081859122579,0.10363713628697087,0.1097028907408325,0.10245241183031456,0.11480857781518633,0.1107231558986224,0.11208520037335667,0.11760356750562821,0.37500012329031535,0.09685863874345549,0.05734127027960986,0.9151044846659516,1.0,0.0,0.0968642859894449,0.057490398893358025,0.9173223285358086,1.0
PE(16:0/0:0)_A,Lipid,Phosphatidylethanolamine (PE),0.101621613349683,0.10081737040536386,0.11912825927829312,0.09959697251210287,0.10557990790062363,0.09455387556261324,0.09443363619437092,0.11734679363885289,0.37500012329031535,0.09685863874345549,0.06791326162220038,0.9148384659768893,0.0,64.40824816753928,0.0968642859894449,0.06774441277958637,0.9153217831882804,0.0
PE(16:0/0:0)_B,Lipid,Phosphatidylethanolamine (PE),0.10218776748600321,0.09856491645842724,0.12014146242881561,0.09825963313587913,0.10803815265070225,0.1163253543864322,0.11343756461623575,0.10559277066149834,0.37500012329031535,0.09685863874345549,0.03572144863184458,0.9161904485731047,0.0,67.82499685863874,0.0968642859894449,0.035674808468184854,0.9175307294362226,0.0
PE(16:0/16:1);PE(14:0/18:1),Lipid,Phosphatidylethanolamine (PE),0.11058755297995973,0.10284480626211291,0.1258768632101914,0.10406924215307053,0.11891099628301963,0.10689104556823248,0.10593205195426673,0.11861225130773524,0.37500012329031535,0.09685863874345549,0.059482790373394365,0.9153791405714745,0.0,61.86668481675394,0.0968642859894449,0.059207005008265944,0.9161345002952181,0.0
PE(16:0/18:1),Lipid,Phosphatidylethanolamine (PE),0.10069135501930385,0.0987291640203658,0.12627504722146868,0.0984766287140866,0.10541321347253114,0.09788967814839525,0.0950925824571712,0.12075821977898979,0.37500012329031535,0.09685863874345549,0.020384613149101498,0.9167382182534031,1.0,0.0,0.0968642859894449,0.020611067690186374,0.918186051514463,1.0
PE(16:0/18:2);PE(16:1/18:1),Lipid,Phosphatidylethanolamine (PE),0.09788379564810465,0.0999143163443277,0.12347635380466267,0.09925066741163001,0.09861663491899207,0.11472075968526899,0.10571709503619864,0.12712560731244862,0.37500012329031535,0.09685863874345549,0.03112684598854206,0.9162085321722802,0.0,65.86277591623039,0.0968642859894449,0.03133342978675276,0.9174500336461356,0.0
PE(16:0/20:4),Lipid,Phosphatidylethanolamine (PE),0.1060965362231146,0.09170130981729471,0.13159017534191542,0.09228986803785898,0.1082251841466642,0.09909969385151093,0.09989323384556512,0.10069122977533061,0.37500012329031535,0.09685863874345549,0.031724189266422925,0.9164150200301497,1.0,0.0,0.0968642859894449,0.031791868071979014,0.9178705790487802,1.0
PE(16:0/20:5),Lipid,Phosphatidylethanolamine (PE),0.11886124316294673,0.09631611275444156,0.11724103018924902,0.09956810483982793,0.11589136288628256,0.12021536020500947,0.11713352759791355,0.10506479577723686,0.37500012329031535,0.09685863874345549,0.057298916152952475,0.9151065746495931,1.0,0.0,0.0968642859894449,0.05868386846425464,0.9166953954498679,1.0
PE(16:0/22:4),Lipid,Phosphatidylethanolamine (PE),0.11333195846542062,0.09826476754354636,0.12447594542652561,0.10070187297455752,0.11999074617041673,0.10838732524711489,0.11286921948093602,0.10343409987960869,0.37500012329031535,0.09685863874345549,0.03894373359718036,0.9161728293993097,1.0,0.0,0.0968642859894449,0.03947142649281783,0.9176361355636434,1.0
PE(16:0/22:5),Lipid,Phosphatidylethanolamine (PE),0.09818777351865164,0.09609035926732248,0.10659793792918744,0.09740339043224663,0.11165960815447727,0.09616240078315796,0.10236363167076312,0.11102517453624033,0.37500012329031535,0.09685863874345549,0.04289731536308443,0.9159678866537606,1.0,0.0,0.0968642859894449,0.04253671584153589,0.9177006232421562,1.0
PE(16:0/22:6),Lipid,Phosphatidylethanolamine (PE),0.11513719555798539,0.1056959936489752,0.13243630968045303,0.10907189343189369,0.11732697803426213,0.11050912849527292,0.10597083927559592,0.10965151992245349,0.37500012329031535,0.09685863874345549,0.02056670340538366,0.9165490419505447,1.0,0.0,0.0968642859894449,0.02090177405511287,0.9185769882531399,1.0
PE(16:1/0:0),Lipid,Phosphatidylethanolamine (PE),0.10325226102053053,0.10146268789818709,0.10945561017990026,0.10061942829310902,0.10347982819789506,0.09758276566709378,0.09436963246660417,0.09540146616359418,0.37500012329031535,0.09685863874345549,0.09822000187642704,0.9117049163591926,0.0,62.34817277486914,0.0968642859894449,0.09818349202055339,0.9136436373141915,0.0
PE(16:1/18:1),Lipid,Phosphatidylethanolamine (PE),0.09697352188417546,0.09818956986458655,0.10742666341672828,0.09793870591496986,0.10005075253140201,0.09473108090432429,0.09406872199462857,0.11175522312642637,0.37500012329031535,0.09685863874345549,0.04868891536285944,0.9160747377663377,1.0,0.0,0.0968642859894449,0.04850349124034847,0.9166892374011809,1.0
PE(16:1/18:2),Lipid,Phosphatidylethanolamine (PE),0.0982026723117127,0.10276000831048362,0.10217965979384563,0.10371930018050005,0.10331832166088303,0.11643710861317182,0.11416740629450216,0.09581766071426674,0.37500012329031535,0.09685863874345549,0.05265873748834111,0.9153511771963856,1.0,0.0,0.0968642859894449,0.052969553025768834,0.9161822226029033,1.0
PE(16:1/20:4),Lipid,Phosphatidylethanolamine (PE),0.09770427979837877,0.0919676438441796,0.12126661973401989,0.0953917054406851,0.11592138045194131,0.101267893162909,0.09842317976052903,0.10992416499209604,0.37500012329031535,0.09685863874345549,0.05790910725788881,0.9152856034974254,1.0,0.0,0.0968642859894449,0.05825728055717009,0.9173125816581563,1.0
PE(16:1/22:6),Lipid,Phosphatidylethanolamine (PE),0.09795279219778848,0.10137262183035754,0.10029519847143464,0.10368203561235265,0.11159458569487883,0.09927990019788491,0.10089246216806473,0.12211812915558415,0.37500012329031535,0.09685863874345549,0.05681339959407135,0.9153196842595399,1.0,0.0,0.0968642859894449,0.057694593847183395,0.9172857610494342,1.0
PE(17:0/0:0),Lipid,Phosphatidylethanolamine (PE),0.09125250485776466,0.0933937389446095,0.11258572693745615,0.0915560756087489,0.10202068034810731,0.1076457185682673,0.10256852327230691,0.09771311287809041,0.37500012329031535,0.09685863874345549,0.052417547131320914,0.9158923360872087,0.0,65.10228376963352,0.0968642859894449,0.05237943683769875,0.9164080816042021,0.0
PE(17:0/20:4),Lipid,Phosphatidylethanolamine (PE),0.09499130518918841,0.10354110681856948,0.1140448747872439,0.10951289091543794,0.11949036872736672,0.11464712884077381,0.11275183505075796,0.10923592706017944,0.37500012329031535,0.09685863874345549,0.027973112546998163,0.916475084227031,0.0,70.85516020942411,0.0968642859894449,0.028830746134595044,0.9180131089353832,0.0
PE(17:0/22:6),Lipid,Phosphatidylethanolamine (PE),0.11294668789334082,0.10214658030278116,0.10877555521020334,0.10515237486635261,0.11401480373817195,0.10744858177523302,0.11188072041404541,0.10847775956550328,0.37500012329031535,0.09685863874345549,0.03980664923839891,0.9159425515921327,0.0,64.68182094240836,0.0968642859894449,0.040719113702642536,0.9176802306172568,0.0
PE(18:0/0:0)_A,Lipid,Phosphatidylethanolamine (PE),0.09301517017621738,0.10770382783478627,0.11941317879126517,0.10388854844157286,0.10124434186379629,0.09850958479301414,0.09963366022100402,0.12129584841933394,0.37500012329031535,0.09685863874345549,0.0844421503344456,0.9129951696321947,0.0,66.52755916230363,0.0968642859894449,0.0869230075635291,0.9135254694414264,0.0
PE(18:0/0:0)_B,Lipid,Phosphatidylethanolamine (PE),0.09948370293932975,0.09133351775556856,0.12064178638845242,0.08982793293226952,0.0932386771588881,0.10346504021840076,0.10136828075251826,0.11953549535725458,0.37500012329031535,0.09685863874345549,0.03325399935198881,0.9163850368255817,0.0,70.8008544502618,0.0968642859894449,0.03335514621341174,0.9176521628753721,0.0
PE(18:0/18:1),Lipid,Phosphatidylethanolamine (PE),0.1134724479757468,0.09451833467397519,0.1311522798963368,0.09174206417815343,0.09585825462488588,0.09964095027215422,0.09879223694016001,0.1014767139232989,0.37500012329031535,0.09685863874345549,0.01742048283607867,0.9166025054443967,1.0,0.0,0.0968642859894449,0.017598421276212552,0.9181017990100006,1.0
PE(18:0/18:2);PE(16:0/20:2),Lipid,Phosphatidylethanolamine (PE),0.10675808512712698,0.10250281994725599,0.12445441835271245,0.1013667252840522,0.09439640586273147,0.10811731450014202,0.11229739530483232,0.1043302679511953,0.37500012329031535,0.09685863874345549,0.02857926610915601,0.9163574593941364,0.0,52.596863874345516,0.0968642859894449,0.02866160351484037,0.9176080367111433,0.0
PE(18:0/20:1),Lipid,Phosphatidylethanolamine (PE),0.10573892535330416,0.09173195581305855,0.10332543495483869,0.09091244284344148,0.09084988062085027,0.09928353858406916,0.10017042841343461,0.0990444888537423,0.37500012329031535,0.09685863874345549,0.028295459809267842,0.9162076933366546,1.0,0.0,0.0968642859894449,0.028196366278337322,0.9179181442425968,1.0
PE(18:0/20:2),Lipid,Phosphatidylethanolamine (PE),0.10318075478110648,0.08775987642319473,0.12031481554185151,0.08769367732850589,0.09621569764615773,0.10348355084008268,0.10028207640992068,0.09744914549223961,0.37500012329031535,0.09685863874345549,0.03131586957334934,0.9163191082333247,1.0,0.0,0.0968642859894449,0.03133992088951619,0.9174522845558485,1.0
PE(18:0/20:3)_A,Lipid,Phosphatidylethanolamine (PE),0.10579085866851075,0.09100249554041773,0.10876776000272938,0.09274721807498926,0.1016917573569246,0.10713040888705476,0.10125071041939653,0.1135476528655727,0.37500012329031535,0.09685863874345549,0.031950960763820035,0.9164807602368444,0.0,68.59207853403143,0.0968642859894449,0.03222600755406039,0.9177563187915904,0.0
PE(18:0/20:3)_B,Lipid,Phosphatidylethanolamine (PE),0.11223786652649657,0.09290409829675945,0.11479588887540451,0.09472734785276253,0.11073463926488224,0.09766371312030253,0.1021238832672717,0.11496933558441354,0.37500012329031535,0.09685863874345549,0.05008581882588972,0.9154747556702982,0.0,68.25437382198957,0.0968642859894449,0.0501222336476372,0.9174385981169936,0.0
PE(18:0/20:4),Lipid,Phosphatidylethanolamine (PE),0.11646340060092662,0.10198480634870312,0.13278645221582303,0.10497629409924344,0.11810456000793006,0.10885152489758587,0.10622994814279771,0.11753740852349928,0.37500012329031535,0.09685863874345549,0.019105151182951703,0.9166848230426843,1.0,0.0,0.0968642859894449,0.019422096354453106,0.9184228129976497,1.0
PE(18:0/22:3),Lipid,Phosphatidylethanolamine (PE),0.11002263377033712,0.09621214099917988,0.13109427713472094,0.097339918991631,0.1205060722274563,0.10457660703403455,0.10889248993911295,0.1103802447981628,0.37500012329031535,0.09685863874345549,0.053687629656665674,0.9155403465011602,1.0,0.0,0.0968642859894449,0.05367631298747971,0.9170858992144724,1.0
PE(18:0/22:4),Lipid,Phosphatidylethanolamine (PE),0.10868666882285057,0.10176079107251305,0.11565971285285814,0.10325864754260465,0.1251993754443281,0.1066765135711786,0.10656781346422867,0.11883109206369816,0.37500012329031535,0.09685863874345549,0.03701494365230859,0.9161119489569192,0.0,59.461654450261776,0.0968642859894449,0.03734239067017176,0.9175804716955386,0.0
PE(18:0/22:5),Lipid,Phosphatidylethanolamine (PE),0.1060352148092501,0.09574966992523566,0.10814731229704434,0.09657149605247366,0.12041565851744097,0.10902266183606261,0.10331338325266962,0.10431802024957239,0.37500012329031535,0.09685863874345549,0.04585103653577688,0.9159365972082343,1.0,0.0,0.0968642859894449,0.0457555367226565,0.9174375515912189,1.0
PE(18:0/22:6),Lipid,Phosphatidylethanolamine (PE),0.11862137525042005,0.10230176242618222,0.11296433601950207,0.10345121457183284,0.12385880032160572,0.1021036995190963,0.1001885539504474,0.10346923848208138,0.37500012329031535,0.09685863874345549,0.028075080519945173,0.9163343863230088,1.0,0.0,0.0968642859894449,0.028313775317065484,0.9181925450515959,1.0
PE(18:0/24:4),Lipid,Phosphatidylethanolamine (PE),0.11327288116566246,0.09338495429399132,0.12227496926479443,0.09421469596638299,0.10199093019951457,0.10100683231479814,0.10350155686806022,0.11759879411100009,0.37500012329031535,0.09685863874345549,0.03976616446761482,0.9159492930951765,1.0,0.0,0.0968642859894449,0.03956148333717017,0.9176213288219758,1.0
PE(18:1/0:0)_A,Lipid,Phosphatidylethanolamine (PE),0.09281774124998583,0.10059009264096858,0.11296330646379796,0.0943761490199818,0.10466258713911625,0.09681032565715193,0.09824937378693173,0.10137053597724273,0.37500012329031535,0.09685863874345549,0.053112662677803534,0.9159488663724746,0.0,65.78306282722514,0.0968642859894449,0.05303041805776363,0.9166485167345543,0.0
PE(18:1/0:0)_B,Lipid,Phosphatidylethanolamine (PE),0.09606907750541009,0.09189197818535427,0.13435354296430257,0.09060245298053173,0.10644508233426057,0.10262194381106327,0.09769750761971466,0.11430509833417066,0.37500012329031535,0.09685863874345549,0.03452517331528339,0.916295961162253,0.0,65.83731308900522,0.0968642859894449,0.03461565241864042,0.9177185972326803,0.0
PE(18:1/18:1),Lipid,Phosphatidylethanolamine (PE),0.09916709694739144,0.08602060919676964,0.11641440392567629,0.08592321590133166,0.09729144964841811,0.1077904041736089,0.10862299706462616,0.11751509256934138,0.37500012329031535,0.09685863874345549,0.028317656245903787,0.9166657936954629,1.0,0.0,0.0968642859894449,0.02867214829834273,0.9178350619360617,1.0
PE(18:1/18:2),Lipid,Phosphatidylethanolamine (PE),0.10419607698701965,0.08952045678978018,0.1309205496377926,0.08969648407347613,0.09822021586035039,0.11848136377623486,0.11524175268504669,0.1063726791636405,0.37500012329031535,0.09685863874345549,0.03450516957796393,0.916266256209203,1.0,0.0,0.0968642859894449,0.034931542063897945,0.9172332266118856,1.0
PE(18:1/18:2);PE(16:0/20:3),Lipid,Phosphatidylethanolamine (PE),0.11399548590790544,0.10752666402855982,0.11958264098599077,0.10918840704755085,0.11830049649218988,0.10984457858659762,0.10714478980762976,0.10173269890972952,0.37500012329031535,0.09685863874345549,0.029398079950288692,0.9164721207616141,0.0,67.73440209424086,0.0968642859894449,0.029457486820512576,0.9178782267528075,0.0
PE(18:1/20:1),Lipid,Phosphatidylethanolamine (PE),0.10885428688417828,0.0944230406025053,0.10191840669121477,0.09214475416699287,0.10563411333990226,0.1129610688139158,0.11461863257525777,0.11223131909988342,0.37500012329031535,0.09685863874345549,0.041491545060290465,0.9160925793421764,1.0,0.0,0.0968642859894449,0.041100885169733016,0.9171453476386741,1.0
PE(18:1/20:2),Lipid,Phosphatidylethanolamine (PE),0.10007365265244621,0.08659324273105347,0.12355611094459781,0.08603824535227249,0.10179035402915959,0.10450122339035574,0.10641109728267198,0.10912831843282016,0.37500012329031535,0.09685863874345549,0.04793051869820641,0.9159530712392328,1.0,0.0,0.0968642859894449,0.04762677771770219,0.9163761310859956,1.0
PE(18:1/20:3),Lipid,Phosphatidylethanolamine (PE),0.09461329811069545,0.092959814642461,0.11451090250816594,0.09572394440348625,0.10602764429423113,0.09778153575027648,0.10066911305996581,0.0965518275272692,0.37500012329031535,0.09685863874345549,0.03369489941268264,0.9165939100539102,1.0,0.0,0.0968642859894449,0.03443252973036524,0.9178535618529994,1.0
PE(18:1/20:4),Lipid,Phosphatidylethanolamine (PE),0.10428157906234956,0.09382498907609796,0.13357862179044136,0.0975178583073489,0.11329232305095378,0.10619227623913084,0.10117711941124645,0.12052366827039925,0.37500012329031535,0.09685863874345549,0.025223626516366615,0.916646226191377,1.0,0.0,0.0968642859894449,0.02578466209039315,0.9182387646745273,1.0
PE(18:2/0:0),Lipid,Phosphatidylethanolamine (PE),0.09435947419860798,0.0989103123408757,0.10913844016876834,0.0923801881519012,0.1168030946311105,0.09723896473024547,0.1005242017153354,0.11257517733420234,0.37500012329031535,0.09685863874345549,0.10610840032682248,0.9117087802653088,0.0,61.16896649214665,0.0968642859894449,0.1058026527061804,0.9116972978851506,0.0
PE(20:0/0:0),Lipid,Phosphatidylethanolamine (PE),0.09179200847922428,0.10547014656588302,0.12020787545715725,0.10386831834052979,0.11782501557798464,0.09620734945919332,0.09572710904043558,0.11217163161075172,0.37500012329031535,0.09685863874345549,0.07708764142645724,0.9130246305234109,0.0,65.5676335078534,0.0968642859894449,0.07853145713092302,0.9146916337323487,0.0
PE(20:0/20:4),Lipid,Phosphatidylethanolamine (PE),0.10681887538972369,0.10280163177680686,0.11988381945657578,0.105347134715522,0.12344816804590604,0.10776796303254546,0.09480509683348858,0.11489740039365895,0.37500012329031535,0.09685863874345549,0.05128896147271624,0.9152860142591654,1.0,0.0,0.0968642859894449,0.051140196691089795,0.917762965372435,1.0
PE(20:1/0:0)_A,Lipid,Phosphatidylethanolamine (PE),0.0941299504570212,0.10381359143797243,0.10419976842298623,0.10319841184848763,0.11612439011759687,0.10917138419103932,0.10526551022833727,0.09549145200630395,0.37500012329031535,0.09685863874345549,0.07307306067269354,0.9146684898607493,0.0,64.56527015706806,0.0968642859894449,0.07293569539823457,0.9152820412222442,0.0
PE(20:1/0:0)_B,Lipid,Phosphatidylethanolamine (PE),0.09971513882548053,0.10072608758988401,0.1269536715098625,0.0968428174076395,0.12117965570415598,0.11023356721755181,0.10714505538326365,0.11994701010927208,0.37500012329031535,0.09685863874345549,0.06622785066825415,0.9148123515231201,0.0,60.29824816753931,0.0968642859894449,0.06651108673773694,0.9155731225130355,0.0
PE(20:2/0:0),Lipid,Phosphatidylethanolamine (PE),0.09355699758447353,0.10019633438213363,0.10733353542349303,0.09641151379273784,0.10391321766591155,0.10346557136966852,0.1050444052343447,0.09817319056929391,0.37500012329031535,0.09685863874345549,0.08232619561584037,0.9141185025586707,0.0,60.99465340314135,0.0968642859894449,0.08231907550312655,0.914394805095192,0.0
PE(20:3/0:0)_A,Lipid,Phosphatidylethanolamine (PE),0.10297995304432457,0.10270343623017084,0.11292989270140097,0.1024544308291629,0.11212679913963644,0.10540007740202778,0.10017073382541358,0.10899348674814185,0.37500012329031535,0.09685863874345549,0.0847589034809116,0.913589730420319,0.0,67.01328795811516,0.0968642859894449,0.08423453220775384,0.9146735824983688,0.0
PE(20:3/0:0)_B,Lipid,Phosphatidylethanolamine (PE),0.09644458817294455,0.09329503530554809,0.11992632539921681,0.09117415055508454,0.11898440226763722,0.10106594945090137,0.09717003457447013,0.10835123118072433,0.37500012329031535,0.09685863874345549,0.07737134852515348,0.9144540231121407,0.0,67.66080732984292,0.0968642859894449,0.07767634452083379,0.9155940111814994,0.0
PE(20:4/22:0),Lipid,Phosphatidylethanolamine (PE),0.10719344326375783,0.1028185459062315,0.11472070456729799,0.10513056700462012,0.12853609862707727,0.10889361863555694,0.09699564433447826,0.10704302689384153,0.37500012329031535,0.09685863874345549,0.08301529561173218,0.9130540330013479,1.0,0.0,0.0968642859894449,0.08239491468065442,0.9154780670009242,1.0
PE(20:5/0:0),Lipid,Phosphatidylethanolamine (PE),0.09752832266214698,0.10159907060184822,0.11582160714461588,0.1011615094276021,0.11752188496281783,0.11078040072650672,0.10788480303267402,0.10786669819883492,0.37500012329031535,0.09685863874345549,0.15226509941870014,0.9060881866695747,0.0,64.7050607329843,0.0968642859894449,0.15200776969140825,0.9058848451523492,0.0
PE(22:1/0:0)_A,Lipid,Phosphatidylethanolamine (PE),0.09737998539183942,0.1060711530508697,0.11188582962146186,0.10652479936163584,0.1178071120054158,0.10620400140336696,0.10280476607743104,0.09885688241108846,0.37500012329031535,0.09685863874345549,0.12112689275116578,0.9097259668799886,0.0,63.35294345549742,0.0968642859894449,0.12134166559706439,0.9100154164326377,0.0
PE(22:1/0:0)_B,Lipid,Phosphatidylethanolamine (PE),0.09868264715483659,0.10230696368811597,0.11797341867876257,0.09826594417863678,0.12131014186151176,0.09771874039164392,0.09741038052313779,0.10795212458056934,0.37500012329031535,0.09685863874345549,0.08261465097040357,0.9127999308827837,0.0,70.7895518324607,0.0968642859894449,0.08344143700299776,0.913915113699839,0.0
PE(22:2/0:0)_A,Lipid,Phosphatidylethanolamine (PE),0.09764232100299294,0.10162323173376152,0.11526627549450241,0.09768206575672754,0.11262160093686034,0.10320922448905916,0.10807807570023525,0.11010679747732224,0.37500012329031535,0.09685863874345549,0.09666730598395337,0.9124508378719934,0.0,56.13501884816755,0.0968642859894449,0.09641817368299847,0.9126574018270334,0.0
PE(22:2/0:0)_B,Lipid,Phosphatidylethanolamine (PE),0.11219367474101778,0.0972281386580421,0.12623655253481766,0.09393072578399522,0.1194877747818265,0.09493149755643707,0.1044155752484272,0.11228954916600538,0.37500012329031535,0.09685863874345549,0.10198976288799308,0.9115014525520382,0.0,59.658889005235594,0.0968642859894449,0.10219043883917445,0.9124919802918666,0.0
PE(22:4/0:0)_A,Lipid,Phosphatidylethanolamine (PE),0.09171708959290478,0.10016691850487337,0.12341530248849436,0.09939209092698528,0.12536514728354287,0.1058331914245523,0.10561375955705322,0.11689677082933107,0.37500012329031535,0.09685863874345549,0.06754876493162332,0.9148617851436311,0.0,55.62973926701567,0.0968642859894449,0.06732744463020394,0.9156907234147811,0.0
PE(22:4/0:0)_B,Lipid,Phosphatidylethanolamine (PE),0.10173834711955804,0.10113269523874037,0.13367661677427786,0.10065698702002904,0.11212011371298637,0.09782750689250232,0.10018251210477647,0.11774011065952893,0.37500012329031535,0.09685863874345549,0.06613802557814305,0.9151524467214948,0.0,70.3906921465969,0.0968642859894449,0.06578934374911898,0.9154643362029337,0.0
PE(22:6/0:0),Lipid,Phosphatidylethanolamine (PE),0.09279917751317712,0.09652639616429239,0.12180347286487264,0.09466435776286569,0.1082379265698592,0.1057333615437742,0.10081069143039094,0.11701246882293694,0.37500012329031535,0.09685863874345549,0.07485311379788635,0.9144499237949911,0.0,66.94777486910996,0.0968642859894449,0.07451016398942557,0.9154797428988252,0.0
PE(22:6/22:6),Lipid,Phosphatidylethanolamine (PE),0.10674813931963789,0.11348133343320414,0.11551120278525383,0.11518186529761879,0.12626368199616358,0.10025444326521475,0.10235380537230933,0.09901239880582205,0.37500012329031535,0.09685863874345549,0.15013458330080334,0.9051046672699388,1.0,0.0,0.0968642859894449,0.14960996401642015,0.9096709364747246,1.0
PE(24:0/18:1),Lipid,Phosphatidylethanolamine (PE),0.10021570905901232,0.11412382967598106,0.1256819562816357,0.11227534931980067,0.11574739890880027,0.09304087789757763,0.09482966257962314,0.10794025126283883,0.37500012329031535,0.09685863874345549,0.05145452312324845,0.9148132859883513,1.0,0.0,0.0968642859894449,0.05128292691272812,0.9170743888114353,1.0
PE(O-16:0/20:3),Lipid,PE-O,0.09917417453803454,0.10145709888150764,0.10219463514954173,0.10032917380967021,0.11030288104096836,0.10190012251694025,0.11527457783339512,0.1026479605598287,0.37500012329031535,0.09685863874345549,0.0595730005671926,0.9150078385445882,0.0,72.03450261780105,0.0968642859894449,0.059734960824998073,0.9182462437512635,0.0
PE(O-16:0/20:4),Lipid,PE-O,0.10043601732610324,0.09151842328585579,0.12948974799700105,0.09339891346483664,0.10597315806703318,0.10440739551890349,0.10685216529543144,0.11173582201828791,0.37500012329031535,0.09685863874345549,0.03785073602319311,0.9159460093952188,0.0,62.20541151832464,0.0968642859894449,0.03810744900681531,0.9184578278201639,0.0
PE(O-16:0/22:4),Lipid,PE-O,0.09170033177040653,0.10068490536171966,0.12554689729245128,0.09994417345974686,0.12149834999256412,0.09157055823690766,0.09338842345086379,0.1028082369783371,0.37500012329031535,0.09685863874345549,0.040641418869683726,0.9157353917637798,0.0,61.82330785340316,0.0968642859894449,0.040765714400082885,0.9181926372719639,0.0
PE(O-16:0/22:6),Lipid,PE-O,0.09889271748124115,0.10492631384960761,0.12923230558756074,0.10674999127291629,0.12586862676455854,0.09692137610846176,0.10024375384595081,0.1063387840505247,0.37500012329031535,0.09685863874345549,0.032682733518412894,0.9161133624221695,0.0,62.570230366492204,0.0968642859894449,0.03267996424570446,0.9189215198132294,0.0
PE(O-18:0/16:0)_A,Lipid,PE-O,0.10117524710302754,0.10475619648307032,0.11342454741923856,0.10107418438469909,0.11508727988137381,0.09804958123755858,0.10367176429181835,0.11553933506059726,0.37500012329031535,0.09685863874345549,0.05659669901598276,0.9152694822201461,0.0,65.71877068062832,0.0968642859894449,0.05663940656301405,0.9166521568694957,0.0
PE(O-18:0/16:0)_B,Lipid,PE-O,0.0912150321358232,0.10437727987139848,0.11530636131269612,0.1029146288580461,0.13049440717226476,0.09475688157715642,0.09695911440603709,0.11460507342795861,0.37500012329031535,0.09685863874345549,0.0648578257448919,0.9148764821863289,0.0,58.38725654450262,0.0968642859894449,0.06446392088861687,0.916631200620928,0.0
PE(O-18:0/18:1),Lipid,PE-O,0.0936918436125796,0.09784371937312587,0.12884584781462766,0.0964054300544863,0.10947178891239341,0.09576739686409623,0.0971017285214344,0.1073653981669072,0.37500012329031535,0.09685863874345549,0.04904476909150337,0.915674707329694,0.0,66.93003036649216,0.0968642859894449,0.048926138138914534,0.9182075259944984,0.0
PE(O-18:0/22:4),Lipid,PE-O,0.09211490861368572,0.10054983300168194,0.1264702349379437,0.09934867576631982,0.1280422194187311,0.0913405166228348,0.09319070239143494,0.117056980393573,0.37500012329031535,0.09685863874345549,0.04322689279061637,0.9157601938816733,0.0,58.51991937172774,0.0968642859894449,0.04307289102704514,0.918220227181219,0.0
PE(P-16:0/0:0),Lipid,Plasmalogen (PE-P),0.11548681260121585,0.11143211645642921,0.10497809916443895,0.11176379384339175,0.10155165755604603,0.11857505885987017,0.11890953809196908,0.09645956863949844,0.37500012329031535,0.09685863874345549,0.04543819314058195,0.9150327632678854,0.0,67.27504607329843,0.0968642859894449,0.04610833128785552,0.9172595554416176,0.0
PE(P-16:0/16:0),Lipid,Plasmalogen (PE-P),0.1122392209622294,0.10276129191240044,0.09435565150187274,0.10157782431595434,0.10944425832544846,0.11249478439471881,0.10071372976645881,0.11553624639348493,0.37500012329031535,0.09685863874345549,0.03993965047292099,0.9151410562720287,1.0,0.0,0.0968642859894449,0.039900895567623655,0.9166750744820301,1.0
PE(P-16:0/16:1),Lipid,Plasmalogen (PE-P),0.12490703263203788,0.11385968846903738,0.12550626326927222,0.11524936136507775,0.1217886713302694,0.11126730709367505,0.11129050512529508,0.10485457922165253,0.37500012329031535,0.09685863874345549,0.04878799644595556,0.9148447298088682,0.0,61.032506806282754,0.0968642859894449,0.04846663589135672,0.9169471538132262,0.0
PE(P-16:0/20:3)_A,Lipid,Plasmalogen (PE-P),0.11706767811949127,0.10657908502603428,0.11447588424337296,0.11037255655751524,0.11358248393841947,0.1120905251648161,0.11171180103211163,0.09995632756539663,0.37500012329031535,0.09685863874345549,0.02928862530706773,0.9160593104052467,0.0,70.73666910994763,0.0968642859894449,0.029074725251598845,0.9180704703916217,0.0
PE(P-16:0/20:3)_B,Lipid,Plasmalogen (PE-P),0.10817576769716056,0.09686080120532817,0.11717114073904933,0.09818998436103885,0.120662083343762,0.10954143727929737,0.10309886453439744,0.1131626926282092,0.37500012329031535,0.09685863874345549,0.054369511532292844,0.9147103930167484,0.0,59.650603141361245,0.0968642859894449,0.05402133112112107,0.9173740392630166,0.0
PE(P-16:0/20:5),Lipid,Plasmalogen (PE-P),0.10333324831008436,0.09924844784998219,0.12446883213256996,0.10164125564401007,0.1252961536805143,0.11361592521195422,0.10885528279280537,0.11619712755954949,0.37500012329031535,0.09685863874345549,0.08219515778256575,0.9134915897236758,0.0,73.35970157068064,0.0968642859894449,0.08268273716275315,0.9143093302263815,0.0
PE(P-16:0/22:4),Lipid,Plasmalogen (PE-P),0.10942523466069014,0.09766369420429319,0.12238153496559631,0.1002645391048175,0.11245252649688044,0.1017872395937566,0.10302993437862208,0.11312385029937239,0.37500012329031535,0.09685863874345549,0.028789538856967268,0.9160471826367546,0.0,68.7637727748691,0.0968642859894449,0.028720526697836705,0.9178230281124536,0.0
PE(P-16:0/22:5);PE(P-18:1/20:4),Lipid,Plasmalogen (PE-P),0.1216597331262487,0.09296398634869064,0.11024543985519109,0.09414242650429588,0.09813512374994848,0.1021716204874629,0.10390841873917502,0.09666744529575524,0.37500012329031535,0.09685863874345549,0.017874037590600494,0.916558908424914,0.0,64.11984083769634,0.0968642859894449,0.01790863278248435,0.9181464456663275,0.0
PE(P-16:0/22:6),Lipid,Plasmalogen (PE-P),0.10950138847370722,0.09896429047564824,0.13368526771636305,0.10133827210822957,0.10526950354126155,0.11516858659791084,0.09791663407523477,0.11196084010847547,0.37500012329031535,0.09685863874345549,0.016505268271819293,0.9164693785665334,1.0,0.0,0.0968642859894449,0.01643317252918516,0.918389758224743,1.0
PE(P-18:0/0:0),Lipid,Plasmalogen (PE-P),0.10645651071606665,0.10323776226974987,0.11691036898713729,0.09945966721956404,0.10294701306473895,0.10539594770092085,0.10947712813955164,0.10856737102432062,0.37500012329031535,0.09685863874345549,0.039443150873849725,0.9156764083874688,0.0,59.86633821989528,0.0968642859894449,0.04026392886881284,0.9179862740476858,0.0
PE(P-18:0/16:0);PE(P-16:0/18:0),Lipid,Plasmalogen (PE-P),0.09738280049355864,0.10337669880639132,0.10432018632780701,0.10363435514948444,0.10383739155684661,0.10850721936703314,0.09661492838451963,0.10786844978061723,0.37500012329031535,0.09685863874345549,0.02784155077940851,0.9160320381000386,0.0,65.87928795811513,0.0968642859894449,0.02891441644484404,0.9178045051742908,0.0
PE(P-18:0/18:1),Lipid,Plasmalogen (PE-P),0.11488010506560113,0.09586030036544077,0.12227995659307535,0.0951110779716224,0.09828938328447187,0.11591715135836626,0.118304583355538,0.11622374892847001,0.37500012329031535,0.09685863874345549,0.02522880493641573,0.9162983389124661,0.0,73.95264712041887,0.0968642859894449,0.02499734305834153,0.918201041791539,0.0
PE(P-18:0/20:1),Lipid,Plasmalogen (PE-P),0.10879941895821726,0.10038795208077751,0.1166814198660795,0.0989124115648438,0.1187998176378292,0.10914525154866483,0.11266797954435817,0.11843576941502709,0.37500012329031535,0.09685863874345549,0.056096610408909064,0.914857296086536,0.0,62.28437277486914,0.0968642859894449,0.05585962596935758,0.9170781045889078,0.0
PE(P-18:0/20:3)_A,Lipid,Plasmalogen (PE-P),0.11513277372368118,0.096201230382887,0.10989453518118299,0.09934443720582367,0.11042395411760086,0.10018737213887659,0.10216271042494598,0.10948137581420957,0.37500012329031535,0.09685863874345549,0.03136505104792479,0.9160604474238276,0.0,60.806978010471205,0.0968642859894449,0.031266592710364104,0.918532932707257,0.0
PE(P-18:0/20:3)_B,Lipid,Plasmalogen (PE-P),0.10633482396061965,0.09402835975479265,0.1138657454655823,0.09556285236292653,0.10945042228881982,0.09944846105271296,0.10107606788255248,0.10102378963861096,0.37500012329031535,0.09685863874345549,0.048078686937570045,0.9156245885219447,0.0,62.31539476439791,0.0968642859894449,0.04793352696068642,0.9180089074696193,0.0
PE(P-18:0/20:5);PE(P-16:0/22:5),Lipid,Plasmalogen (PE-P),0.09749347913898102,0.09865035621101495,0.11353155435819935,0.0976882297200989,0.11844565047561588,0.09477717155558536,0.09304061232194374,0.11904814112531885,0.37500012329031535,0.09685863874345549,0.03552282011456706,0.9157741580121881,0.0,61.77874869109947,0.0968642859894449,0.035253573444980674,0.9179205471504513,0.0
PE(P-18:0/22:1),Lipid,Plasmalogen (PE-P),0.11638643678222618,0.09753950571884176,0.11807866066508774,0.09616621211809402,0.11604532826203333,0.10106231106471712,0.10635626919305603,0.11457821138367871,0.37500012329031535,0.09685863874345549,0.061819403762887644,0.9140726756554753,0.0,74.42314136125658,0.0968642859894449,0.06141881234073806,0.916423116035007,0.0
PE(P-18:0/22:4),Lipid,Plasmalogen (PE-P),0.11003593910959486,0.09666712439527606,0.11520562530393309,0.09700282640908192,0.10715813656990215,0.10702084565929472,0.10834944088294092,0.09634856381540093,0.37500012329031535,0.09685863874345549,0.02944764118980013,0.9160609644287764,0.0,57.96054345549739,0.0968642859894449,0.02959360938365894,0.9180657247497814,0.0
PE(P-18:0/22:5)_A,Lipid,Plasmalogen (PE-P),0.0967519255752602,0.09298709118319323,0.12414159386890306,0.09231677019469878,0.09961628002426823,0.10695657635589408,0.1028781977402008,0.12580024822078176,0.37500012329031535,0.09685863874345549,0.024163598447900003,0.9163180930827535,0.0,64.81396858638743,0.0968642859894449,0.025285769296945832,0.9179403796988262,0.0
PE(P-18:0/22:5)_B,Lipid,Plasmalogen (PE-P),0.10878518410424091,0.1084441853528667,0.1057487416652441,0.10813871483837237,0.1188608956957041,0.09461599370337939,0.09419983668507854,0.11201830803595936,0.37500012329031535,0.09685863874345549,0.04306200164987779,0.9158157024732505,0.0,63.15250994764398,0.0968642859894449,0.042850135256537,0.9181430613796263,0.0
PE(P-18:0/22:6)_A,Lipid,Plasmalogen (PE-P),0.10190889979164021,0.10401303108579688,0.12057089412425524,0.1054195512569954,0.12621392905103387,0.0973598282012274,0.10225513074553863,0.10522980547781353,0.37500012329031535,0.09685863874345549,0.041367663571984216,0.9158454204299259,0.0,59.53712879581151,0.0968642859894449,0.0414027821527244,0.918591014710051,0.0
PE(P-18:0/22:6)_B,Lipid,Plasmalogen (PE-P),0.10251965735567173,0.10712920204336072,0.09076231490258783,0.10786778123795224,0.11763568429525509,0.10542630299587413,0.09942053577480975,0.11061551833283156,0.37500012329031535,0.09685863874345549,0.024479672471882555,0.9164785775323432,0.0,71.97080104712043,0.0968642859894449,0.02433944187937442,0.9185916003577828,0.0
PE(P-18:1/16:1),Lipid,Plasmalogen (PE-P),0.12331308751379354,0.11104318507563558,0.12078490800217681,0.1116617742327119,0.12743261547507248,0.11017721206804101,0.11336990922350305,0.1263946361333849,0.37500012329031535,0.09685863874345549,0.08457686448573373,0.9127529270743951,0.0,50.96459581151831,0.0968642859894449,0.08370929646647474,0.9147389105134457,0.0
PE(P-18:1/18:1),Lipid,Plasmalogen (PE-P),0.11585628142307937,0.100822678634124,0.1169852858781778,0.09960361782619304,0.12545723235022074,0.11822954496018326,0.12078208532894251,0.11906080332339405,0.37500012329031535,0.09685863874345549,0.06732607627045521,0.9143163884760069,0.0,57.323054450261786,0.0968642859894449,0.06676362512213195,0.9159115640752198,0.0
PE(P-18:1/20:1),Lipid,Plasmalogen (PE-P),0.12444734776734297,0.09466612271550132,0.11882131796993578,0.09504840878220476,0.12487907665352396,0.10864891724649353,0.11158812245941048,0.1199110558847481,0.37500012329031535,0.09685863874345549,0.06764607308889357,0.9141873667230508,0.0,63.90759057591624,0.0968642859894449,0.06742935827730985,0.9163077586074245,0.0
PE(P-18:1/20:5),Lipid,Plasmalogen (PE-P),0.11901385620095986,0.08862086577974874,0.11800262062237,0.090019711081153,0.10550898889471984,0.1133488756332992,0.11476037029106323,0.1133440415115186,0.37500012329031535,0.09685863874345549,0.05232010375391545,0.9153918419832322,0.0,60.729606282722514,0.0968642859894449,0.05258293560213393,0.9162612521680074,0.0
PE(P-18:1/22:4),Lipid,Plasmalogen (PE-P),0.12627302090493536,0.1076683817026877,0.1180977542436003,0.10996438451882277,0.12403530895602047,0.10938699176941041,0.11273389541668892,0.11871108865532967,0.37500012329031535,0.09685863874345549,0.049898825242645814,0.9152353771879562,0.0,64.52560942408375,0.0968642859894449,0.0494129634341591,0.9171229625025082,0.0
PE(P-18:1/22:5)_A,Lipid,Plasmalogen (PE-P),0.11562293339236462,0.1022019891188568,0.1252568567426653,0.10417673044275014,0.10585790131158623,0.12296248784071769,0.11874339397540941,0.11440615524341288,0.37500012329031535,0.09685863874345549,0.040648153743538584,0.9155630965452427,0.0,65.59096335078536,0.0968642859894449,0.04022354842135647,0.9169436023397046,0.0
PE(P-18:1/22:5)_B,Lipid,Plasmalogen (PE-P),0.11441927822568053,0.10169690513544513,0.10253309155912746,0.10431534607891237,0.10814463812638432,0.10080605713557962,0.10705051045759988,0.11554734420172402,0.37500012329031535,0.09685863874345549,0.04862250095188235,0.9152251442550867,0.0,64.10153507853401,0.0968642859894449,0.04901954712140547,0.9173115929881993,0.0
PE(P-18:1/22:6),Lipid,Plasmalogen (PE-P),0.1156762742584308,0.09892932569426846,0.11447518895900136,0.10380257385485313,0.11145423184778759,0.10445251681910088,0.1050394522487727,0.11062026498575309,0.37500012329031535,0.09685863874345549,0.03352325650311125,0.9159731735704544,0.0,61.03959057591622,0.0968642859894449,0.033132827499924584,0.917822509348006,0.0
PE(P-20:0/20:4),Lipid,Plasmalogen (PE-P),0.09914871911352646,0.10623842242565407,0.11791247432942067,0.10488708376602511,0.10841632049458927,0.09908883180808496,0.09701912122051384,0.10186449541070872,0.37500012329031535,0.09685863874345549,0.030518437945928033,0.9162949613887403,0.0,67.29909005235602,0.0968642859894449,0.030703406135801452,0.9180055361203223,0.0
PE(P-20:0/22:6),Lipid,Plasmalogen (PE-P),0.10615793730966926,0.10557177842181717,0.1218842729313652,0.1056978923101438,0.11815080978949515,0.10102984444347445,0.10122566663712099,0.10911695320751508,0.37500012329031535,0.09685863874345549,0.03781905546690483,0.9160376149527545,0.0,61.56915497382201,0.0968642859894449,0.037774730745736916,0.9180764555876609,0.0
PG(16:0/16:0)_A,Lipid,Phosphatidylglycerol (PG),0.11854243289324716,0.11178762070397254,0.11665166971748675,0.11078377715076015,0.12256012945312589,0.10750796448697014,0.10762718138902198,0.10697466172091807,0.37500012329031535,0.09685863874345549,0.10252331547309312,0.9102070281463321,0.0,56.346003141361265,0.0968642859894449,0.10356470832204578,0.9142637924461416,0.0
PG(16:0/16:0)_B,Lipid,Phosphatidylglycerol (PG),0.10251514256989565,0.10122411176275321,0.11599802218305753,0.10093943292514057,0.11848667225354062,0.09747301653639003,0.1002810805012936,0.1036660440718057,0.37500012329031535,0.09685863874345549,0.05920761830831108,0.914307578643399,0.0,57.239768586387385,0.0968642859894449,0.060216849416678236,0.9174744627621859,0.0
PG(16:0/16:1),Lipid,Phosphatidylglycerol (PG),0.12330180054935334,0.10043642142399041,0.12665282731061003,0.10312782711391635,0.11838973356711481,0.11749574620497194,0.12049493167480226,0.10765113330193055,0.37500012329031535,0.09685863874345549,0.09266102078361446,0.9112917952351013,0.0,58.13164816753928,0.0968642859894449,0.09374297765987699,0.9153280031028413,0.0
PG(16:0/18:0),Lipid,Phosphatidylglycerol (PG),0.10249995164363732,0.09729195774084352,0.09940159760368165,0.09649045531062168,0.11804048687891593,0.1017774265740845,0.10181266846070129,0.09612100526308634,0.37500012329031535,0.09685863874345549,0.0620429369142782,0.9147485791872004,0.0,57.15598534031413,0.0968642859894449,0.06203165371368835,0.9174679853218564,0.0
PG(16:0/18:1)_A,Lipid,Phosphatidylglycerol (PG),0.11636630614917756,0.09539326983052122,0.123553490257351,0.0961519186759162,0.11541136262366189,0.10976884969459477,0.10933003907472337,0.10963118285458402,0.37500012329031535,0.09685863874345549,0.05566394321873285,0.9145535452244964,0.0,61.47352670157068,0.0968642859894449,0.057265111988968075,0.9172689173731592,0.0
PG(16:0/18:1)_B,Lipid,Phosphatidylglycerol (PG),0.10907301497624759,0.09710904446769801,0.12362842051924482,0.09934185663113676,0.11579414341193746,0.10171833599554465,0.10296072536843116,0.11574269236843863,0.37500012329031535,0.09685863874345549,0.03249196836512689,0.9158636134272298,0.0,56.29692041884812,0.0968642859894449,0.03232601631697087,0.9181313683925509,0.0
PG(16:0/18:2),Lipid,Phosphatidylglycerol (PG),0.11717313820370778,0.089996900405423,0.10661272609293737,0.0890013467812567,0.0883113840092644,0.10660727800342427,0.11199084135063662,0.09584473669219946,0.37500012329031535,0.09685863874345549,0.0359086302754468,0.9159921112112974,0.0,64.39862198952879,0.0968642859894449,0.03614439163964467,0.9174717437285661,0.0
PG(16:0/20:4)_A,Lipid,Phosphatidylglycerol (PG),0.10589735449769941,0.10175119079984359,0.11177811402727617,0.10378584691737469,0.12261363960803293,0.10517772420255594,0.1036101109084115,0.11325602118424397,0.37500012329031535,0.09685863874345549,0.06174038766974614,0.9140282551496732,0.0,51.55174136125655,0.0968642859894449,0.06225258886448639,0.9170688025286463,0.0
PG(16:0/20:4)_B,Lipid,Phosphatidylglycerol (PG),0.1028100510325454,0.1086139684480715,0.12532399179708512,0.10961299849409586,0.12065777792899936,0.10845278964086802,0.10241314824770134,0.11363293216792081,0.37500012329031535,0.09685863874345549,0.04735582741191968,0.9154798150261743,0.0,62.705458638743465,0.0968642859894449,0.04747096066275238,0.918032793954036,0.0
PG(16:0/22:6),Lipid,Phosphatidylglycerol (PG),0.10670135817172872,0.10135578792605271,0.10962416315660146,0.10180895288610006,0.10879717587998962,0.10933058350477283,0.10840169288890818,0.1064113343005311,0.37500012329031535,0.09685863874345549,0.05616128961916886,0.9145240983259811,0.0,60.826904712041944,0.0968642859894449,0.05672018953991078,0.9175105894144693,0.0
PG(16:1/18:1);PG(16:0/18:2),Lipid,Phosphatidylglycerol (PG),0.11468104284922119,0.0965995614735506,0.12247340609862137,0.0990568034096317,0.10769080462367198,0.11276810155833356,0.11186725572940734,0.10831660067067705,0.37500012329031535,0.09685863874345549,0.049894467677924534,0.9150509391742532,0.0,64.51599057591626,0.0968642859894449,0.050599287214177495,0.9175896709429047,0.0
PG(16:1/18:2),Lipid,Phosphatidylglycerol (PG),0.12922152126503833,0.11607943730880192,0.12832253935816793,0.11455610936317362,0.11800977402888557,0.11154034540287422,0.11482560894552753,0.09715998741877142,0.37500012329031535,0.09685863874345549,0.0654459968361934,0.9139051571847694,0.0,64.77629738219896,0.0968642859894449,0.0662671614691996,0.9164573540583829,0.0
PG(16:1/20:4),Lipid,Phosphatidylglycerol (PG),0.11389990523726952,0.10111737224085844,0.11391960326267517,0.10380217272925414,0.11973109757018191,0.10564171139251982,0.10316147399008628,0.12273921866222758,0.37500012329031535,0.09685863874345549,0.06883774916938318,0.9138159229603333,0.0,64.47008900523562,0.0968642859894449,0.06852351921704762,0.9166269092512911,0.0
PG(16:1/22:6),Lipid,Phosphatidylglycerol (PG),0.11030662707443412,0.09905128124721876,0.11777676016842453,0.1002180085353331,0.10782199943625266,0.11778636562113441,0.11295934257229553,0.10089280875968307,0.37500012329031535,0.09685863874345549,0.06150466019623399,0.9142373721744401,0.0,64.85407958115184,0.0968642859894449,0.06108943161427416,0.917233855989617,0.0
PG(17:1/18:1),Lipid,Phosphatidylglycerol (PG),0.12129076889808955,0.12201398357922957,0.13036044459305096,0.11800664524921334,0.1363815938803034,0.11807177975487272,0.1233274949919319,0.12507485268754417,0.37500012329031535,0.09685863874345549,0.09641066646062835,0.9114550001485531,0.0,69.16024083769629,0.0968642859894449,0.09687910058597972,0.9141335380139274,0.0
PG(17:1/18:2),Lipid,Phosphatidylglycerol (PG),0.11983441851576203,0.10652525397064805,0.13518570476114156,0.10850962230891743,0.12694281437698282,0.12155769896770934,0.12466986031219514,0.11657961418905244,0.37500012329031535,0.09685863874345549,0.10743451413622146,0.9101106800746687,0.0,61.49028376963351,0.0968642859894449,0.10800975958854409,0.9125426349343052,0.0
PG(18:0/18:1)_A,Lipid,Phosphatidylglycerol (PG),0.10553720738058531,0.09906106871183444,0.10501786408215348,0.09774783698411078,0.10763556962868923,0.1110529609995649,0.11928782402487764,0.09507113923281496,0.37500012329031535,0.09685863874345549,0.06262755543780596,0.9140000841244222,0.0,73.30574240837697,0.0968642859894449,0.06408756966648346,0.9169480835517684,0.0
PG(18:0/18:1)_B,Lipid,Phosphatidylglycerol (PG),0.09527187256760829,0.09338929982131386,0.13234169752250144,0.09253603881796729,0.12010248639144576,0.10397132032806114,0.09383250574706782,0.11082314094287565,0.37500012329031535,0.09685863874345549,0.04997563432109531,0.9152879211525757,0.0,64.59970366492145,0.0968642859894449,0.04994532308817614,0.917510948345328,0.0
PG(18:0/20:4),Lipid,Phosphatidylglycerol (PG),0.10919962815970319,0.10132250787218872,0.11501550514085883,0.09592617855965042,0.11925251461801105,0.1057350081127043,0.10539665147635065,0.10719326180152156,0.37500012329031535,0.09685863874345549,0.046112896985656154,0.9155986764948264,0.0,68.36960732984295,0.0968642859894449,0.04617264571674129,0.9178103628364593,0.0
PG(18:1/0:0),Lipid,Phosphatidylglycerol (PG),0.09779909029967641,0.09257937375351295,0.11734512228219038,0.09140312641784895,0.11051352546385831,0.1108765523847555,0.10116690802812349,0.12282150289343644,0.37500012329031535,0.09685863874345549,0.04565453953232865,0.9157786086088986,0.0,58.38706492146595,0.0968642859894449,0.045432669411066585,0.9173398088166865,0.0
PG(18:1/18:1)_A,Lipid,Phosphatidylglycerol (PG),0.1228574659562971,0.09946453421016527,0.12388213246061441,0.0974821982415975,0.10637654334024421,0.12367448283638688,0.12577318100439677,0.1136701699943616,0.37500012329031535,0.09685863874345549,0.04676191623956956,0.9154914846934412,0.0,63.68516439790574,0.0968642859894449,0.04726096482973153,0.9177026546852375,0.0
PG(18:1/18:1)_B,Lipid,Phosphatidylglycerol (PG),0.10002369787571208,0.09163331902826365,0.10989945565519743,0.09136066058776779,0.10639634557398167,0.11804765220853408,0.11050405600066567,0.09868648425663183,0.37500012329031535,0.09685863874345549,0.03999428110691769,0.9159659929925692,0.0,62.591585340314154,0.0968642859894449,0.03999745948649324,0.91761648288033,0.0
PG(18:1/18:2)_A,Lipid,Phosphatidylglycerol (PG),0.1228884719115534,0.10424922720934332,0.13446905376596222,0.10540234296879816,0.10576918569993998,0.12161803775172844,0.12356486649350006,0.11532479971939696,0.37500012329031535,0.09685863874345549,0.046752742596539554,0.9152947009697427,0.0,72.89420314136127,0.0968642859894449,0.04703363322182238,0.9174180301997766,0.0
PG(18:1/18:2)_B,Lipid,Phosphatidylglycerol (PG),0.10198089734598696,0.08976119900344866,0.11642333565568076,0.08933818531759308,0.09321529153646621,0.11092536518626393,0.10757583234020994,0.0964314096224484,0.37500012329031535,0.09685863874345549,0.038887274218438,0.9157572300714468,0.0,76.20808481675394,0.0968642859894449,0.04028744595790093,0.9174180765058783,0.0
PG(18:1/19:1),Lipid,Phosphatidylglycerol (PG),0.11880982772022622,0.10668214756327153,0.13214011853814897,0.10576465298067125,0.1267267012750931,0.1191725907573341,0.12321524945026958,0.1233383131151923,0.37500012329031535,0.09685863874345549,0.13176252255016285,0.9068985471390536,0.0,62.86768481675392,0.0968642859894449,0.1318781817536082,0.9109125233991701,0.0
PG(18:1/20:1),Lipid,Phosphatidylglycerol (PG),0.10756020321415571,0.0990220258201981,0.1139484709349501,0.09775741051507367,0.11191868180802023,0.1137895585613895,0.12242609145417455,0.09845683985120243,0.37500012329031535,0.09685863874345549,0.07464420397349611,0.9132982593403307,0.0,63.054239790575934,0.0968642859894449,0.07505690385179348,0.9168280309478143,0.0
PG(18:1/20:2),Lipid,Phosphatidylglycerol (PG),0.11072885249596928,0.09628372854774869,0.1294684749694006,0.09375634311525519,0.1013425106687257,0.11846512382622267,0.12631466316432885,0.12658014335207063,0.37500012329031535,0.09685863874345549,0.06829229534478343,0.9142092682036129,0.0,70.12439371727748,0.0968642859894449,0.06976043979033124,0.9162037281023454,0.0
PG(18:1/20:3)_A,Lipid,Phosphatidylglycerol (PG),0.12220292824901936,0.09622192846379558,0.11171405426911533,0.09788939420799905,0.11536800094640963,0.12020004976971589,0.1254646352329469,0.10338049612872854,0.37500012329031535,0.09685863874345549,0.07493679690068754,0.9138062065345106,0.0,53.70420418848168,0.0968642859894449,0.07432801286128328,0.9157030471648956,0.0
PG(18:1/20:3)_B,Lipid,Phosphatidylglycerol (PG),0.11011874559224082,0.09774294325180294,0.11665197724711265,0.09834052679834478,0.110354813435186,0.10299389576510362,0.10080026758676087,0.1042573299464432,0.37500012329031535,0.09685863874345549,0.04594629280086472,0.9153558842058368,0.0,62.82552251308905,0.0968642859894449,0.046185757932727466,0.9178157400397589,0.0
PG(18:1/20:4)_A,Lipid,Phosphatidylglycerol (PG),0.11281964978887099,0.10346874376050927,0.12932880303582764,0.10389856321069461,0.12566160584291292,0.10981563084250394,0.10702816226800832,0.12773349978688486,0.37500012329031535,0.09685863874345549,0.03698564279004951,0.9157760880000491,0.0,55.243411518324606,0.0968642859894449,0.0374647991607261,0.9180705452863345,0.0
PG(18:1/20:4)_B,Lipid,Phosphatidylglycerol (PG),0.11149137325598546,0.1052366246129966,0.10696448650155668,0.1054582465064459,0.11172473758090211,0.11331773689022596,0.11254266768150863,0.10380258722570643,0.37500012329031535,0.09685863874345549,0.04197712625688563,0.9158953403871224,0.0,62.831032460732985,0.0968642859894449,0.04269207786910458,0.9175826849120233,0.0
PG(18:1/22:4),Lipid,Phosphatidylglycerol (PG),0.11158067306287994,0.10233147246221508,0.12738663311057338,0.10371802994943653,0.11984182160636013,0.12396434536199279,0.1243183311244007,0.12523729518428722,0.37500012329031535,0.09685863874345549,0.06622006696260854,0.9141533482690131,0.0,70.46826596858641,0.0968642859894449,0.06613149525474736,0.916308914525123,0.0
PG(18:1/22:5),Lipid,Phosphatidylglycerol (PG),0.10608296530822298,0.10480953281688446,0.1043174586737338,0.09979032842167576,0.0997459371887194,0.10091036196578872,0.10132901539504807,0.1158111778790418,0.37500012329031535,0.09685863874345549,0.05937531137041685,0.9146754372284936,0.0,67.37351832460729,0.0968642859894449,0.061093112042378626,0.9172303892144495,0.0
PG(18:1/22:6),Lipid,Phosphatidylglycerol (PG),0.11514680939593211,0.10961667547875338,0.109931157948372,0.10808608715978313,0.1120739708982477,0.11506635325764605,0.11363702519606654,0.09856531758402624,0.37500012329031535,0.09685863874345549,0.04063908813285529,0.9156281889611817,0.0,57.627236649214694,0.0968642859894449,0.0406656978724152,0.9181178906093156,0.0
PG(18:2/0:0),Lipid,Phosphatidylglycerol (PG),0.10677994200179589,0.09832720942845789,0.10962919059744229,0.09651969736678903,0.10574502456802669,0.11785611906137482,0.11356239844294432,0.12390633370508762,0.37500012329031535,0.09685863874345549,0.0626948095683876,0.9144123403805584,0.0,55.857741361256544,0.0968642859894449,0.06255193841457467,0.9158362436265147,0.0
PG(18:2/18:2),Lipid,Phosphatidylglycerol (PG),0.12601364646209967,0.10470350195021458,0.11602996515159149,0.10246584953788118,0.10904247755463345,0.1133214018339736,0.11597483438604651,0.10197952486164956,0.37500012329031535,0.09685863874345549,0.06522355883934,0.9142949349431384,0.0,57.64537068062828,0.0968642859894449,0.06565712066570226,0.9161126311337543,0.0
PG(18:2/19:1),Lipid,Phosphatidylglycerol (PG),0.1212300715869647,0.1036272552263821,0.12362041137811806,0.10591824397252962,0.1262278882218792,0.12236973630466373,0.12659938680141902,0.11544218244051865,0.37500012329031535,0.09685863874345549,0.1097638237409297,0.9100369241596993,0.0,53.84086178010471,0.0968642859894449,0.11076976226878073,0.912644828829109,0.0
PG(18:2/20:3),Lipid,Phosphatidylglycerol (PG),0.10434760116493384,0.09855853856140309,0.11603317415638353,0.0962262606202648,0.0967459856880401,0.11036149500039517,0.11340702341833875,0.10316846113709541,0.37500012329031535,0.09685863874345549,0.05810678150558787,0.9146500408495204,0.0,61.75260837696339,0.0968642859894449,0.058149348202398365,0.9169261038528864,0.0
PG(18:2/20:4),Lipid,Phosphatidylglycerol (PG),0.11209786833109307,0.09630593753508017,0.10840582437474867,0.09753606940954364,0.09934106775079206,0.11220061954384393,0.1092813457822502,0.11609516143228285,0.37500012329031535,0.09685863874345549,0.04632214328532094,0.9152006264837864,0.0,63.40257486910997,0.0968642859894449,0.047001054428835766,0.917336537815503,0.0
PG(18:2/22:4),Lipid,Phosphatidylglycerol (PG),0.1080586355638347,0.09537025859199175,0.12048405043207103,0.09585317370063184,0.1133800492194558,0.10827939530950323,0.10869191394161982,0.12183267480848009,0.37500012329031535,0.09685863874345549,0.061318777976680804,0.9142867633680571,0.0,68.02518848167543,0.0968642859894449,0.06153377317273662,0.9164206230857997,0.0
PG(18:2/22:6),Lipid,Phosphatidylglycerol (PG),0.12575860090209634,0.09784464196200357,0.11635820622925593,0.09932067719950939,0.09961595912378904,0.11633129000184957,0.11583779735896085,0.09436053186332728,0.37500012329031535,0.09685863874345549,0.04404462147760247,0.9155163765056705,0.0,72.43789633507855,0.0968642859894449,0.04380811521741462,0.9176338975677729,0.0
PG(20:3/22:6),Lipid,Phosphatidylglycerol (PG),0.11065192851361394,0.09926948020222326,0.10526848735641076,0.09963894362061192,0.10566315483327011,0.10300673634700205,0.10630963411174549,0.12194417435414968,0.37500012329031535,0.09685863874345549,0.04773755479182795,0.9153684505784327,0.0,67.30223979057592,0.0968642859894449,0.04754102151062639,0.9177900597921121,0.0
PG(20:4/0:0),Lipid,Phosphatidylglycerol (PG),0.10478704916632656,0.09337492615401624,0.11328167985172688,0.09452349582334904,0.10523191807263495,0.11133857431502862,0.10394640933360252,0.10414366432253896,0.37500012329031535,0.09685863874345549,0.05789440664465678,0.9147437249083796,0.0,59.29212565445027,0.0968642859894449,0.05750939820841023,0.916647477670914,0.0
PG(20:4/22:6),Lipid,Phosphatidylglycerol (PG),0.10749287979096536,0.10232974762213935,0.10600492721447424,0.10390958079381392,0.10451832900286136,0.1162127901540092,0.10832009477539642,0.11331331529063496,0.37500012329031535,0.09685863874345549,0.03863265232769861,0.9155068880206011,0.0,69.15325759162303,0.0968642859894449,0.03886183861414555,0.9178919057933523,0.0
PG(22:4/22:6),Lipid,Phosphatidylglycerol (PG),0.09740870739664431,0.09336122102938361,0.11559046520361688,0.09450460280763598,0.10589774645442056,0.11051177097283009,0.10344988912848752,0.11735388019110196,0.37500012329031535,0.09685863874345549,0.05184637809746122,0.9149810253234181,0.0,67.93124188481674,0.0968642859894449,0.052456336941061915,0.917076519051285,0.0
PG(22:6/0:0),Lipid,Phosphatidylglycerol (PG),0.09982976126906615,0.09359689568965138,0.10070271533831542,0.09432996609268324,0.10447236000921557,0.10723203140336161,0.0993557884352681,0.10961730390885852,0.37500012329031535,0.09685863874345549,0.06281556162937336,0.9147040205726651,0.0,58.85771413612567,0.0968642859894449,0.06253382841002449,0.9164502978985706,0.0
PG(22:6/22:6),Lipid,Phosphatidylglycerol (PG),0.10351777026050901,0.11336564881045158,0.11077774689592179,0.11320638857679396,0.12169966155985056,0.1113134641388446,0.09955446556697892,0.10732779932742728,0.37500012329031535,0.09685863874345549,0.05424421506594544,0.915252967900864,0.0,59.123615706806284,0.0968642859894449,0.053458474579941385,0.9175951411000217,0.0
PI(16:0/0:0),Lipid,Phosphatidylinositol (PI),0.1073696792544052,0.1054911789181241,0.10369947120505597,0.10718954470430413,0.11155252099039668,0.1196985367426838,0.11783082298224709,0.1128832150525303,0.37500012329031535,0.09685863874345549,0.07342033397342776,0.9138797850660201,0.0,56.206335078534,0.0968642859894449,0.07296062939511526,0.91598885069512,0.0
PI(16:0/16:0),Lipid,Phosphatidylinositol (PI),0.1259201240026264,0.10047447487248252,0.12421514693290697,0.09837517067924537,0.11082307408860916,0.12364287933595433,0.12578862422750728,0.11194254878116092,0.37500012329031535,0.09685863874345549,0.06527513935063348,0.9143432004638767,0.0,62.196853403141375,0.0968642859894449,0.06463202578347427,0.9169991515167547,0.0
PI(16:0/18:2),Lipid,Phosphatidylinositol (PI),0.11934319654454305,0.09106646170260546,0.12369400455468185,0.09041441867057227,0.09314697984695595,0.12966430224063635,0.13042823055151215,0.10097148286050094,0.37500012329031535,0.09685863874345549,0.035673155818351426,0.9155723443122774,0.0,57.291618848167545,0.0968642859894449,0.03557426902640608,0.9175270569065277,0.0
PI(16:0/20:3)_A,Lipid,Phosphatidylinositol (PI),0.10918958940074225,0.11104745037783831,0.117553613997699,0.1105239681002857,0.11178033358892397,0.11650834927696198,0.1131952534078773,0.1000965343331016,0.37500012329031535,0.09685863874345549,0.04493823275818759,0.9153225990300751,0.0,66.10280209424086,0.0968642859894449,0.04480693586431999,0.917715762009354,0.0
PI(16:0/20:3)_B,Lipid,Phosphatidylinositol (PI),0.10510138448659515,0.10016544771101037,0.1237228187435436,0.10085529014532298,0.11483128152408989,0.10049931727844019,0.09900642368888984,0.1049966044254063,0.37500012329031535,0.09685863874345549,0.08066383795023613,0.9127454940658613,0.0,67.63920209424076,0.0968642859894449,0.07983190615879367,0.9162305201692084,0.0
PI(16:0/22:6),Lipid,Phosphatidylinositol (PI),0.11925570265195899,0.10569503094753757,0.11068467238609972,0.10314292280729218,0.10615546965178017,0.12224328246658846,0.11861573176819995,0.11524932125251786,0.37500012329031535,0.09685863874345549,0.05348873395393791,0.9148725045586026,0.0,71.4923246073298,0.0968642859894449,0.05341373940923826,0.9177318008534378,0.0
PI(16:1/20:4),Lipid,Phosphatidylinositol (PI),0.1134186689098847,0.09954762069257217,0.12569671770367902,0.10274189080426195,0.12948945383822846,0.10297541170098509,0.10161149491803192,0.12493094219347507,0.37500012329031535,0.09685863874345549,0.0672302887388024,0.9136251691673042,0.0,59.79845130890057,0.0968642859894449,0.06691418048858748,0.9165735821987472,0.0
PI(17:0/20:4),Lipid,Phosphatidylinositol (PI),0.09906649689727506,0.10154515932134217,0.11572906746892582,0.10005110017358781,0.10821902018329282,0.11314424960738932,0.10112255689726436,0.10163624157402251,0.37500012329031535,0.09685863874345549,0.03784120733210511,0.9151096194559254,0.0,69.02499581151832,0.0968642859894449,0.03835512604579517,0.9175034262263787,0.0
PI(18:0/0:0),Lipid,Phosphatidylinositol (PI),0.10575544415773191,0.09185272136006516,0.11007276865567346,0.08894950798301217,0.10644651301556368,0.12331875755357705,0.12102786229932318,0.11962998717752646,0.37500012329031535,0.09685863874345549,0.05462139445968396,0.91529363161901,0.0,65.66686910994764,0.0968642859894449,0.054237081162894274,0.9168202160342819,0.0
PI(18:0/18:1),Lipid,Phosphatidylinositol (PI),0.11863853143636914,0.09847919591792025,0.11836217623846329,0.09601402506583215,0.11158002483563502,0.12768409064168515,0.12832610645782513,0.11823858944141036,0.37500012329031535,0.09685863874345549,0.05166693445150573,0.915299693402829,0.0,65.61254659685866,0.0968642859894449,0.051395433765084216,0.916821641910485,0.0
PI(18:0/20:3)_A,Lipid,Phosphatidylinositol (PI),0.10966133139921563,0.09884422021301326,0.11260887188451862,0.09483406063295069,0.1109471823489408,0.12163111735169738,0.12650911764346084,0.1147723561735963,0.37500012329031535,0.09685863874345549,0.03776445739186528,0.9159048031646564,0.0,62.00831204188481,0.0968642859894449,0.03758219865069024,0.9177513579587314,0.0
PI(18:0/20:3)_B,Lipid,Phosphatidylinositol (PI),0.11048015419361584,0.09614147603948882,0.09802454679315656,0.09720626394204313,0.11891619754495338,0.1014487900059311,0.1011345078007893,0.09545771734342774,0.37500012329031535,0.09685863874345549,0.060063073447899684,0.9143175405891435,0.0,61.01935497382199,0.0968642859894449,0.05973914958312387,0.9171222122767039,0.0
PI(18:0/20:4),Lipid,Phosphatidylinositol (PI),0.10045059742840363,0.10296887440988464,0.12381153435518982,0.10272868040120145,0.11914745982363206,0.10013476160580359,0.09678147086453012,0.11398050749945715,0.37500012329031535,0.09685863874345549,0.020834772376303344,0.9162403266004551,0.0,57.64690366492147,0.0968642859894449,0.021061563864452085,0.9183019534684728,0.0
PI(18:0/22:4),Lipid,Phosphatidylinositol (PI),0.10750156411419347,0.09317110086630934,0.11685327544354582,0.08902187104107236,0.09875772416301484,0.12337674599323624,0.11824619655242796,0.11677061682844453,0.37500012329031535,0.09685863874345549,0.04111078961162512,0.915626741479552,0.0,55.963192670157085,0.0968642859894449,0.04139416334134888,0.9173358930752018,0.0
PI(18:0/22:5),Lipid,Phosphatidylinositol (PI),0.11347068189778146,0.09571874314155251,0.10999746400988725,0.09348074308703332,0.10969502867909205,0.11590824129584935,0.10864153424387146,0.10397154132800665,0.37500012329031535,0.09685863874345549,0.060448803178535224,0.9148048025642803,0.0,63.000335078534036,0.0968642859894449,0.06065252758356676,0.9167878761691837,0.0
PI(18:0/22:6),Lipid,Phosphatidylinositol (PI),0.10391799274077664,0.1012445424265958,0.09894376621583258,0.09927480180183672,0.10007610366925904,0.12361580390007958,0.1215812555264351,0.10328228721123922,0.37500012329031535,0.09685863874345549,0.04193884913184218,0.9155945003032578,0.0,64.9582691099477,0.0968642859894449,0.042078938649545115,0.9178234169090825,0.0
PI(18:1/0:0),Lipid,Phosphatidylinositol (PI),0.10647665462789697,0.0895480809726982,0.10051223416220204,0.08690304540201704,0.10491568402123404,0.12020310388950559,0.11313839366466212,0.10401117253718817,0.37500012329031535,0.09685863874345549,0.07234965622822825,0.9142354158384665,0.0,62.94264712041885,0.0968642859894449,0.07193041258477001,0.9153272958447269,0.0
PI(18:1/18:1),Lipid,Phosphatidylinositol (PI),0.12604830408232193,0.09162100447237424,0.11121114973479158,0.0938395098227819,0.10979629952198708,0.11879137021367109,0.11507361675123286,0.11444787230570924,0.37500012329031535,0.09685863874345549,0.04652597432411215,0.9151489280553715,0.0,69.113367539267,0.0968642859894449,0.04656163525956225,0.9168507161603713,0.0
PI(18:1/18:2),Lipid,Phosphatidylinositol (PI),0.1150237549259706,0.1060113184823517,0.1150122827652135,0.10497037081123148,0.09505978737836317,0.12231263754337804,0.12049198378526613,0.10463469553913222,0.37500012329031535,0.09685863874345549,0.056587833559146,0.9145163118964046,0.0,65.94327329842932,0.0968642859894449,0.0566507732129137,0.915960019502537,0.0
PI(18:1/20:3)_A,Lipid,Phosphatidylinositol (PI),0.12060572982925988,0.0989944283789867,0.11446689902995529,0.09664681406911318,0.10552515425635968,0.10978061469517596,0.11573918912609862,0.108481623742107,0.37500012329031535,0.09685863874345549,0.047385278684494714,0.9151032580559807,0.0,64.87544921465971,0.0968642859894449,0.04727549448137403,0.9171521037460885,0.0
PI(18:1/20:3)_B;PI(16:0/22:4),Lipid,Phosphatidylinositol (PI),0.11568587481759583,0.09438525457107919,0.13556598519985,0.09519258669333987,0.10561563482064153,0.12484131594143257,0.12452274468980348,0.11174736106468591,0.37500012329031535,0.09685863874345549,0.04742246711269012,0.9153908415620278,0.0,56.60580104712042,0.0968642859894449,0.047427746970387284,0.9172365801667208,0.0
PI(18:1/22:6),Lipid,Phosphatidylinositol (PI),0.12261121094977544,0.10236625005164866,0.10743742695363487,0.10498675010652413,0.10689764560590942,0.11602359407242814,0.11548782178862463,0.09270095492257087,0.37500012329031535,0.09685863874345549,0.05428759095297553,0.9149050452442791,0.0,66.06083874345552,0.0968642859894449,0.054079665912513515,0.9172652313449626,0.0
PI(18:2/20:4),Lipid,Phosphatidylinositol (PI),0.11292973088911715,0.09228799611839696,0.10912033603339999,0.09333110986775178,0.10201178873066273,0.10967095851594404,0.11725223990626099,0.10291256974663787,0.37500012329031535,0.09685863874345549,0.06362206215833877,0.913400543837697,0.0,57.62520628272253,0.0968642859894449,0.06298590033396738,0.9164330915842783,0.0
PI(19:0/20:4),Lipid,Phosphatidylinositol (PI),0.09889194731190286,0.10517096035243974,0.11058852258001863,0.10668626578608797,0.10716436738754001,0.10949003511535856,0.10404744758351482,0.10294268090826972,0.37500012329031535,0.09685863874345549,0.04150281309858537,0.9148968122976325,0.0,59.22035183246075,0.0968642859894449,0.04205642640531581,0.9172510464011637,0.0
PI(20:1/20:4);PI(18:0/22:5),Lipid,Phosphatidylinositol (PI),0.11204577567050614,0.09263554470822671,0.130813061348113,0.09010811916317332,0.09807986201325913,0.1261254538039661,0.11973132205468714,0.1283438524983283,0.37500012329031535,0.09685863874345549,0.04497113930029445,0.9154907767219771,0.0,65.5655445026178,0.0968642859894449,0.045069139098573956,0.9169251539153339,0.0
PI(20:3/0:0),Lipid,Phosphatidylinositol (PI),0.10512470202725042,0.09372022844049159,0.11480356374519878,0.09067422772104672,0.1254400775454367,0.11907596106294431,0.11208849351121687,0.11259179730485437,0.37500012329031535,0.09685863874345549,0.099644924465466,0.9118669846256746,0.0,68.92698638743455,0.0968642859894449,0.09922173508813288,0.9130716642057676,0.0
PI(20:3/20:4),Lipid,Phosphatidylinositol (PI),0.10963518547805946,0.09346988595415363,0.11741225733661023,0.09475261876549973,0.11155528875702983,0.10781172989701002,0.10513116879393557,0.12125794205022812,0.37500012329031535,0.09685863874345549,0.06285896904921008,0.9136352181335192,0.0,65.50461780104715,0.0968642859894449,0.06329784785375768,0.9171561840753691,0.0
PI(20:4/0:0),Lipid,Phosphatidylinositol (PI),0.09417934752492417,0.09021678408794334,0.10680281951430504,0.08813262907149519,0.10977675133446231,0.11840524979956286,0.09960864299629187,0.10427302732821751,0.37500012329031535,0.09685863874345549,0.0859287611315191,0.9132355143546614,0.0,61.66786282722511,0.0968642859894449,0.08550850263797564,0.914618414076751,0.0
PI(20:4/20:4),Lipid,Phosphatidylinositol (PI),0.10258459059815708,0.10176203456186997,0.09372216721422011,0.09737285140330919,0.10631303178706868,0.1117654074738117,0.0997443255876447,0.09656629479053992,0.37500012329031535,0.09685863874345549,0.06799997011342876,0.9133736304974733,0.0,64.66439476439788,0.0968642859894449,0.068024542889828,0.9167190780068872,0.0
PI(20:4/22:6),Lipid,Phosphatidylinositol (PI),0.11409733416350107,0.1033247664121737,0.11619691362589668,0.10618075393537069,0.12323279034094785,0.1142875261537092,0.1184568511452271,0.11363421576983761,0.37500012329031535,0.09685863874345549,0.08991004123684644,0.9112563190373317,0.0,66.53967225130887,0.0968642859894449,0.08944938809136864,0.9153377263629547,0.0
PI(22:6/0:0),Lipid,Phosphatidylinositol (PI),0.10668400280405421,0.10277169443626792,0.10781112893251968,0.10075421986522744,0.10888296327476313,0.12527542587258417,0.12064888586976652,0.10403013240716771,0.37500012329031535,0.09685863874345549,0.08952739389359232,0.9133082961558742,0.0,58.72710157068063,0.0968642859894449,0.08897268324074964,0.9145273001359134,0.0
PI(O-16:0/20:4),Lipid,PI-O,0.11120603879493732,0.10070315657647431,0.11859707538923961,0.10188054043466885,0.10766065334948025,0.10942496908505625,0.1100692422940843,0.11423173246211293,0.37500012329031535,0.09685863874345549,0.05775082386908373,0.914372688277042,0.0,64.42529109947645,0.0968642859894449,0.05697800433854824,0.9180619780571918,0.0
PI(O-18:0/20:4),Lipid,PI-O,0.11338656081574776,0.09510762829147097,0.11136141138417822,0.0956303885429454,0.10105431529669512,0.11687275888299996,0.11842168893130045,0.09864741462328894,0.37500012329031535,0.09685863874345549,0.0426814065874912,0.9153738622469676,0.0,56.88896439790578,0.0968642859894449,0.043220186879271226,0.9184424347815217,0.0
PI(P-18:0/16:0),Lipid,PI-P,0.12184721624499117,0.1127615937709125,0.1173837105648145,0.11219571251754522,0.12479431881445456,0.12523047719654878,0.12787125506966698,0.12072762726663913,0.37500012329031535,0.09685863874345549,0.09491496570276046,0.9119208376554548,0.0,59.62134136125658,0.0968642859894449,0.09434875697793539,0.9143687008680103,0.0
PI(P-18:0/20:4),Lipid,PI-P,0.1220717206070975,0.10885766562031932,0.12646559525184858,0.10712933575189373,0.11527173080264884,0.1261942246143611,0.12969010291346847,0.1316756017236498,0.37500012329031535,0.09685863874345549,0.03853703571981669,0.9154796543834831,0.0,65.33725968586386,0.0968642859894449,0.03833588911355723,0.9181003209490445,0.0
PI(P-18:0/22:4),Lipid,PI-P,0.11839324578091115,0.10250030622683556,0.12765084117178357,0.10416833354687766,0.11826993072154582,0.12147738889602193,0.1259657366177465,0.1148560309735484,0.37500012329031535,0.09685863874345549,0.07440797241126881,0.9133205199812213,0.0,70.32122513089006,0.0968642859894449,0.07420370870441895,0.9151968785821323,0.0
PS(16:0/18:2);PS(16:1/18:1),Lipid,Phosphatidylserine (PS),0.11486436970929335,0.09708183478123228,0.11507513914657733,0.10024309225612411,0.110016611071813,0.10355756676924696,0.10544938151845891,0.10416460307880693,0.37500012329031535,0.09685863874345549,0.05199802628505112,0.9144356013071295,0.0,69.75147329842932,0.0968642859894449,0.051597208375144636,0.9175181614653116,0.0
PS(16:0/20:3),Lipid,Phosphatidylserine (PS),0.1154239906850199,0.10574280500637888,0.12083126475056828,0.10899348674814185,0.1177601401977725,0.10390847185430178,0.1055243004047784,0.1120128794695195,0.37500012329031535,0.09685863874345549,0.05776430471596217,0.9143539522030952,0.0,59.28970261780103,0.0968642859894449,0.057671169713644665,0.9172723134363728,0.0
PS(16:0/20:4),Lipid,Phosphatidylserine (PS),0.1144700828444431,0.11440138184878473,0.11040213288501508,0.1181598217446194,0.1235540919457495,0.11092921603295529,0.10753660681908486,0.1201909746985859,0.37500012329031535,0.09685863874345549,0.05975114573637315,0.9143371926989667,0.0,62.06456544502619,0.0968642859894449,0.05969649609640323,0.9175397661600138,0.0
PS(16:0/22:6),Lipid,Phosphatidylserine (PS),0.11505303463960663,0.10762733318305634,0.11868244828756083,0.1106563128062502,0.12259248691811217,0.11021228133049579,0.10493893187134652,0.1182309814258826,0.37500012329031535,0.09685863874345549,0.07089587720050333,0.9133741191973738,0.0,63.09522513089003,0.0968642859894449,0.0707033187635429,0.9173089064001191,0.0
PS(16:1/18:0),Lipid,Phosphatidylserine (PS),0.10467991595561657,0.10580330811756186,0.120745931964807,0.10872525406008832,0.11898382732094533,0.11253359827361138,0.11068774138784358,0.10533895175330234,0.37500012329031535,0.09685863874345549,0.03686648432971496,0.9154114942635159,0.0,58.32261570680626,0.0968642859894449,0.036865342572000186,0.9185190572852412,0.0
PS(18:0/18:1),Lipid,Phosphatidylserine (PS),0.11791507685209773,0.09747386819999151,0.12524360622704486,0.09655764384845475,0.10401960954562053,0.1186461667358434,0.12292698037846701,0.10811555652045658,0.37500012329031535,0.09685863874345549,0.03216763999728319,0.9156748187317245,1.0,0.0,0.0968642859894449,0.0319591556521991,0.9181571393898734,1.0
PS(18:0/18:2),Lipid,Phosphatidylserine (PS),0.12275261669603854,0.0943740899085736,0.11027884024673477,0.09565112673641385,0.09250763912555787,0.11154845873848947,0.10896480618422036,0.09341485152197039,0.37500012329031535,0.09685863874345549,0.03273526310740928,0.9154565887482201,0.0,53.18259162303665,0.0968642859894449,0.032587305914078414,0.9177216891367391,0.0
PS(18:0/20:1),Lipid,Phosphatidylserine (PS),0.10456537318472113,0.10358579221029844,0.11992156537544196,0.10303885745605741,0.11199751635907766,0.11291463291433065,0.10938955457427743,0.11460757377752574,0.37500012329031535,0.09685863874345549,0.046875124021984044,0.9148172557442151,0.0,60.406776963350744,0.0968642859894449,0.047050021351689335,0.9177301609409829,0.0
PS(18:0/20:2),Lipid,Phosphatidylserine (PS),0.1152835675686022,0.10361031435525084,0.11012880590185424,0.1059008083798263,0.11137311088081582,0.1031457253549968,0.10849732667467088,0.10341699855823784,0.37500012329031535,0.09685863874345549,0.051065990581339246,0.9150167439428216,0.0,50.78727748691098,0.0968642859894449,0.050684001764595206,0.9173390943146824,0.0
PS(18:0/20:3)_A,Lipid,Phosphatidylserine (PS),0.1165685021580374,0.10145288706271813,0.11519811088437844,0.10259141522122252,0.11442971468692768,0.11215082411249012,0.10912498812779926,0.09616417974839239,0.37500012329031535,0.09685863874345549,0.03278980302775694,0.9158118229605903,0.0,62.44218115183251,0.0968642859894449,0.03271594511364291,0.9184670509559875,0.0
PS(18:0/20:3)_B,Lipid,Phosphatidylserine (PS),0.11455188013968026,0.10057565211940446,0.11776788192183327,0.1010523765229666,0.11391481649719372,0.10235865212762776,0.10128815658377457,0.09936718102728717,0.37500012329031535,0.09685863874345549,0.03635161074042578,0.915412491509872,0.0,61.5937277486911,0.0968642859894449,0.036239179535729325,0.9182780311563477,0.0
PS(18:0/20:4),Lipid,Phosphatidylserine (PS),0.10332633006482163,0.10678244233387567,0.1248846255576435,0.11028591342813053,0.12898455704676298,0.11184191981393453,0.11046149750533528,0.12065573218844444,0.37500012329031535,0.09685863874345549,0.02519396804231025,0.9161002871223788,1.0,0.0,0.0968642859894449,0.02553165867542,0.9186154022345052,1.0
PS(18:0/22:4)_A,Lipid,Phosphatidylserine (PS),0.11705855559646726,0.10333404578436398,0.1294206073145862,0.10611472866177475,0.12501257125287227,0.11137760065442831,0.11613671601368229,0.11308193267427655,0.37500012329031535,0.09685863874345549,0.047737543702861415,0.9151937874257945,0.0,64.33853821989527,0.0968642859894449,0.04770291255948742,0.9175962827286512,0.0
PS(18:0/22:4)_B,Lipid,Phosphatidylserine (PS),0.10028202329479391,0.1032294589698505,0.13528335210279224,0.10423004003485765,0.12697455678271727,0.09722090558714115,0.09656995315092089,0.12231918667665788,0.37500012329031535,0.09685863874345549,0.043120407332891866,0.9153222346075529,0.0,60.527101570680614,0.0968642859894449,0.043177771524553654,0.9178053219471151,0.0
PS(18:0/22:6),Lipid,Phosphatidylserine (PS),0.11354549455384741,0.10122507446419084,0.1324081372925497,0.10168943082845038,0.12671587088392006,0.10082377103035989,0.09588786197162734,0.12442841204304374,0.37500012329031535,0.09685863874345549,0.034002152502457916,0.9158586907052118,1.0,0.0,0.0968642859894449,0.03429418943053706,0.9184367145189348,1.0
PS(18:0/24:4),Lipid,Phosphatidylserine (PS),0.10646617766914014,0.10889321871924432,0.12968032276908756,0.11113584508900537,0.1342119589987077,0.11025822591515823,0.10859654573149102,0.1100149664568571,0.37500012329031535,0.09685863874345549,0.08256870862462852,0.9130524546250415,0.0,74.28088691099481,0.0968642859894449,0.08215655963534883,0.9154491657294986,0.0
PS(18:1/0:0),Lipid,Phosphatidylserine (PS),0.09350284671272396,0.09701090240447519,0.10768651257976264,0.09507044394844336,0.1023957461540287,0.10314676109996895,0.09609259422779079,0.1055165567976877,0.37500012329031535,0.09685863874345549,0.056089541352701,0.9153022055955672,0.0,64.464212565445,0.0968642859894449,0.055636787913125534,0.9169686773461839,0.0
PS(18:1/18:1),Lipid,Phosphatidylserine (PS),0.1253045196832765,0.09616938101032614,0.11500438059091313,0.09943997195265297,0.09940409795324878,0.1130282461705075,0.11711771256891557,0.09973903782841655,0.37500012329031535,0.09685863874345549,0.038680106991217114,0.9152598052230421,0.0,64.14022617801048,0.0968642859894449,0.03853192618420162,0.9177874258037901,0.0
PS(18:1/18:2),Lipid,Phosphatidylserine (PS),0.12526702040377163,0.09358115819531714,0.12521294686042772,0.09648577551196666,0.1083460834022038,0.11489769945134615,0.1185066200190175,0.1023686434343894,0.37500012329031535,0.09685863874345549,0.05762998043697383,0.9143293919381095,0.0,68.12186178010475,0.0968642859894449,0.05700017814951214,0.9166729144410305,0.0
PS(18:1/20:1),Lipid,Phosphatidylserine (PS),0.10637082273779302,0.09654984864098078,0.11850358638296525,0.09441390830970132,0.10271813079794767,0.11406591656601227,0.11566559811794856,0.11945633990571793,0.37500012329031535,0.09685863874345549,0.04857572313382688,0.9149717242959643,0.0,59.96620628272248,0.0968642859894449,0.04794004430211113,0.9174602963635454,0.0
PS(18:1/20:4),Lipid,Phosphatidylserine (PS),0.11589504218684517,0.1047325568144357,0.1345123753306546,0.10513630310068586,0.12988044433043028,0.10342345107413406,0.10321571781330768,0.11929028727858386,0.37500012329031535,0.09685863874345549,0.05050533336150702,0.9150097800349875,0.0,66.08848900523564,0.0968642859894449,0.05038806730789586,0.9180067031874924,0.0
PS(18:1/22:6),Lipid,Phosphatidylserine (PS),0.11594263334043772,0.11148990528439227,0.12844357232224052,0.11222736132730657,0.13375443514048452,0.10901391111892604,0.10565777871836998,0.12290013688169439,0.37500012329031535,0.09685863874345549,0.052397323958503876,0.9151566826488657,0.0,66.88422408376965,0.0968642859894449,0.05258341548437786,0.9180051776421033,0.0
PS(20:1/22:6),Lipid,Phosphatidylserine (PS),0.11258023335492191,0.09626832532474695,0.1298935477666644,0.0995780126421233,0.12082209234520441,0.1025338258157396,0.0963852187399891,0.12643815826087676,0.37500012329031535,0.09685863874345549,0.04985569258829174,0.9151602649197701,0.0,60.964013612565466,0.0968642859894449,0.049810959013680454,0.9176794175406329,0.0
PS(20:4/22:6),Lipid,Phosphatidylserine (PS),0.11673771367316844,0.10670934387888398,0.12700875942545894,0.10434795759011135,0.13004322109850583,0.10726030192958888,0.1073560685031685,0.11487389443355736,0.37500012329031535,0.09685863874345549,0.08577086711364848,0.9125832179689686,0.0,61.59643560209422,0.0968642859894449,0.08519078803229903,0.9154767822851886,0.0
PS(22:6/0:0),Lipid,Phosphatidylserine (PS),0.09246623861975475,0.10570594156383048,0.10473913527425938,0.10402059898876473,0.11539273702501483,0.1094194982269982,0.0926714356332775,0.1108887249783127,0.37500012329031535,0.09685863874345549,0.07344840419624188,0.9145364051738942,0.0,60.46971204188482,0.0968642859894449,0.07322211476253641,0.9162718244539517,0.0
PS(22:6/22:6),Lipid,Phosphatidylserine (PS),0.12296957871014247,0.10648030116185307,0.11553846595513274,0.10309778280655102,0.13408680781181867,0.10717499903598439,0.11078785012303725,0.1191252374654473,0.37500012329031535,0.09685863874345549,0.15300951227075732,0.9048258308574699,0.0,69.33437382198954,0.0968642859894449,0.15177924878756444,0.9086490433342881,0.0
Phthalate,,,-0.12243102021285865,-0.11595648345232841,-0.12113423605935851,-0.11596298641434953,-0.11682365815013407,-0.1147307950279877,-0.10788369382379222,-0.11198984626194193,0.37500012329031535,0.048429319371727744,0.46920652277531893,0.493122626260989,0.0,84.58825340314132,0.04842893280429395,0.47184492139148954,0.5088484802518297,0.0
Propionate,,,-0.10623611927005863,-0.09705029944879584,-0.12020063690311121,-0.09701976380104457,-0.09945119302698777,-0.12776721614338174,-0.11462818159218321,-0.1082913761459736,0.37500012329031535,0.048429319371727744,0.488993195066209,0.4900682714100554,1.0,0.0,0.04842893280429395,0.49012157848688886,0.5054380572552433,1.0
"S-(1,2-dicarboxyethyl)glutathione",Amino Acid,Glutathione Metabolism,-0.09713532058306058,-0.06656684708000934,-0.072954288763209,-0.06767170150717582,-0.06475472917425042,-0.10504043449299713,-0.11013751960247363,-0.06164368795458424,0.37500012329031535,0.10732984293193717,0.13091061429133485,0.5526868961745834,0.0,67.58000837696333,0.10732437048165695,0.1320826977771563,0.5570160037793825,0.0
S-1-pyrroline-5-carboxylate,Amino Acid,Glutamate Metabolism,-0.1062887043596145,-0.08785498291986081,-0.08185262579796153,-0.08814005452797218,-0.07168911822957039,-0.099295202311861,-0.09964191095781172,-0.09291365879120932,0.37500012329031535,0.10471204188481675,0.18896689207671377,0.6481484009247673,0.0,66.38628167539261,0.10471384362520386,0.18918282433920364,0.6503415762165067,0.0
S-adenosylhomocysteine (SAH),Amino acid,"Cysteine, methionine, SAM, taurine metabolism",-0.007703341217845724,-0.0005864194724562,0.04016202449593069,0.0003675667211973118,-0.00032048059428894184,-0.008439465171616842,-0.011509199337321077,-0.00080625990066699,0.37500012329031535,0.7198952879581152,5.200366803151797,0.1686295730898117,1.0,0.0,0.7198877717426199,6.3701133530266345,0.12077379084224223,1.0
S-adenosylmethionine (SAM),Amino Acid,"Methionine, Cysteine, SAM and Taurine Metabolism",-0.05857856842114499,-0.06363457892170023,-0.023191288496762198,-0.06102578952147323,-0.044457456964681286,-0.06595496746339634,-0.07916771309668752,-0.02863896841853068,0.37500012329031535,0.4463350785340314,0.7492792014395785,0.6299486688115232,1.0,0.0,0.4463358886449144,0.7507014310246501,0.6152647339909519,1.0
S-carboxymethyl-L-cysteine,Xenobiotics,Drug - Other,-0.11435366870024229,-0.09284137380743815,-0.07613562900415236,-0.0897788947455453,-0.10233499853058316,-0.11343214918139892,-0.1113981113015628,-0.074548640270036,0.37500012329031535,0.10471204188481675,0.17724490464388296,0.6445464553547745,0.0,60.54486596858641,0.10471384362520386,0.17898139029439541,0.6492452569908614,0.0
S-lactoylglutathione,Amino Acid,Glutathione Metabolism,-0.1603269119751102,-0.14058543764406362,-0.13349308595748954,-0.14055350636192696,-0.13681751678593884,-0.15464675601288863,-0.15059017895684812,-0.1375422829754355,0.37500012329031535,0.0824607329842932,7.082226741288679,0.08054054279804354,1.0,0.0,0.08245823542252527,10.883879669232838,0.05844031529992916,1.0
S-methylcysteine,Amino Acid,"Methionine, Cysteine, SAM and Taurine Metabolism",0.030099843874695466,0.05727698520281392,0.04809573379834255,0.05486293096188594,0.055178277591697834,0.014270597494237825,0.03498453713727857,0.08158140904379765,0.37500012329031535,0.5562827225130891,23.302314281062554,0.13071824371081525,0.0,52.06728691099475,0.5562746382115387,19.76765318485268,0.08401807823661644,0.0
S-methylcysteine sulfoxide,Amino Acid,"Methionine, Cysteine, SAM and Taurine Metabolism",-0.09237857862509322,-0.0724581182384166,-0.03854705755059735,-0.07020406549477548,-0.05594471047556267,-0.08283056472781489,-0.08500716186623934,-0.0510240271115069,0.37500012329031535,0.23167539267015708,0.12487733639531566,0.8125148378557541,0.0,52.633137172774894,0.23167302284371508,0.1248360484954671,0.8049818958724057,0.0
S-methylglutathione,Amino Acid,Glutathione Metabolism,0.034118251476576864,0.04911535419775285,0.056099666957786475,0.04880400289071291,0.06067944794077723,0.032678423815952255,0.008266670603892436,0.03400351940458667,0.37500012329031535,0.31151832460732987,0.6330865260776355,0.5872229991549995,0.0,57.1118282722513,0.31152201548595865,0.6335505738046989,0.6106398280984316,0.0
S-methylmethionine,Amino Acid,"Methionine, Cysteine, SAM and Taurine Metabolism",-0.025924363622878335,-0.017401844269113793,-0.006583644092438064,-0.017540974653764103,-0.008785577097883393,-0.02178170384295467,-0.02166275492673794,-0.002160319175589817,0.37500012329031535,0.06806282722513088,0.06179630450988634,0.5859028184244653,0.0,67.27029214659686,0.06806117338880542,0.06174324073633853,0.5793027509016438,0.0
S7P,,,-0.12078236806012516,-0.11848868031585082,-0.11826126513676492,-0.1171400225401695,-0.11264755018600689,-0.11210920103336143,-0.11069723049545925,-0.10689280578063465,0.37500012329031535,0.048429319371727744,0.2396965465500575,0.5328718812437534,0.0,84.90754240837698,0.04842893280429395,0.24025411813864309,0.5483114048265145,0.0
SM(d16:1/16:0);SM(d18:1/14:0),Lipid,Sphingomyelins (SM),0.12275073110903795,0.10008577079619502,0.11864427450138901,0.10214335792713582,0.09831153878839015,0.11226399916887106,0.11584483511325885,0.10413451865888167,0.37500012329031535,0.09685863874345549,0.03864382596826471,0.9157017881600005,0.0,67.98191727748693,0.0968642859894449,0.038354147816922236,0.9173669853510519,0.0
SM(d17:1/16:0),Lipid,Sphingomyelins (SM),0.1236603409338824,0.10791005987608719,0.10012705999118575,0.10817874717315291,0.10159995307816604,0.11111656636388083,0.11334668463431964,0.10101612813967,0.37500012329031535,0.09685863874345549,0.03487977352662713,0.915760429446612,0.0,69.57119685863871,0.0968642859894449,0.034633291252094335,0.9177287225060469,0.0
SM(d17:1/24:1);SM(d18:1/23:1),Lipid,Sphingomyelins (SM),0.1285652971524854,0.113367761405273,0.11620359905254675,0.11307235914331366,0.11871917802157624,0.1140324407573608,0.11937843843115985,0.10973760147599958,0.37500012329031535,0.09685863874345549,0.043151418601570776,0.9155919822296512,0.0,67.73651832460732,0.0968642859894449,0.042839896045245844,0.9174951019537495,0.0
SM(d18:0/20:0),Lipid,Sphingomyelins (SM),0.10094920240224468,0.10069556193179986,0.10544273631661778,0.10225463016829933,0.1162116081936735,0.10905427861527685,0.10901677933577203,0.09548984750390793,0.37500012329031535,0.09685863874345549,0.05289525711649938,0.915132797785795,1.0,0.0,0.0968642859894449,0.05311634761276504,0.9181433351345986,1.0
SM(d18:0/24:1),Lipid,Sphingomyelins (SM),0.10747270932157166,0.11113294361383921,0.0962008158864347,0.1150124432154531,0.10718673682511111,0.11285116033783169,0.11678776140137445,0.10095126613031116,0.37500012329031535,0.09685863874345549,0.042510024725056564,0.9158042255206325,1.0,0.0,0.0968642859894449,0.04272124266711594,0.9181164101343934,1.0
SM(d18:1/16:0)_A,Lipid,Sphingomyelins (SM),0.12103893680325625,0.10724459250734068,0.09816377748857062,0.10762705239513705,0.09959568891018605,0.11282395211413997,0.11241442120790461,0.10109156649398922,0.37500012329031535,0.09685863874345549,0.04907195053052323,0.9152557339416927,0.0,57.99973926701573,0.0968642859894449,0.04882030363981371,0.9169635031758664,0.0
SM(d18:1/16:0)_B,Lipid,Sphingomyelins (SM),0.11857577591408167,0.08846583073573397,0.11789509222013053,0.08978017224428152,0.09438887807232352,0.10304589547421869,0.10693473276000687,0.11768369902945577,0.37500012329031535,0.09685863874345549,0.023777290949011008,0.916355007721551,0.0,65.25248691099473,0.0968642859894449,0.023617887989646685,0.9181786179784849,0.0
SM(d18:1/22:1),Lipid,Sphingomyelins (SM),0.11885024833170381,0.0887738550832086,0.1183512121387572,0.08876409436029954,0.09269632860732903,0.10307371452186835,0.10621779805754739,0.12139711926222896,0.37500012329031535,0.09685863874345549,0.04074729671849784,0.915853381635301,0.0,65.07316963350792,0.0968642859894449,0.040561461548672996,0.917367371588925,0.0
SM(d18:1/24:0),Lipid,Sphingomyelins (SM),0.12258101500020249,0.09894529049310878,0.10780188967288928,0.10147993629894424,0.10950239479559735,0.11246952815193614,0.11551282573455508,0.10643239339447877,0.37500012329031535,0.09685863874345549,0.02742187140527219,0.9159624642200084,0.0,72.25196230366494,0.0968642859894449,0.027280826152160414,0.9180530430307217,0.0
SM(d18:1/24:2),Lipid,Sphingomyelins (SM),0.11282306243576645,0.08965881837972972,0.114020686913624,0.0891212833353587,0.09863614299395694,0.11200398734451403,0.11830253842315709,0.11385047595111358,0.37500012329031535,0.09685863874345549,0.03125588587109035,0.9161941353257593,0.0,61.90098638743456,0.0968642859894449,0.03109249245810741,0.9180025839483665,0.0
SM(d18:1/25:0),Lipid,Sphingomyelins (SM),0.12918159196848347,0.11732782039802003,0.11960890134187219,0.11694506635145108,0.13291146969417905,0.11018104963595068,0.11585658683505834,0.11479322807559779,0.37500012329031535,0.09685863874345549,0.07999259020511965,0.912592243527905,0.0,56.187487958115206,0.0968642859894449,0.07961637642475072,0.9154367728881585,0.0
SM(d18:1/25:1),Lipid,Sphingomyelins (SM),0.12790320381842357,0.11739098430900975,0.11809278028617266,0.11688358716797716,0.1345754991290844,0.10952607372887702,0.11425281541836019,0.11623900507208543,0.37500012329031535,0.09685863874345549,0.09608141651385615,0.9115878141848417,0.0,73.5849465968586,0.0968642859894449,0.09589483606348798,0.9141240709643071,0.0
SM(d18:1/26:0),Lipid,Sphingomyelins (SM),0.1050091500689462,0.11381430779293679,0.11723056081111503,0.11382257098027626,0.1210372160039499,0.11083840244494765,0.11768150308209416,0.1183638877076857,0.37500012329031535,0.09685863874345549,0.06243229259345301,0.9138249260742572,1.0,0.0,0.0968642859894449,0.06219556367217823,0.9165809660499223,1.0
SM(d18:1/26:1),Lipid,Sphingomyelins (SM),0.10717911545830965,0.11724552279595786,0.1252708961386304,0.11664628126360681,0.13369540282316453,0.10970816566225161,0.11513453980164652,0.11451780186846881,0.37500012329031535,0.09685863874345549,0.0784746158384455,0.9130143419369541,1.0,0.0,0.0968642859894449,0.07828342440711655,0.9155234553144632,1.0
SM(d18:2/14:0),Lipid,Sphingomyelins (SM),0.11702282239492777,0.10823502509469309,0.12809494069329344,0.10751840084122036,0.11483814077183287,0.12399104899198012,0.123628166445837,0.11307733310074129,0.37500012329031535,0.09685863874345549,0.054674647863689765,0.9150233230967441,0.0,70.99821465968586,0.0968642859894449,0.054100308036315575,0.9168979511300854,0.0
SM(d18:2/16:0)_A,Lipid,Sphingomyelins (SM),0.12093558804532917,0.10873103026871399,0.12874850800260285,0.10834810240105211,0.10260077481853261,0.12466409732093979,0.1242356574295717,0.1166348759257418,0.37500012329031535,0.09685863874345549,0.032494933481500704,0.9160410898605416,0.0,67.19741151832457,0.0968642859894449,0.032104922786846686,0.9179656454720071,0.0
SM(d18:2/16:0)_B,Lipid,Sphingomyelins (SM),0.11843832724476348,0.1083347181768987,0.12115038690628203,0.10776105508691075,0.11048559375131438,0.12426155105387567,0.12519766532698207,0.10890910329296485,0.37500012329031535,0.09685863874345549,0.04299866535154953,0.9154878035015492,0.0,61.97331832460734,0.0968642859894449,0.04266127223182959,0.9175528671848571,0.0
SM(d18:2/18:0)_A,Lipid,Sphingomyelins (SM),0.10444154854542134,0.11378070683859362,0.10916990178658349,0.11605669348733841,0.1180141730396213,0.10942476990333085,0.10896347830605092,0.11615724230415525,0.37500012329031535,0.09685863874345549,0.03519309447162642,0.9160931057485076,0.0,64.39653717277488,0.0968642859894449,0.035155846343456684,0.9186361853330922,0.0
SM(d18:2/18:0)_B,Lipid,Sphingomyelins (SM),0.11422870115080326,0.1131871345480418,0.11652014063357356,0.11614555617837097,0.11104470935291179,0.10684597738316186,0.10719996314556976,0.10394732671268013,0.37500012329031535,0.09685863874345549,0.05781133400647613,0.9149639889957993,0.0,67.21969005235601,0.0968642859894449,0.05733981198308382,0.9175430085023587,0.0
SM(d18:2/22:0),Lipid,Sphingomyelins (SM),0.10006057305247729,0.09703948928883084,0.1182218758747852,0.0994064779651362,0.11040764167657474,0.12025838345769915,0.11780832872605687,0.10753703981072071,0.37500012329031535,0.09685863874345549,0.031365989183733484,0.9160584365578988,0.0,69.20314450261776,0.0968642859894449,0.03125246475492453,0.9179773082850734,0.0
SM(d18:2/23:0),Lipid,Sphingomyelins (SM),0.11026514416042098,0.10485896486153497,0.10618828172577865,0.10751832061610056,0.09730337644956182,0.1190323269862967,0.12221302012310704,0.12050710178316042,0.37500012329031535,0.09685863874345549,0.034105594476873266,0.9157637015717661,0.0,59.05837277486911,0.0968642859894449,0.03386717810641192,0.9177806935226492,0.0
SM(d34:0),Lipid,Sphingomyelins (SM),0.12163462295006468,0.09321747098555415,0.12095562705711263,0.09530121150554997,0.10759099120378665,0.11368883900223788,0.11630692343744044,0.10462703404019125,0.37500012329031535,0.09685863874345549,0.03657675181219223,0.9159532154371082,0.0,64.06920104712043,0.0968642859894449,0.03653972327245691,0.9181972664248025,0.0
SM(d42:0),Lipid,Sphingomyelins (SM),0.11414045036766263,0.10324019576505049,0.09783137807552988,0.10315267015934797,0.09423868327720338,0.1135065080507928,0.12562633095763898,0.11722082682991254,0.37500012329031535,0.09685863874345549,0.044659329957516494,0.9154208257536635,0.0,57.58352146596856,0.0968642859894449,0.04435375432398855,0.9181592092255094,0.0
SM(d43:3);SM(d18:2/25:1),Lipid,Sphingomyelins (SM),0.12805853900668407,0.11608581520582606,0.12290647466615866,0.11587854023796776,0.1307290522768284,0.11037380443102582,0.11497214030152467,0.11211575481481055,0.37500012329031535,0.09685863874345549,0.07720320832461322,0.9132338767966529,0.0,65.67925759162304,0.0968642859894449,0.0768465842823006,0.9157195981942423,0.0
TG(10:0/16:0/20:4),Lipid,Triglycerides (TG),0.10108467253309042,0.09858632319456072,0.12448723042671091,0.09458712771420427,0.11842642318857033,0.10590609193605428,0.10921693041225093,0.1039202507347474,0.37500012329031535,0.09685863874345549,0.0920444332952414,0.9129021106484901,0.0,67.45272984293194,0.0968642859894449,0.09342886261067747,0.9134764603186815,0.0
TG(12:0/18:2/22:6),Lipid,Triglycerides (TG),0.10192148807668647,0.10936860603747645,0.10831474212206833,0.10558648636044728,0.12392573481322607,0.0990412672120558,0.10620236811321854,0.10399563560565345,0.37500012329031535,0.09685863874345549,0.1025172911392693,0.9113796532152206,0.0,72.57782931937172,0.0968642859894449,0.10254153862978306,0.9123518689380362,0.0
TG(14:0/16:0/16:0),Lipid,Triglycerides (TG),0.10429635834637535,0.10336820831454575,0.11150898549205153,0.10094770948333333,0.1072952412996415,0.10540653088993124,0.10377143482721612,0.09589026444768634,0.37500012329031535,0.09685863874345549,0.04557709007665885,0.916339965810325,0.0,58.651569633507876,0.0968642859894449,0.04530233328576785,0.9174966304714745,0.0
TG(14:0/16:0/20:4),Lipid,Triglycerides (TG),0.09928363153554101,0.0949901920869361,0.10444798494364946,0.09483974324560325,0.10137116440734785,0.11585115581334536,0.10458436184254406,0.10664537771669623,0.37500012329031535,0.09685863874345549,0.06381032557163095,0.9147697049393446,0.0,69.00573717277481,0.0968642859894449,0.06337721848408313,0.9160758107225832,0.0
TG(14:0/18:1/18:1);TG(16:0/16:1/18:1),Lipid,Triglycerides (TG),0.09482417844278336,0.1016444379070955,0.1236291960287362,0.09437794071432404,0.1096064334051255,0.09721252667589202,0.10024836158319872,0.1131376356491248,0.37500012329031535,0.09685863874345549,0.03042773892552989,0.9164279653514631,0.0,62.93374659685861,0.0968642859894449,0.03041923608876097,0.9178083112466555,0.0
TG(14:0/20:4/20:4);TG(14:0/18:2/22:6),Lipid,Triglycerides (TG),0.0910015226049598,0.10062178156328984,0.11331712598382548,0.09746878727573748,0.11632267987203752,0.10824720754267614,0.09631741728065778,0.12091429774956199,0.37500012329031535,0.09685863874345549,0.07055395354968477,0.9141580398831866,0.0,54.1450219895288,0.0968642859894449,0.07013654583293204,0.9155586874413725,0.0
TG(14:0/20:4/22:6),Lipid,Triglycerides (TG),0.09071824635507429,0.10033071145779975,0.1149502687476076,0.09792080234240103,0.11807800549327603,0.10725844290015167,0.09381604005776682,0.11203035517478274,0.37500012329031535,0.09685863874345549,0.09826310463613612,0.9118070880756213,0.0,59.158689005235544,0.0968642859894449,0.09775800836720215,0.9131625988005464,0.0
TG(16:0/16:0/16:0),Lipid,Triglycerides (TG),0.1073128327899717,0.09611933390642381,0.10824815527263379,0.09972271201653711,0.11353457617104518,0.10411388132833163,0.1034902964611834,0.09782362298061582,0.37500012329031535,0.09685863874345549,0.03872441372957654,0.9165905580997893,0.0,61.98636439790573,0.0968642859894449,0.038463784794540525,0.9181430664603925,0.0
TG(16:0/16:0/17:0),Lipid,Triglycerides (TG),0.09962958363502386,0.10114123921399913,0.12520469704394155,0.09960058264249391,0.11492009073170924,0.1001937193965265,0.10402962745848102,0.10062513764746818,0.37500012329031535,0.09685863874345549,0.04058707195416852,0.9162363616187612,0.0,58.5592439790576,0.0968642859894449,0.04074400420995725,0.9179227861925208,0.0
TG(16:0/16:0/18:0),Lipid,Triglycerides (TG),0.11986005984321384,0.09630641888579897,0.11002367088235546,0.09832902786450669,0.11344254458778051,0.09377085236366098,0.09216692160158248,0.09862135483020701,0.37500012329031535,0.09685863874345549,0.044940604983042566,0.9163970036617075,1.0,0.0,0.0968642859894449,0.04486092942057576,0.9180645719836994,1.0
TG(16:0/16:0/18:1),Lipid,Triglycerides (TG),0.1097064925357581,0.10289895821797838,0.13057496656339793,0.09629899806221741,0.10756912985864098,0.09567270587183382,0.09675207164185884,0.11298555556368935,0.37500012329031535,0.09685863874345549,0.024738215383728696,0.9166449399145961,1.0,0.0,0.0968642859894449,0.02474086277834886,0.9180856368665179,1.0
TG(16:0/18:0/18:1),Lipid,Triglycerides (TG),0.12065964168293894,0.09801576214253839,0.11561119002623203,0.09468105795863753,0.11064212633089879,0.10713344972806278,0.09328269779101339,0.10119468251463967,0.37500012329031535,0.09685863874345549,0.03385137174792619,0.9163783727566684,1.0,0.0,0.0968642859894449,0.03359701658527107,0.917886803886062,1.0
TG(16:0/18:0/18:2);TG(16:0/18:1/18:1),Lipid,Triglycerides (TG),0.09513304290499389,0.09547250550717767,0.10559056447070382,0.09286702092055825,0.11044474579448255,0.1093846679826139,0.1020515670221643,0.11907815869097761,0.37500012329031535,0.09685863874345549,0.027052154621051726,0.9164679815391658,0.0,62.780819895288,0.0968642859894449,0.02715906937306835,0.917899542414963,0.0
TG(16:0/18:0/20:4),Lipid,Triglycerides (TG),0.12261733246813653,0.0998182467633664,0.11896208631347935,0.09698382642654248,0.11398045401604397,0.10651244094456325,0.09428100987757608,0.11580172468575861,0.37500012329031535,0.09685863874345549,0.045093267823160074,0.9156213711164596,1.0,0.0,0.0968642859894449,0.04497616518425884,0.9173473450906195,1.0
TG(16:0/18:0/22:6),Lipid,Triglycerides (TG),0.09163687247268924,0.09753953246054836,0.11013912820060191,0.0967693311979021,0.11234618810058465,0.10961626321414501,0.10075626170422582,0.10592264298326536,0.37500012329031535,0.09685863874345549,0.043653517086955695,0.9158719970343168,0.0,74.78370680628271,0.0968642859894449,0.04345256588768979,0.9177067963358781,0.0
TG(16:0/18:1/20:4),Lipid,Triglycerides (TG),0.12202205796356065,0.09948162216068282,0.11473303249404068,0.0968680749495234,0.10830967456866758,0.10686527145296373,0.09399244867257622,0.11149692498237485,0.37500012329031535,0.09685863874345549,0.0392392605085132,0.915948857411767,1.0,0.0,0.0968642859894449,0.038988354061861186,0.9174599486160924,1.0
TG(16:0/18:1/22:4),Lipid,Triglycerides (TG),0.09106516780562081,0.10322373624463806,0.11202881752665322,0.09572159113330543,0.1066654072549398,0.09545842617163215,0.09669328647529797,0.11199694141238577,0.37500012329031535,0.09685863874345549,0.04148003472306358,0.915971641043609,0.0,71.86095078534034,0.0968642859894449,0.041116484777922076,0.9172436293432429,0.0
TG(16:0/18:1/22:5);TG(18:1/18:1/20:4),Lipid,Triglycerides (TG),0.10141689437230128,0.10723584796928241,0.12105144259186122,0.1031577644544553,0.11765242460358681,0.09931455781810716,0.10622206054647126,0.10930057513588548,0.37500012329031535,0.09685863874345549,0.04298178094385466,0.9157834993511645,0.0,63.3441602094241,0.0968642859894449,0.04263881558157059,0.9171202724680478,0.0
TG(16:0/18:1/23:0),Lipid,Triglycerides (TG),0.10567140274838839,0.10519402507438244,0.11933737942390685,0.10378425578583199,0.12107014841562808,0.10502963922910058,0.10902503873798591,0.11372454925473316,0.37500012329031535,0.09685863874345549,0.09756447145658265,0.912217854589132,0.0,68.08683141361261,0.0968642859894449,0.09749137872572712,0.9139839629876522,0.0
TG(16:0/18:1/23:1),Lipid,Triglycerides (TG),0.10326514143877406,0.10633953281830952,0.11548975593656044,0.10411132022840598,0.11990676384083875,0.10942512843043659,0.1107372314072184,0.09893015468717305,0.37500012329031535,0.09685863874345549,0.09495710101150637,0.9122915377359831,0.0,57.73110471204187,0.0968642859894449,0.09517116677649884,0.9136566825027389,0.0
TG(16:0/18:2/18:2),Lipid,Triglycerides (TG),0.09897420936449934,0.09890627434317907,0.1261913857923699,0.10166450755789896,0.09635404586525396,0.10739713977494914,0.10899342195877165,0.110501839338074,0.37500012329031535,0.09685863874345549,0.04563552153370681,0.9154420012154628,1.0,0.0,0.0968642859894449,0.04665501820763454,0.9172068846328042,1.0
TG(16:0/18:2/20:4);TG(16:1/18:1/20:4),Lipid,Triglycerides (TG),0.10123465637232806,0.10914915022226174,0.10700001285877506,0.10529073645630214,0.1089983671095964,0.09842244942753584,0.10336029718839575,0.09961045033222939,0.37500012329031535,0.09685863874345549,0.06790209118458611,0.914375079855456,0.0,68.11480628272247,0.0968642859894449,0.06720492356535226,0.9154539041887914,0.0
TG(16:0/20:1/22:6);TG(18:0/18:1/22:6),Lipid,Triglycerides (TG),0.09392694444247802,0.09601036145202793,0.1176746335909183,0.09506226098622368,0.11511586676572945,0.10979002935139724,0.09751848308491147,0.12364260699459624,0.37500012329031535,0.09685863874345549,0.04716907068821021,0.9157279272307095,0.0,59.147816753926676,0.0968642859894449,0.04696418011116455,0.9172106667510548,0.0
TG(16:0/20:4/22:6),Lipid,Triglycerides (TG),0.09011447343021402,0.10138557818720537,0.11235780737210245,0.09903958175058117,0.11748417915651153,0.10662650567931768,0.09415284307666225,0.10622178908414873,0.37500012329031535,0.09685863874345549,0.06330004660815268,0.9144331067994429,0.0,65.65024607329843,0.0968642859894449,0.06302745293343626,0.9163064205216452,0.0
TG(16:0/20:5/22:6);TG(16:1/20:4/22:6),Lipid,Triglycerides (TG),0.0905811030977351,0.10098961373757588,0.11445739235325891,0.09854538164175577,0.11689985949644341,0.1066384964191877,0.09417410240615491,0.10963210544346172,0.37500012329031535,0.09685863874345549,0.08299308302351002,0.9128777471650931,0.0,69.97561780104711,0.0968642859894449,0.08249069477557015,0.9146635179928128,0.0
TG(16:0/22:6/22:6),Lipid,Triglycerides (TG),0.09546999199048792,0.09864708035195642,0.11388917120056412,0.09840997501038556,0.11598509256791634,0.11105677200991117,0.09817392374934444,0.11068810869539786,0.37500012329031535,0.09685863874345549,0.05649918014922875,0.914727271951653,0.0,64.66720209424084,0.0968642859894449,0.05645324950023425,0.9168903729957005,0.0
TG(16:1/18:1/18:1);TG(16:0/18:1/18:2),Lipid,Triglycerides (TG),0.1062499327092477,0.10128334464287271,0.1108268179275332,0.09760785752091193,0.09554989600607872,0.10810853722544209,0.1076922208617609,0.11246696701844454,0.37500012329031535,0.09685863874345549,0.03377591290149462,0.9161482532853336,0.0,70.61902513089004,0.0968642859894449,0.03399948775581408,0.9176640837254245,0.0
TG(16:1/18:2/18:2),Lipid,Triglycerides (TG),0.09923254806236288,0.09802422589267737,0.11680754712525943,0.09978314827345361,0.10427682465055475,0.10573618992427511,0.1059045914337228,0.11689290665272734,0.37500012329031535,0.09685863874345549,0.05391790524343548,0.9148684960903981,1.0,0.0,0.0968642859894449,0.05523558512520388,0.9168082500636198,1.0
TG(16:1/18:2/20:4),Lipid,Triglycerides (TG),0.10690219974485572,0.1044993691328818,0.10213808981093557,0.09817881969853325,0.12170430124594571,0.09564381124286692,0.09659661694456312,0.10813157480271013,0.37500012329031535,0.09685863874345549,0.0647813805028164,0.9140963544255253,1.0,0.0,0.0968642859894449,0.06457778651589942,0.9157836222913535,1.0
TG(16:1/20:5/22:6),Lipid,Triglycerides (TG),0.10619981858713322,0.10693573916696143,0.11529934161471357,0.10560663623637055,0.11843855055251352,0.10091477052131123,0.10725946536634214,0.11066298486204694,0.37500012329031535,0.09685863874345549,0.09955290125062971,0.9107953588774298,0.0,58.16024293193718,0.0968642859894449,0.09988775360630732,0.9125337537094239,0.0
TG(17:1/18:1/18:2),Lipid,Triglycerides (TG),0.09411066966600101,0.09939312048268938,0.11197267331364608,0.10260808867528777,0.09502807171433532,0.11611423503627377,0.1167962996580039,0.1042200921200024,0.37500012329031535,0.09685863874345549,0.04606603879361408,0.9153360418810259,0.0,66.30972565445026,0.0968642859894449,0.046438311668054545,0.9168037013175804,0.0
TG(18:0/18:1/18:1);TG(16:0/18:1/20:1),Lipid,Triglycerides (TG),0.09469934461607481,0.09591919897422777,0.10695369622294347,0.09205762968688935,0.11307213183880756,0.1109017156760663,0.10336364344138273,0.1109849683803669,0.37500012329031535,0.09685863874345549,0.03948761874452348,0.9161121755963394,0.0,56.73103664921469,0.0968642859894449,0.039377932116466036,0.9173889265803307,0.0
TG(18:0/18:1/22:4),Lipid,Triglycerides (TG),0.09027627538515966,0.09867597476593795,0.10877328216514233,0.09489596768373021,0.1146392225872871,0.1068639834111394,0.09526090429392875,0.109691685965767,0.37500012329031535,0.09685863874345549,0.05339328182057,0.9155796061365744,0.0,59.30345863874344,0.0968642859894449,0.053223219743769395,0.9167607570475802,0.0
TG(18:0/18:1/22:5);TG(18:0/18:0/22:6),Lipid,Triglycerides (TG),0.09176226400822896,0.09687125721260885,0.11317975383702013,0.0961280249610689,0.112812362900893,0.10941957789968834,0.1007215244113134,0.09543691229569277,0.37500012329031535,0.09685863874345549,0.05886837380398965,0.9151156635484868,0.0,57.028438743455474,0.0968642859894449,0.058958729851331236,0.9167744296464946,0.0
TG(18:0/20:4/22:4),Lipid,Triglycerides (TG),0.0890097717447162,0.09751549166631476,0.10583640097947965,0.0937335190686719,0.10734123703499389,0.10721596407751145,0.09507319543589746,0.11125179712882391,0.37500012329031535,0.09685863874345549,0.05702364020393004,0.9151402764500902,0.0,68.62300314136121,0.0968642859894449,0.0566389509050918,0.9165385069019544,0.0
TG(18:0/20:4/22:6),Lipid,Triglycerides (TG),0.08987921325493528,0.10008106425583338,0.1200078474917876,0.09732394082193739,0.11558010279230929,0.10668173213238448,0.09383881316837264,0.11817654868209786,0.37500012329031535,0.09685863874345549,0.05705617667292538,0.9150363983353329,0.0,57.346341361256556,0.0968642859894449,0.05684109231753689,0.9166258331254435,0.0
TG(18:0/22:4/22:6),Lipid,Triglycerides (TG),0.08969544819506722,0.09859370390558239,0.1079487818672443,0.09567281426046663,0.10518001242012391,0.10720960354107986,0.0960801387305615,0.10049767330295822,0.37500012329031535,0.09685863874345549,0.061058763916105596,0.9149706432259901,0.0,63.40459371727749,0.0968642859894449,0.0608688104195787,0.9164376206896904,0.0
TG(18:0/22:6/22:6),Lipid,Triglycerides (TG),0.09505848254578012,0.09686514673265069,0.11054324887074446,0.09650009569585108,0.11373410941484273,0.11151159684050596,0.10177636427154894,0.09725585643693321,0.37500012329031535,0.09685863874345549,0.07135493976255654,0.9139727733907138,0.0,68.62644397905758,0.0968642859894449,0.07129903515751233,0.9158590903613367,0.0
TG(18:1/18:1/22:4),Lipid,Triglycerides (TG),0.10110521480837156,0.10823457048568087,0.12131983573015434,0.1039913435617441,0.12450048094233132,0.0994220229983595,0.10462984166984719,0.100156342159913,0.37500012329031535,0.09685863874345549,0.09508462891225779,0.9126101300573093,0.0,67.56418848167539,0.0968642859894449,0.09426634744209438,0.9129503254148235,0.0
TG(18:1/18:1/25:0),Lipid,Triglycerides (TG),0.1084549540822842,0.1054094830044604,0.1160292030129534,0.10356545514242897,0.12657416658064546,0.10579480246667396,0.11169059481774576,0.09921015372613066,0.37500012329031535,0.09685863874345549,0.099073101074606,0.9120834672462603,0.0,59.81108167539264,0.0968642859894449,0.09879676099067264,0.9135966402028411,0.0
TG(18:1/18:1/26:1),Lipid,Triglycerides (TG),0.10545231612921334,0.09975091114614705,0.12155702129684501,0.09675057189072205,0.1179286530619138,0.10999087092452425,0.11341715512877153,0.09907187236130094,0.37500012329031535,0.09685863874345549,0.06908309135587293,0.914601028299078,0.0,75.78072984293192,0.0968642859894449,0.07045127403803585,0.9154844467770036,0.0
TG(18:1/18:2/18:2),Lipid,Triglycerides (TG),0.09910946703483797,0.09899712929135332,0.11967011310828009,0.10176454828229038,0.09679569852060993,0.1070913161537466,0.1070229968219292,0.1123277363230305,0.37500012329031535,0.09685863874345549,0.06099151445931522,0.9142158803816514,1.0,0.0,0.0968642859894449,0.06288669940940263,0.9160162007853737,1.0
TG(18:1/18:2/24:1),Lipid,Triglycerides (TG),0.09825508366306028,0.10169563490438162,0.12039933270556152,0.09635321687234936,0.12736055994663814,0.10039490621797754,0.10266929594658532,0.09576308089109567,0.37500012329031535,0.09685863874345549,0.07018557637106018,0.9143651241037623,0.0,59.7307947643979,0.0968642859894449,0.07113335781450365,0.9153865186956632,0.0
TG(18:1/19:1/22:2),Lipid,Triglycerides (TG),0.10190106531044056,0.10303817554253912,0.10890037212575988,0.1025254701727464,0.116766405009655,0.10977027052423606,0.11199505072443375,0.09481962011138657,0.37500012329031535,0.09685863874345549,0.09883839818314881,0.9117589724551345,0.0,62.94725340314136,0.0968642859894449,0.09880499418297906,0.9131127840313944,0.0
TG(18:1/28:2/23:0),Lipid,Triglycerides (TG),0.10497138521380749,0.10649583809338779,0.11825581110046092,0.10419542289566368,0.126144788368619,0.1087991135462383,0.11162110695313925,0.09886550661146702,0.37500012329031535,0.09685863874345549,0.10559968751674334,0.9109111278948359,0.0,65.70360628272246,0.0968642859894449,0.10573111521117888,0.9125037984191217,0.0
TG(18:2/18:2/18:2),Lipid,Triglycerides (TG),0.09959217730699087,0.09608312563568712,0.12410848763613198,0.09897993437400937,0.09727680856405449,0.10396530503995358,0.1068574104142007,0.10791546170082042,0.37500012329031535,0.09685863874345549,0.08332384293705829,0.9119069011271648,1.0,0.0,0.0968642859894449,0.08524432651708863,0.9151792808546132,1.0
TG(18:2/18:2/18:3),Lipid,Triglycerides (TG),0.10781538156197597,0.09624440486819305,0.11553668763164383,0.0995771836492187,0.09838700388441596,0.10542841432216352,0.10747851214917208,0.096623415075838,0.37500012329031535,0.09685863874345549,0.11427922586283007,0.9090769885507899,0.0,68.37975811518326,0.0968642859894449,0.11525176343137146,0.9124474697763906,0.0
TG(18:2/18:2/20:4);TG(16:0/18:2/22:6),Lipid,Triglycerides (TG),0.08989524074444036,0.10034323994734194,0.11330106758901207,0.0973753517528763,0.11565376282313959,0.10664593253693652,0.09484703122607933,0.12411999994082337,0.37500012329031535,0.09685863874345549,0.05225487327306631,0.9152065927076538,0.0,64.15020104712042,0.0968642859894449,0.05188586487904558,0.9168717673966132,0.0
TG(18:2/20:4/20:4);TG(18:2/18:2/22:6),Lipid,Triglycerides (TG),0.1005082273409571,0.10946454190990475,0.12324478399635805,0.1055779691268951,0.12027053127572157,0.09776825696858214,0.09997631918262663,0.10863315562255717,0.37500012329031535,0.09685863874345549,0.07348926605032145,0.913496091816276,0.0,51.44006492146595,0.0968642859894449,0.07312072728045498,0.9151735242386735,0.0
TG(18:2/20:4/22:4),Lipid,Triglycerides (TG),0.08926054153701396,0.10015156876528485,0.11321514648570553,0.09725897184575215,0.11441617001253467,0.10700574768450825,0.09549619102677087,0.10985680263317009,0.37500012329031535,0.09685863874345549,0.05628645699784983,0.9151461612793106,0.0,61.28338324607327,0.0968642859894449,0.05610739133849979,0.9166134156596778,0.0
TG(18:2/22:6/22:6);TG(20:4/20:4/22:6),Lipid,Triglycerides (TG),0.10134151072862245,0.110862451251578,0.11609726065625096,0.10759494897636349,0.12199979710387815,0.09693708490720619,0.09938081893876194,0.11166587908467503,0.37500012329031535,0.09685863874345549,0.09968736338745127,0.9113554305018241,0.0,62.52218010471205,0.0968642859894449,0.09924588727879395,0.9130125744327383,0.0
TG(20:4/20:5/22:6),Lipid,Triglycerides (TG),0.10634840815429297,0.10704707826239145,0.10939413099642636,0.10580456497777209,0.11834437963272083,0.10160922424636219,0.10515586732788705,0.10647457843664061,0.37500012329031535,0.09685863874345549,0.13324024469133383,0.9066833083854622,0.0,62.14026596858639,0.0968642859894449,0.13416645405527683,0.9081742730003125,0.0
TG(20:4/22:5/22:6),Lipid,Triglycerides (TG),0.10387754557173566,0.1073068338294527,0.12062459147110847,0.10574438276706828,0.12521402989954503,0.1018593433783569,0.10456717909903157,0.10664476265744442,0.37500012329031535,0.09685863874345549,0.10513547624544756,0.9108043287964627,0.0,62.95647120418848,0.0968642859894449,0.10498565601454919,0.9123386774804212,0.0
TG(20:4/22:6/22:6),Lipid,Triglycerides (TG),0.10519065773592626,0.10797575087835064,0.11402393603097592,0.10705451245682632,0.1241461667007317,0.10105901792685691,0.10624719728021867,0.10390491436601217,0.37500012329031535,0.09685863874345549,0.1276840533284331,0.9080755667313996,0.0,62.28831308900523,0.0968642859894449,0.12771202478213875,0.9100432464195788,0.0
TG(44:1),Lipid,Triglycerides (TG),0.10250902105153453,0.09834689132451564,0.12292572869491081,0.09420672693781611,0.1124985222322328,0.10719903363085115,0.11050190483803118,0.09906338186945536,0.37500012329031535,0.09685863874345549,0.06741852697683637,0.9149489215252171,0.0,71.57059999999998,0.0968642859894449,0.06793047155920427,0.9154538108143915,0.0
TG(46:1),Lipid,Triglycerides (TG),0.10205001340470606,0.09359825951668799,0.1123758446532043,0.09304578922918072,0.10573161360216668,0.10890623347816657,0.10791555669107812,0.11346758819601163,0.37500012329031535,0.09685863874345549,0.04875149011425263,0.9159180507651745,0.0,66.4876020942408,0.0968642859894449,0.04881668738626272,0.9168870496611357,0.0
TG(46:2),Lipid,Triglycerides (TG),0.10226005717354723,0.09807040881997595,0.11561097609257924,0.09366838964224705,0.10952475086231513,0.10749671735887502,0.1108485872705072,0.1037387012886385,0.37500012329031535,0.09685863874345549,0.06146146637760497,0.9149244090231782,0.0,65.37819057591625,0.0968642859894449,0.061870498062291245,0.9159082595090032,0.0
TG(48:1),Lipid,Triglycerides (TG),0.10925769627205256,0.10536311288521563,0.12962492732386519,0.10410843212409317,0.11626840757849238,0.09978595456825648,0.09406314490631694,0.11290978293803762,0.37500012329031535,0.09685863874345549,0.03263658230781338,0.9165165866455578,0.0,61.72982094240841,0.0968642859894449,0.032915953234488836,0.9177066630158759,0.0
TG(48:2),Lipid,Triglycerides (TG),0.10410125320694032,0.1085783752365866,0.1294362913255072,0.10271553685240746,0.11084974894094288,0.09861886916635863,0.10221169585061642,0.1021539342720962,0.37500012329031535,0.09685863874345549,0.04207980161255363,0.9159584858100018,0.0,65.95306806282721,0.0968642859894449,0.042108643104044795,0.9171892470023827,0.0
TG(48:4),Lipid,Triglycerides (TG),0.09928635368578838,0.10756371466305444,0.11957880355109364,0.1035176409710278,0.12033559384787991,0.1045393467726002,0.1077887841622422,0.11257113933650571,0.37500012329031535,0.09685863874345549,0.07434010147644096,0.9140311525832419,0.0,58.18318010471204,0.0968642859894449,0.07477670270698748,0.9152575628930152,0.0
TG(49:1),Lipid,Triglycerides (TG),0.09355551036092374,0.10373539868787339,0.1181342031896964,0.10571079518357841,0.10922535071521906,0.1141127508290482,0.10068634891860508,0.10453462807303418,0.37500012329031535,0.09685863874345549,0.036533523289767084,0.9161922338065573,0.0,69.32825863874348,0.0968642859894449,0.03635540841698204,0.9173778354901012,0.0
TG(49:2),Lipid,Triglycerides (TG),0.11136413596979024,0.10786286076393779,0.11162309235411468,0.1039324449529571,0.1040631851565256,0.10963648679866551,0.10784897687966268,0.09949698527112465,0.37500012329031535,0.09685863874345549,0.043916130539334665,0.9157868788574033,0.0,59.85675078534032,0.0968642859894449,0.04375917726300283,0.9167316304598166,0.0
TG(50:3),Lipid,Triglycerides (TG),0.09792191903034911,0.1091084493448162,0.11949155873331041,0.10397880170134859,0.10106235117952848,0.10859682458590661,0.10861939851478698,0.10880122724853955,0.37500012329031535,0.09685863874345549,0.039766328803508694,0.9158731993255113,0.0,66.57601465968582,0.0968642859894449,0.040130358779630004,0.9173064001109519,0.0
TG(51:1),Lipid,Triglycerides (TG),0.09466720996437449,0.10441314049994939,0.11210028473754231,0.1059772361772897,0.11390950826843359,0.1205084893109122,0.1122594179891865,0.1186295933044655,0.37500012329031535,0.09685863874345549,0.04403739568934781,0.915814682077285,0.0,48.995478534031406,0.0968642859894449,0.04385656752359083,0.9171596648891733,0.0
TG(51:2),Lipid,Triglycerides (TG),0.09636471630105305,0.09463428671379376,0.10378440286521828,0.09387324448565805,0.10750708909932846,0.1215492669413334,0.11255572072391416,0.10684151476375556,0.37500012329031535,0.09685863874345549,0.03750270975356886,0.9158672718489039,0.0,62.607157068062804,0.0968642859894449,0.037338027230301905,0.9172460252277013,0.0
TG(51:3),Lipid,Triglycerides (TG),0.09425216836373598,0.0995528486962125,0.1094232928274739,0.10266554323191834,0.09569779101443125,0.11607223424977454,0.11691896904329627,0.09167876655863072,0.37500012329031535,0.09685863874345549,0.044850486442506846,0.9154811590178719,0.0,65.95071099476439,0.0968642859894449,0.045097110708443154,0.9167748342016426,0.0
TG(52:0),Lipid,Triglycerides (TG),0.10166848744906407,0.09843235781880993,0.10893946850080939,0.09670472323475596,0.10919875608800515,0.09844783845813543,0.10487909768103179,0.10510839812984853,0.37500012329031535,0.09685863874345549,0.06157069762331835,0.9156092467344488,0.0,62.48272251308897,0.0968642859894449,0.06148157440846331,0.9175838563541313,0.0
TG(52:4),Lipid,Triglycerides (TG),0.09074907968616858,0.10546689744853109,0.11603139583289462,0.09927735563481704,0.11202637066049931,0.09461287318968122,0.0944764602653352,0.11811754310648445,0.37500012329031535,0.09685863874345549,0.04720537427107699,0.9156011859929607,0.0,60.29919581151836,0.0968642859894449,0.04712623222493617,0.9172088338712522,0.0
TG(52:5),Lipid,Triglycerides (TG),0.09040622154282053,0.09975240868171664,0.11082148295706645,0.09710134285619713,0.11523304892405163,0.10742303339925309,0.09422797442348886,0.10934170388063662,0.37500012329031535,0.09685863874345549,0.05204165487058983,0.9151887583167393,0.0,63.67403560209425,0.0968642859894449,0.051655165155662014,0.916766606805036,0.0
TG(52:6),Lipid,Triglycerides (TG),0.09247933149850539,0.10028291065725184,0.11395289668739245,0.09718307888242071,0.1149036713238567,0.10935343628806882,0.09735245847738706,0.10858958001165211,0.37500012329031535,0.09685863874345549,0.05766576857620875,0.915202205653213,0.0,60.93251308900524,0.0968642859894449,0.057470420495228776,0.9166288379186597,0.0
TG(53:2),Lipid,Triglycerides (TG),0.09508165401983676,0.09458826423673478,0.10758921288029774,0.09354057765555131,0.10648911255417785,0.1219274732015518,0.11424528634913948,0.1264795945352538,0.37500012329031535,0.09685863874345549,0.046971986156679524,0.9156146148290571,0.0,68.61233717277482,0.0968642859894449,0.04701901630604139,0.9168792018415713,0.0
TG(53:3),Lipid,Triglycerides (TG),0.10282330325667635,0.0973641068652509,0.10414411893155115,0.09576650382954052,0.09772038662228566,0.12120119023677951,0.12030403590916432,0.12908191022964108,0.37500012329031535,0.09685863874345549,0.04379416828411732,0.9155288911235456,0.0,67.25848272251312,0.0968642859894449,0.04377200952037324,0.9169062543336426,0.0
TG(54:1),Lipid,Triglycerides (TG),0.09237367223256346,0.09791150959935745,0.11418699358697076,0.09448048178828257,0.11370070902329905,0.10800505567969802,0.09683803847454803,0.09809174870184292,0.37500012329031535,0.09685863874345549,0.05135849203401833,0.9155737821697447,0.0,57.939251308900495,0.0968642859894449,0.051160306759585196,0.917082162452064,0.0
TG(54:3),Lipid,Triglycerides (TG),0.09630636933428809,0.10629265460663932,0.11001314802080826,0.10260877058880606,0.09908314399063291,0.10929308422526801,0.11020362356483109,0.12096423788663789,0.37500012329031535,0.09685863874345549,0.03544755218756092,0.9160900978923314,0.0,60.82404188481678,0.0968642859894449,0.035621677910491804,0.9174166748383924,0.0
TG(54:4),Lipid,Triglycerides (TG),0.0935091408552471,0.10818299910450234,0.10167795863631887,0.10493924346474884,0.10024749126685983,0.10587351908455805,0.10326494225704864,0.09231082016498025,0.37500012329031535,0.09685863874345549,0.07022601925928594,0.9144679184372513,0.0,65.2627109947644,0.0968642859894449,0.06964584586698275,0.915343117702122,0.0
TG(54:6),Lipid,Triglycerides (TG),0.09234610548176601,0.09788044910714128,0.10762428462850393,0.09715216546959086,0.1132465412492542,0.110313757780204,0.10068628252469661,0.12130605038040192,0.37500012329031535,0.09685863874345549,0.03808449468143191,0.916081515910596,0.0,52.885227225130876,0.0968642859894449,0.03803135983847428,0.9178329630082168,0.0
TG(54:7),Lipid,Triglycerides (TG),0.09141759995057047,0.10092086080990671,0.11096730548315746,0.09777824230451523,0.11452125154862022,0.10794106523071295,0.09621733510302748,0.1048606094764909,0.37500012329031535,0.09685863874345549,0.049334877836889536,0.9154249499676681,0.0,67.75961361256546,0.0968642859894449,0.04897364976425405,0.9170194434321637,0.0
TG(56:1),Lipid,Triglycerides (TG),0.09565950676282965,0.10320154062815988,0.1246420782787795,0.10052449523467824,0.12554336738718005,0.098881297728984,0.10108019758365941,0.10538112342461088,0.37500012329031535,0.09685863874345549,0.05458932772381938,0.9155860094398098,0.0,62.965032460733,0.0968642859894449,0.0555639077232755,0.9168665324604252,0.0
TG(56:3),Lipid,Triglycerides (TG),0.0999329506816129,0.09758199829062951,0.123940522976976,0.09303454434155532,0.11866515977424379,0.11530464099515113,0.12253475172477939,0.11790780790161894,0.37500012329031535,0.09685863874345549,0.04931275335029239,0.9156937373980636,0.0,69.03522198952882,0.0968642859894449,0.049461229576509474,0.9168048144053266,0.0
TG(56:5),Lipid,Triglycerides (TG),0.09005782614750595,0.0990075986694873,0.1146604287606211,0.09587199986207838,0.11378201718221703,0.10734588367760893,0.09498684351853913,0.11237862579069073,0.37500012329031535,0.09685863874345549,0.03999954950742261,0.9159028510990337,0.0,61.447350785340326,0.0968642859894449,0.039774948784763654,0.917428358243494,0.0
TG(56:7),Lipid,Triglycerides (TG),0.09136056758319325,0.09995457598361433,0.11809953256708922,0.0968041756416022,0.11204252265128585,0.10780009768424577,0.09497150652568215,0.10506526375710236,0.37500012329031535,0.09685863874345549,0.03781974372119826,0.9160500061547068,0.0,60.93975811518327,0.0968642859894449,0.03761849343736957,0.9176644590282312,0.0
TG(56:9),Lipid,Triglycerides (TG),0.09973084762422496,0.1097162615941326,0.11923911702300434,0.10605776882671628,0.11995989961185338,0.09857802363386681,0.10464410308138691,0.11819774148457851,0.37500012329031535,0.09685863874345549,0.0668676321989326,0.9141222818310879,0.0,70.2216890052356,0.0968642859894449,0.06642477896550732,0.9157706355719745,0.0
TG(58:1),Lipid,Triglycerides (TG),0.09781700337618209,0.10246040760058804,0.12582386114770974,0.0980539894121234,0.11570423779434752,0.09786000007130838,0.10205722378316608,0.10376699401422153,0.37500012329031535,0.09685863874345549,0.05338670252816931,0.9155546273575361,0.0,58.89552356020941,0.0968642859894449,0.054564706283187055,0.9169902872907167,0.0
TG(58:2),Lipid,Triglycerides (TG),0.0968352764879556,0.10252263555184674,0.11488690427381835,0.09738175639160707,0.11488741236624377,0.10118644111599588,0.10522948489360051,0.09992213829350827,0.37500012329031535,0.09685863874345549,0.05638894361993098,0.9154747811933095,0.0,59.00957696335079,0.0968642859894449,0.05780173181471465,0.9164735294854491,0.0
TG(58:8),Lipid,Triglycerides (TG),0.09079872905092373,0.09885983736966777,0.10814701813827175,0.0957654207904232,0.10984971608092102,0.10860754056273395,0.09556571872772247,0.10276178663397253,0.37500012329031535,0.09685863874345549,0.0785299974547407,0.91395693120836,0.0,63.80071937172781,0.0968642859894449,0.07771882163758755,0.9147525815303638,0.0
TG(58:9),Lipid,Triglycerides (TG),0.09964632817874042,0.11015165669014412,0.12408262840584956,0.10632891636078923,0.11992334369893087,0.09738090162777634,0.1009242382926593,0.11143578007023343,0.37500012329031535,0.09685863874345549,0.05163692466478161,0.9152606238569507,0.0,61.39753089005238,0.0968642859894449,0.05116063025971074,0.9167779488057787,0.0
TG(59:1),Lipid,Triglycerides (TG),0.10710956119979465,0.1052614542875749,0.11850029715305344,0.10379251897317143,0.12161440899920907,0.10587326678770587,0.11102927165302219,0.11925740835031888,0.37500012329031535,0.09685863874345549,0.0885154771402541,0.9130056972051065,0.0,64.60042094240845,0.0968642859894449,0.08838932016919321,0.9146566845138159,0.0
TG(60:1),Lipid,Triglycerides (TG),0.10119096918055365,0.10193346227203068,0.11731415538594732,0.09876716398544472,0.11310494391280604,0.10971746080943763,0.11607053456571767,0.10856261100054578,0.37500012329031535,0.09685863874345549,0.052329540273083286,0.9156965504801404,0.0,63.77280209424083,0.0968642859894449,0.05263085856495255,0.9172508958893578,0.0
TG(60:11),Lipid,Triglycerides (TG),0.08993262051490995,0.10066075760065965,0.11222764211522589,0.097872640528814,0.11569600134871465,0.10779976571470343,0.09444115198480993,0.11961757902566397,0.37500012329031535,0.09685863874345549,0.0635701760341223,0.9145660645347476,0.0,64.00188900523557,0.0968642859894449,0.06312986416911047,0.9160750725539689,0.0
TG(60:12),Lipid,Triglycerides (TG),0.10073729960396628,0.1105736408202956,0.1128949680325811,0.10696027468276713,0.1215849396385356,0.09732819814323147,0.09971871081775631,0.10755764429565617,0.37500012329031535,0.09685863874345549,0.08603542679949118,0.9124951041932909,0.0,57.2821068062827,0.0968642859894449,0.08580209444818247,0.9141856475591011,0.0
TG(60:13),Lipid,Triglycerides (TG),0.10503861568552599,0.10627364125324655,0.12238525206281374,0.10518664436336078,0.1173367521280245,0.10045674550432813,0.10370551895488539,0.10163565325647732,0.37500012329031535,0.09685863874345549,0.08187456240616409,0.912801059955619,0.0,62.78400209424086,0.0968642859894449,0.08150379794407649,0.9147393706463904,0.0
TG(60:2),Lipid,Triglycerides (TG),0.1044776402740666,0.10137791668826439,0.11833237260645733,0.09865166655463835,0.11145717343551362,0.10885297228479056,0.11124657891545017,0.10454414812058387,0.37500012329031535,0.09685863874345549,0.05468544763083945,0.9156041872389125,0.0,64.99154136125655,0.0968642859894449,0.05597488320210625,0.9167059649499184,0.0
TG(60:3),Lipid,Triglycerides (TG),0.09886376973714746,0.1021766647227064,0.11349490484930376,0.09672731997683315,0.11419521666175035,0.1017583582435714,0.10519873123519641,0.1025531344682243,0.37500012329031535,0.09685863874345549,0.0649975754453849,0.9148959956915907,0.0,59.46386701570681,0.0968642859894449,0.06599391875758066,0.9157742251035369,0.0
TG(60:4),Lipid,Triglycerides (TG),0.10072418016765226,0.09960991549809736,0.12651688584510778,0.09546658221916572,0.12255080996837572,0.10438636192869966,0.10921647893367331,0.10287963733495971,0.37500012329031535,0.09685863874345549,0.08698629505339867,0.912918037121231,0.0,58.399457591623005,0.0968642859894449,0.08741710979006738,0.9144183014484404,0.0
TG(60:9),Lipid,Triglycerides (TG),0.0999823211919525,0.10823190968587415,0.12140734796500355,0.10430653468658758,0.12079105859469487,0.09702994342759474,0.10287969824253225,0.10603223049691307,0.37500012329031535,0.09685863874345549,0.054150339675356304,0.9153135629899924,0.0,60.52232670157067,0.0968642859894449,0.05352484888172249,0.916707075314061,0.0
TG(62:13),Lipid,Triglycerides (TG),0.09040988648656817,0.09965230110305874,0.11040157130917648,0.09717885369277789,0.11604784198245374,0.10816568910185455,0.09725772764877957,0.10855601916986883,0.37500012329031535,0.09685863874345549,0.07768440615155894,0.9135534495270067,0.0,53.33839162303663,0.0968642859894449,0.07755801488156551,0.9152690038045451,0.0
TG(62:2),Lipid,Triglycerides (TG),0.1042866515569568,0.1006763480156076,0.11901991525400231,0.09803107176956703,0.11182377549129605,0.10875859998328885,0.1113611615226907,0.10138790471567959,0.37500012329031535,0.09685863874345549,0.06223896386387092,0.9153221190764311,0.0,60.579115183246074,0.0968642859894449,0.06322303245281148,0.9161945850894192,0.0
UDP-N-acetylglucosamine,Carbohydrate,"Nucleotide sugars, pentose metabolism",0.13239112620099994,0.1364451452554521,0.13432964615711437,0.13511936883845818,0.13613737139245163,0.12357043074870144,0.14135533547267917,0.13826381187168527,0.37500012329031535,0.16753926701570682,0.5352838509594049,0.5399853486222586,1.0,0.0,0.16753213400618927,0.5313421708944918,0.5453012644675974,1.0
UDP-N-acetylglucosamine/galactosamine,Carbohydrate,Nucleotide Sugar,-0.09009376457168829,-0.08467399027651096,-0.03650792557105966,-0.08378868777423047,-0.04811712763390875,-0.08696929881995423,-0.08793798800077485,-0.05368106681445864,0.37500012329031535,0.23167539267015708,0.15101706072061344,0.8202326474953332,0.0,48.36804083769631,0.23167302284371508,0.15071531148080772,0.8089621367416707,0.0
UDP-galactose,Carbohydrate,Nucleotide Sugar,-0.07771600349865995,-0.07458688169116903,-0.05928492944168013,-0.07451842761473484,-0.06576408742431726,-0.07997752222343676,-0.0779429446699002,-0.06876781829867328,0.37500012329031535,0.12696335078534032,19.986211059516044,0.05301297310963288,1.0,0.0,0.12695917921851127,191.85729596487099,0.07665914700917094,1.0
UDP-glucose,Carbohydrate,Nucleotide Sugar,-0.13607306840510164,-0.11294820573954496,-0.11098994599259034,-0.11281306933925137,-0.10738760163929403,-0.14056498281353288,-0.12482823731834967,-0.12437273634692632,0.37500012329031535,0.17539267015706805,17.831952239846327,0.13591488239772448,1.0,0.0,0.17538811202280521,28.79362517028304,0.11678472519981525,1.0
UDP-glucose (isobar with UDP-galactose),Carbohydrate,Nucleotide Sugar,-0.1638198047155127,-0.1601282915195181,,-0.1581964676056094,,-0.16794670071898812,-0.15386169363746063,,0.37500012329031535,0.02356020942408377,0.08754494770865245,0.5519199870234227,1.0,0.0,0.02356022959281945,0.08755370378678305,0.6161458138925475,1.0
UDP-glucuronate,Carbohydrate,"Nucleotide sugars, pentose metabolism",0.02871018114611585,0.08210083735041117,0.045192895332002846,0.08265056452948943,0.050350465148274653,0.028477062056821226,0.012916687316229641,0.040468023297300204,0.37500012329031535,0.543193717277487,88.63662838130693,0.11774395770802377,1.0,0.0,0.5431950383296736,123.70531880337582,0.08645590698749399,1.0
Unknown 002,,,0.10779359108121554,0.09149945004502295,0.12330900420475847,0.09280994074782006,0.09285506737770795,0.10866705606228802,0.10187877023597575,0.10225353375832873,0.37500012329031535,0.09685863874345549,0.03626004603443242,0.9159350364552235,0.0,68.26563664921463,0.0968642859894449,0.036363261609154165,0.9176073118935505,0.0
Unknown 003,,,0.12013291224946927,0.10316224369031084,0.09833710385989995,0.09811637781362173,0.10711494871374283,0.11404058065053946,0.12104817883531555,0.09994104468007461,0.37500012329031535,0.09685863874345549,0.07004803408931935,0.9135903647864978,0.0,74.39193717277487,0.0968642859894449,0.06980355730247116,0.9164623476435932,0.0
Unknown 004,,,0.10503858912796259,0.10135921086449753,0.11187252562242823,0.10282317222147334,0.11294916010100645,0.10217987988967676,0.10239307072977952,0.11099467561986279,0.37500012329031535,0.09685863874345549,0.04172956598540587,0.9159164257791816,0.0,63.924010471204184,0.0968642859894449,0.04450446219623532,0.9168700153775129,0.0
Unknown 005,,,0.1002190553119993,0.09275771419482982,0.11464343440607665,0.09181897332633568,0.08872699024239171,0.11813106951513798,0.11566283613135611,0.10939425133410606,0.37500012329031535,0.09685863874345549,0.02689703586968424,0.9163243837797999,0.0,59.18556753926698,0.0968642859894449,0.02716705723261589,0.9176061672951774,0.0
Unknown 006,,,0.11208942302593547,0.10839048800601347,0.10755107920668583,0.10922207485616055,0.11178865025967666,0.11830479581604512,0.11816008365314011,0.1052630855316775,0.37500012329031535,0.09685863874345549,0.0784545119063765,0.9132140727917242,0.0,56.56920314136125,0.0968642859894449,0.0778655469316559,0.9151079282444731,0.0
Unknown 007,,,0.10484693647176807,0.08904430733290994,0.1106107449382034,0.08991458943250753,0.10018855254551295,0.1091171005314728,0.11390947923887115,0.1129448413153905,0.37500012329031535,0.09685863874345549,0.04753287274400621,0.9151322132242596,0.0,65.07099476439791,0.0968642859894449,0.04892658468226005,0.9171909737674063,0.0
Unknown 008,,,0.10032892395173834,0.09067561828978994,0.11103839831015415,0.09273336587097034,0.0971333927915575,0.11253118153534301,0.11484386727035728,0.10825595048010773,0.37500012329031535,0.09685863874345549,0.14797834473134458,0.9059013019135214,0.0,56.17774136125652,0.0968642859894449,0.1477268437578716,0.9073049438586297,0.0
Unknown 010,,,0.09720534285499537,0.10863574956809739,0.11241627811358385,0.10572405907005211,0.10751150148091751,0.11116585720153024,0.10448107947852542,0.1093037039155577,0.37500012329031535,0.09685863874345549,0.06851927599702588,0.913417085097542,0.0,66.71603455497385,0.0968642859894449,0.06873535181809791,0.915765569292578,0.0
Unknown 011,,,0.11170370097527807,0.10069266045663372,0.10582042280978601,0.09562196490536631,0.09957588667644861,0.1142563077379458,0.11648948012817431,0.10141741418891292,0.37500012329031535,0.09685863874345549,0.04455970430337419,0.9156269358023832,0.0,66.40508900523557,0.0968642859894449,0.0446109471227417,0.9172666667012302,0.0
Unknown 012,,,0.11849474878818277,0.11585340303376354,0.10354561279613161,0.11519669357392862,0.10509272748978081,0.11302466089945003,0.11683013399376109,0.09808291056781156,0.37500012329031535,0.09685863874345549,0.05418143242358035,0.9144949691139599,0.0,69.46737068062828,0.0968642859894449,0.055270577641814145,0.9163942999495243,0.0
Unknown 013,,,0.11519764057225806,0.11317630415686872,0.11611995099430125,0.10713012463223845,0.1079223343194167,0.11952798407060158,0.12001198238457887,0.09878558902129227,0.37500012329031535,0.09685863874345549,0.03893390460873041,0.9157032375665293,0.0,56.98230157068059,0.0968642859894449,0.03876124203412667,0.9177767716168663,0.0
Unknown 014,,,0.11194257297917769,0.10513305398333393,0.10466686581217229,0.10203568244551003,0.10489497256947217,0.1075158388045149,0.1095660295829953,0.1112253495809963,0.37500012329031535,0.09685863874345549,0.04315166679068534,0.9155613949457622,0.0,61.93066701570682,0.0968642859894449,0.042916024460771196,0.9173970159660715,0.0
Unknown 015,,,0.11480286239248512,0.11160306281587111,0.1101128945864271,0.1139970472449894,0.1091096928341731,0.10856427829197375,0.10955131669287797,0.1053450756041138,0.37500012329031535,0.09685863874345549,0.03482813443098222,0.9156637980668101,0.0,61.89610680628272,0.0968642859894449,0.03440403960765547,0.9180823144872381,0.0
Unknown 016,,,0.09393258792469812,0.1033990415022558,0.0941316094839761,0.09937148644204981,0.1033878634688969,0.095611052488427,0.09423863728518944,0.10284871055127655,0.37500012329031535,0.09685863874345549,0.03608132780308275,0.916064144139314,0.0,59.808809424083755,0.0968642859894449,0.03671823379984466,0.9173672645306606,0.0
Unknown 017,,,0.10980389239948612,0.09330035690516153,0.10660613426226041,0.0907323641911956,0.09473372574978667,0.11415526948803352,0.11480239763512583,0.09510940661495987,0.37500012329031535,0.09685863874345549,0.059728332336151976,0.9140222189733993,0.0,70.25355183246074,0.0968642859894449,0.059973067811936835,0.9164000599558376,0.0
Unknown 018,,,0.10387234028931147,0.1061578095511077,0.11640968401446133,0.10563853909234461,0.11452650629396717,0.10080340137924074,0.09776017019053028,0.10152344505558279,0.37500012329031535,0.09685863874345549,0.051128885587058116,0.9151787107293521,0.0,65.52922722513092,0.0968642859894449,0.05181183263778577,0.9175743828428238,0.0
Unknown 019,,,0.11623932115983451,0.09034803238393722,0.10632041249809035,0.09153401370080373,0.08986642761892054,0.11198777395206524,0.11060307587576042,0.09665440871378765,0.37500012329031535,0.09685863874345549,0.06638731561827138,0.9146972547080561,0.0,61.77600628272252,0.0968642859894449,0.0656495218897916,0.9165247980932681,0.0
Unknown 020,,,0.1048565104733697,0.10609265338297627,0.10457587715546503,0.10173223092986403,0.09342018649243711,0.10737229517439899,0.10263535538057456,0.10955841867092482,0.37500012329031535,0.09685863874345549,0.037109156604481955,0.9154138733002719,0.0,70.24056125654451,0.0968642859894449,0.03660258124291421,0.9173519316047237,0.0
Unknown 021,,,0.10490472572970187,0.10473357299928653,0.1223811605817039,0.10408504650167127,0.10250160319960569,0.09424288649533162,0.09421866599752113,0.11071035779528923,0.37500012329031535,0.09685863874345549,0.05098284335395284,0.9152185583954793,0.0,71.1743811518325,0.0968642859894449,0.05081359252463282,0.916572605005478,0.0
Unknown 022,,,0.10375757177912723,0.10928247100051713,0.11934739419302863,0.10957412942355245,0.11278639670378421,0.1078374376183703,0.1068552725303479,0.10132024819798102,0.37500012329031535,0.09685863874345549,0.0703166184745487,0.9138064894921619,0.0,61.57893507853399,0.0968642859894449,0.0701062269411127,0.9163804930565839,0.0
Unknown 023,,,0.11075616694991454,0.10340719772276886,0.11121934606786453,0.10051266202950764,0.10413875721937782,0.11352905542210981,0.09958661349746095,0.11342724833160518,0.37500012329031535,0.09685863874345549,0.03093443301619664,0.9162746206772265,0.0,68.12783246073292,0.0968642859894449,0.030984895813004728,0.918505953084963,0.0
Unknown 025,,,0.10241028003085538,0.10321001774915216,0.09520958104788431,0.09977159585620231,0.09705268632103804,0.11170246604858049,0.11315270819132861,0.1066779624861886,0.37500012329031535,0.09685863874345549,0.0739808329184334,0.9141021996705301,0.0,65.65974659685864,0.0968642859894449,0.07370342415381186,0.9157184634208152,0.0
Unknown 026,,,0.0981185910660241,0.09246439778598532,0.11066029732053363,0.09024589243557768,0.09234344504703251,0.11069442061503583,0.09969997445678559,0.10423649815700162,0.37500012329031535,0.09685863874345549,0.06635694021747798,0.9138071890293712,0.0,67.78107958115186,0.0968642859894449,0.06704233702994447,0.9157874052466402,0.0
Unknown 027,,,0.10555198666461113,0.11262637433148846,0.10578279722859951,0.11238676864035049,0.10415401336299325,0.10220407382992386,0.10828802651760457,0.10444987023396479,0.37500012329031535,0.09685863874345549,0.08536167260539604,0.913283809528715,0.0,64.31648272251303,0.0968642859894449,0.08467443399987319,0.9153271242174116,0.0
Unknown 028,,,0.1086461685386828,0.11035569591150379,0.11837759283231832,0.10493525895046539,0.11316333442916762,0.12046917083831522,0.1151400504960497,0.10036709354962933,0.37500012329031535,0.09685863874345549,0.07931670400898655,0.9140257298727141,0.0,65.50147329842932,0.0968642859894449,0.080604762907444,0.9144338011007225,0.0
Unknown 029,,,0.09673309626281763,0.09497166008426212,0.10874817170264471,0.09379416925924121,0.09668604415269572,0.11223591454558751,0.1178904181544913,0.09380479908761478,0.37500012329031535,0.09685863874345549,0.042728340665007025,0.9157219560028584,0.0,60.313570680628274,0.0968642859894449,0.04259911259557337,0.917565142638347,0.0
Unknown 030,,,0.10443899901933604,0.10995799325094532,0.1039200902845078,0.1097985725670481,0.10128051002197308,0.09634668371551211,0.09789132471732535,0.11173956585721194,0.37500012329031535,0.09685863874345549,0.08726704752433867,0.9129090780565371,0.0,66.50610575916232,0.0968642859894449,0.08633287216126369,0.9149492448735262,0.0
Unknown 031,,,0.10516860167953193,0.11182832158141809,0.10644050950243195,0.10621351252595597,0.0970848031106649,0.11894122126509178,0.12481297902129682,0.12247138709977307,0.37500012329031535,0.09685863874345549,0.03139019275693508,0.9159210776283575,0.0,72.52410890052357,0.0968642859894449,0.03129236154632568,0.9179623929736974,0.0
Unknown 032,,,0.11650861485259587,0.09660533768217623,0.10632412959530776,0.09458568366204785,0.10576413151739254,0.10633366870661225,0.10555056583496983,0.09640541668363299,0.37500012329031535,0.09685863874345549,0.0362340727072839,0.9157985205743906,0.0,71.5107633507853,0.0968642859894449,0.03675880534492998,0.9178864570229193,0.0
Unknown 033,,,0.11215427659573066,0.10382063787766158,0.11686676663452562,0.10167545828675174,0.09996118118514459,0.10810873640716749,0.10614590673345418,0.10284939246479487,0.37500012329031535,0.09685863874345549,0.03381858206738978,0.915595357417724,0.0,57.03617591623034,0.0968642859894449,0.034469186535363634,0.9175978196212928,0.0
Unknown 034,,,0.11450135437533328,0.10609460552755809,0.11072708473276767,0.10339261012181845,0.1020068415149417,0.10112789496750552,0.1019709515384979,0.1086129388923674,0.37500012329031535,0.09685863874345549,0.05579299831492999,0.9146981022028065,0.0,75.00723141361254,0.0968642859894449,0.05645372467177378,0.9168502184532213,0.0
Unknown 035,,,0.10832889860765976,0.10181632022626842,0.11407656370956516,0.10125269864710885,0.10881327438736295,0.10595527654345013,0.10060338309057879,0.09712698815282675,0.37500012329031535,0.09685863874345549,0.04994956615332517,0.9148948851401298,0.0,64.42602617801047,0.0968642859894449,0.04977502878510819,0.9170179023908879,0.0
Unknown 036,,,0.1010170569767028,0.0930925471031712,0.11198480067758927,0.09220868021662071,0.0867277936278125,0.11865748025784698,0.11264807465059834,0.114491033420162,0.37500012329031535,0.09685863874345549,0.042042490202155204,0.9160809487160522,0.0,58.02016753926702,0.0968642859894449,0.04373978604746548,0.9165352852731613,0.0
Unknown 037,,,0.11374968237996137,0.11477001627426879,0.10903252963977816,0.11724449324025374,0.10570766640390618,0.10304523153513398,0.1018734720020797,0.09552820848202595,0.37500012329031535,0.09685863874345549,0.06937600781904593,0.9142456857136816,0.0,55.83972879581152,0.0968642859894449,0.0696346307919113,0.9167822587014148,0.0
Unknown 038,,,0.10127441304472092,0.0918103758676637,0.11745285124722937,0.09074197783471838,0.08780930846784524,0.11757099706083379,0.11177020111400336,0.10820698641532274,0.37500012329031535,0.09685863874345549,0.02193498910275936,0.9165030445800252,0.0,64.42022513089007,0.0968642859894449,0.022051514747167905,0.917734413336628,0.0
Unknown 039,,,0.0980152555868787,0.09407427526502524,0.09397779118761163,0.09485021262373723,0.1025658234080061,0.10730976539140032,0.10762447251755633,0.09818283095452328,0.37500012329031535,0.09685863874345549,0.0969840702699276,0.9129425034105632,0.0,71.39283769633509,0.0968642859894449,0.09712656806274916,0.913770697216151,0.0
Unknown 040,,,0.11821440714905171,0.0877693429873312,0.11122830453957562,0.08884220688527877,0.09160582855387862,0.1064324893999816,0.1089691483458344,0.10772146399028912,0.37500012329031535,0.09685863874345549,0.05735991184398294,0.9148708525000425,0.0,63.394592670157046,0.0968642859894449,0.056807975990798655,0.9165702547439837,0.0
Unknown 041,,,0.10764497495649243,0.09010615364773822,0.11473864825242673,0.09041992746213191,0.09691875048353084,0.10780875544991049,0.1068587781287152,0.1015846033385775,0.37500012329031535,0.09685863874345549,0.04447316510130229,0.9159456343160977,0.0,64.43175706806284,0.0968642859894449,0.04398467706408656,0.9174551261085546,0.0
Unknown 042,,,0.10212047062037624,0.11483981212849537,0.11175360525317705,0.11279103638987933,0.11340939824244953,0.09753963618415055,0.10216271042494598,0.10618290664275201,0.37500012329031535,0.09685863874345549,0.09499755111226893,0.9135897818829934,0.0,59.831663874345566,0.0968642859894449,0.09582755217969795,0.9138449832521779,0.0
Unknown 043,,,0.09851732632274195,0.10375163090377972,0.09448386461416752,0.1001789790145501,0.10110726387576356,0.10285221116442493,0.1022990835129469,0.09427063961659064,0.37500012329031535,0.09685863874345549,0.0547628738630976,0.9157001796323987,0.0,61.93430261780105,0.0968642859894449,0.055300204360584033,0.9167347609465293,0.0
Unknown 044,,,0.10111910441402386,0.09191461503999136,0.12214259781712333,0.0908759537847855,0.09117774731462228,0.11772467240138249,0.11323967093264489,0.12147644853485852,0.37500012329031535,0.09685863874345549,0.02155383737462331,0.9164383923194436,0.0,61.68156439790577,0.0968642859894449,0.021762421435779472,0.9177549393708361,0.0
Unknown 045,,,0.1062893574120982,0.1190675823460172,0.10404207257916472,0.11779723094482701,0.10432772748906828,0.10602076749476666,0.11030357295464444,0.10303973993237522,0.37500012329031535,0.09685863874345549,0.11549097268494601,0.9097460093869849,0.0,65.24855811518323,0.0968642859894449,0.11365174143057426,0.9108058802225679,0.0
Unknown 046,,,0.09793588830869157,0.08712558988434409,0.11987139793385997,0.08510881059767521,0.08987818059897133,0.09597924654724783,0.09798908310815913,0.11584213140443156,0.37500012329031535,0.09685863874345549,0.07042855812538104,0.9145363254978436,0.0,58.099003141361244,0.0968642859894449,0.06983920317585483,0.9160724880559975,0.0
Unknown 047,,,0.09632733653058345,0.09979467394899831,0.1127985775511406,0.10029896905206528,0.10639147858338044,0.10949253152631709,0.10783630892192628,0.11125709198673076,0.37500012329031535,0.09685863874345549,0.039744876288249575,0.9157726481885708,0.0,63.69105235602093,0.0968642859894449,0.04011723017384619,0.9173924720869383,0.0
Unknown 048,,,0.09542882776723545,0.09533902427868267,0.1210023581893965,0.09404588894346909,0.09853100797445816,0.0991326385088946,0.09646684341106426,0.11894525240917452,0.37500012329031535,0.09685863874345549,0.045598729445107615,0.9154164017745543,0.0,60.724774869109936,0.0968642859894449,0.04580136056894777,0.9169450138174922,0.0
Unknown 049,,,0.10260128202674687,0.11117173245926285,0.0976661143287405,0.10747288645658677,0.12340190489348764,0.1047599604516701,0.10611240436723934,0.10756878221645517,0.37500012329031535,0.09685863874345549,0.0471770991475821,0.9154423819785918,0.0,60.93107643979055,0.0968642859894449,0.04749060441058919,0.9180424409357048,0.0
Unknown 050,,,0.10155976078455076,0.09327785375905745,0.10421741794934236,0.09439762261038179,0.10641695005891713,0.10172396619898304,0.10332149658828488,0.10946721608056477,0.37500012329031535,0.09685863874345549,0.050844064851001874,0.9155245276481099,0.0,62.18347225130892,0.0968642859894449,0.051269856565714166,0.9174912812541597,0.0
Unknown 051,,,0.10157631942532362,0.10038109283303455,0.0946898827218156,0.09804257070340512,0.10345957135514539,0.10311126691649997,0.10597686784248514,0.09852523176583251,0.37500012329031535,0.09685863874345549,0.0686667116591946,0.9133526959470444,0.0,57.14413298429321,0.0968642859894449,0.06908817948456862,0.9158058106857091,0.0
VGAHAGEYGAEALER,,,-0.24173189709417423,-0.24555919947146476,-0.24132269829987538,-0.24583431713733586,-0.22652016252329676,-0.2566762955606125,-0.2542818387513037,-0.23419967735853553,0.37500012329031535,0.10078534031413613,0.4445927814053612,0.42281452563614597,0.0,69.16095078534026,0.10078585461689588,0.44522177387246203,0.37719200077163356,0.0
X - 01497,,,-0.11479872820970484,-0.12644203092031392,-0.12123698882912745,-0.12494846669996872,-0.11581680137309848,-0.10518293732173979,-0.12036738831410522,-0.12996131452078646,0.37500012329031535,0.041884816753926704,0.06659865465500883,0.47874886635977804,0.0,71.0670010471204,0.04188784878719006,0.06816394243836356,0.4932128641062435,0.0
X - 02249,,,-0.1261939269469006,-0.1065775230459702,-0.1438189069742514,-0.10572765829566301,-0.13110419223149772,-0.1141065584777854,-0.11251238393744059,-0.14268272723458011,0.37500012329031535,0.041884816753926704,0.08307850422045415,0.47690957458835875,0.0,82.48045130890051,0.04188784878719006,0.08374975297941183,0.4934159757626766,0.0
X - 02269,,,0.08600225255190681,0.06948037313389498,0.08185039021874665,0.06997240806561417,0.07200239646777663,0.07374677219065602,0.0760207834452565,0.08489788756900951,0.37500012329031535,0.22513089005235604,0.41436676623854213,0.6164262426046714,0.0,76.28751204188488,0.22513579105512538,0.4181254184386735,0.6392083505397862,0.0
X - 03056,,,-0.045439603455605035,-0.045099710600937114,-0.05536483917479552,-0.04826608561744771,-0.042112036771656855,-0.03968782526658932,-0.04164709304985252,-0.04387706968003704,0.37500012329031535,0.12172774869109948,0.2288190710732899,0.3715557645175319,0.0,68.5220680628272,0.1217342732770908,0.23352921477687036,0.40012125670846593,0.0
X - 09789,,,0.15193103250472514,0.1438138272760883,0.13170271429289718,0.14385644284489832,0.14154465492829227,0.13942463799112279,0.14907162859520945,0.13417926411895834,0.37500012329031535,0.18324607329842932,0.18526673614133204,0.6250455185641527,0.0,67.27365130890048,0.1832479422679353,0.18539696906512096,0.6424834669007068,0.0
X - 10445,,,-0.02646173654731991,-0.036885797450352135,-0.01982938585467586,-0.03554126410388123,-0.022108230145521147,0.001775278731411177,-0.018215290863634388,-0.018270440603034132,0.37500012329031535,0.20287958115183247,0.24802864538398922,0.4913975425672542,0.0,60.857713089005244,0.2028866032333038,0.24916757973628786,0.4832392206468626,0.0
X - 10500,,,0.012546744532398766,0.010758335243947736,0.029044778975211873,0.010511233624355335,0.021519764757434588,0.033039593378945534,0.028546601173690553,0.023274244915678824,0.37500012329031535,0.07984293193717278,0.04016930502380679,0.43921667722213165,0.0,74.3586712041885,0.07984642448990074,0.040692768671279,0.4829532354166816,0.0
X - 10593_200,,,0.023717781484964326,0.03774678880061446,0.013154825004811311,0.03443278212987443,0.03127699381959627,0.024364876477038545,0.01825192926870435,0.025063803238556,0.37500012329031535,0.07984293193717278,0.08787317642229378,0.4378404904168832,0.0,81.04782827225134,0.07984642448990074,0.08799860046312047,0.4813092934297403,0.0
X - 11204,,,-0.10779972533615975,-0.10750975219882393,-0.12819436063882936,-0.11328290893607651,-0.13257199434168054,-0.11640324349302494,-0.12021373727438364,-0.13068156481968227,0.37500012329031535,0.041884816753926704,0.054708060892503546,0.47807622457487764,0.0,68.1388272251309,0.04188784878719006,0.05443268856132749,0.4951565387268109,0.0
X - 11261,,,0.0833312302162113,0.07347233425716013,0.09874372742131567,0.0726199243264436,0.08660704125614663,0.0929066572052835,0.09664040302728948,0.08928428323688084,0.37500012329031535,0.22513089005235604,0.3552326764566248,0.6112536298948028,0.0,77.19366701570684,0.22513579105512538,0.3590376782006633,0.6358456467980962,0.0
X - 11315,,,-0.015089149109633772,-0.013251829738726635,-0.020898088292603964,-0.011768203012396256,-0.027368796741667478,-0.02725851588016292,-0.017140608476438855,-0.012421470727500581,0.37500012329031535,0.20287958115183247,0.18485242250959846,0.5512542795217263,0.0,61.76475497382198,0.2028866032333038,0.18596736906410224,0.5471721363009744,0.0
X - 11333,,,-0.11212445606508964,-0.11307275664101382,-0.13497139685868342,-0.11313536904680253,-0.1235971499723201,-0.11257306829757018,-0.12130775587886831,-0.13275851827433707,0.37500012329031535,0.041884816753926704,0.05546643441783808,0.47904547467441727,0.0,79.99106806282717,0.04188784878719006,0.05659188690197809,0.49336167441847056,0.0
X - 11334,,,-0.11252938515896667,-0.12064428081119698,-0.1388348884801839,-0.11921339002237709,-0.14035307098123256,-0.11310202630283919,-0.12422024513921953,-0.13497569229663295,0.37500012329031535,0.041884816753926704,0.05432584355468546,0.4779485376000172,0.0,70.10486596858641,0.04188784878719006,0.05472640658004203,0.4948225226218854,0.0
X - 11372,,,-0.10825377795952859,-0.10638144735415823,-0.12458437266038512,-0.11220568263297528,-0.13237666112102578,-0.11625741301520537,-0.11606647929674895,-0.1260934546573034,0.37500012329031535,0.041884816753926704,0.08605212688186711,0.4760203402401853,0.0,78.64915078534028,0.04188784878719006,0.08562678211912744,0.49375746483790756,0.0
X - 11381,,,-0.12433327326021229,-0.11524128585046703,-0.1328908760064095,-0.11318530844128312,-0.1266051214015306,-0.12058614403155314,-0.11663968048085997,-0.12855641509515292,0.37500012329031535,0.041884816753926704,0.03225173957972106,0.47781074157855186,0.0,80.0282659685864,0.04188784878719006,0.032129322391995126,0.4940311548307527,0.0
X - 11437,,,-0.017486075117400024,-0.018469186097883453,-0.024762361528729713,-0.018583641200858866,-0.019077614112268083,-0.022993271323678097,-0.024089148222127217,-0.01892076350416825,0.37500012329031535,0.20287958115183247,0.341890719060932,0.48333190017383487,0.0,56.193838743455515,0.2028866032333038,0.34551700925009327,0.47033245424014364,0.0
X - 11469,,,-0.12339576590095301,-0.12655413519851452,-0.14114772700189845,-0.12834164005032386,-0.14452758143189337,-0.12697692320464346,-0.1093951999699154,-0.13424182764355808,0.37500012329031535,0.041884816753926704,0.10480341736754112,0.47666949721781504,0.0,80.84749005235605,0.04188784878719006,0.10113970697336372,0.49090213373910513,0.0
X - 11511,,,-0.10805726384012422,-0.11702252539331506,-0.1310514821115745,-0.12270705241905973,-0.14991471585692073,-0.11517695538506738,-0.11822311424948775,-0.1288217857955952,0.37500012329031535,0.041884816753926704,0.06408309772976453,0.47575764187505654,0.0,82.0170429319372,0.04188784878719006,0.06838960239846868,0.49148702414348744,0.0
X - 11521,,,-0.11355169861148548,-0.13456396655113065,-0.13094052876521675,-0.13551385248378447,-0.1340976028540996,-0.11883213800742608,-0.11014123357191687,-0.12940945995031944,0.37500012329031535,0.041884816753926704,0.07292005353021325,0.4792774806438064,0.0,77.1554188481675,0.04188784878719006,0.07293012766436979,0.49407709964064755,0.0
X - 11533,,,-0.10817257212494523,-0.10799429654771492,-0.13477686448239215,-0.11355532782442027,-0.13353490048270916,-0.11727432607970999,-0.11899260953719518,-0.14095202976107848,0.37500012329031535,0.041884816753926704,0.056896973238941516,0.4767124378350181,0.0,80.18153717277488,0.04188784878719006,0.05610735334532205,0.4937267379787727,0.0
X - 11537,,,-0.10983023122661213,-0.10495928324567731,-0.1349607674698591,-0.11056854519623743,-0.12833123222095047,-0.11153777391238029,-0.1228798888355405,-0.1389871217132771,0.37500012329031535,0.041884816753926704,0.07255211664743993,0.47639204202498053,0.0,79.61198219895284,0.04188784878719006,0.07178136058598879,0.49290262617370545,0.0
X - 11538,,,0.05960665072730519,0.05030379605271989,0.0991633000351898,0.05004386992063666,0.07406082266333315,0.07626016188955637,0.06631616971839412,0.09455617068504013,0.37500012329031535,0.22513089005235604,0.3932134954608332,0.6022904289874265,0.0,56.52951832460735,0.22513579105512538,0.3982891371581457,0.6291920740379737,0.0
X - 11540,,,0.01805527497615336,0.012979918119536615,0.0049607006625745215,0.011726474990075406,0.023110336618813287,0.012650408274752806,0.016446313070173267,0.013256818581325562,0.37500012329031535,0.07984293193717278,0.05522408880138295,0.43887001193319153,0.0,77.81471308900521,0.07984642448990074,0.05500892072492982,0.48252893264957414,0.0
X - 11542,,,-0.10759827086179427,-0.10750120859569487,-0.12201883133997779,-0.11330274230048326,-0.13258182288614137,-0.11549381815143933,-0.119032792424308,-0.12600157596760295,0.37500012329031535,0.041884816753926704,0.047209611829928215,0.47923165769804077,0.0,72.23940732984295,0.04188784878719006,0.04916442583933998,0.4947915848095911,0.0
X - 11550,,,-0.03962771835691143,-0.047405804548426494,-0.04089530574994498,-0.05085551283097689,-0.049108356146587505,-0.04839035132646749,-0.03833747974418354,-0.04158548184873691,0.37500012329031535,0.12172774869109948,0.22165664038987834,0.37404263956664197,0.0,72.03784083769636,0.1217342732770908,0.22709570997103282,0.39741775058288825,0.0
X - 11575,,,-0.033199251141936136,-0.060260641178130875,-0.042040128928021774,-0.06117492944572535,-0.051365143951676046,-0.05301297742069206,-0.049348389016883175,-0.03696254868250686,0.37500012329031535,0.12172774869109948,0.21220792735247554,0.375087414051673,0.0,74.93336649214663,0.1217342732770908,0.21582085259410919,0.39718233867236014,0.0
X - 11578,,,-0.11533862700106184,-0.1177130112614408,-0.1455182259095114,-0.11745584880725611,-0.12229417619294695,-0.12521555665166745,-0.1263532783961927,-0.146702165094859,0.37500012329031535,0.041884816753926704,0.05536774867116918,0.47821717946563924,0.0,79.97552041884818,0.04188784878719006,0.05636318408601878,0.49281679498483005,0.0
X - 11583,,,-0.04654011286340669,-0.056148255444240215,-0.04547301169576371,-0.0634783963934128,-0.06501868541587108,-0.04446919875882364,-0.04783670796313247,-0.05357495552336214,0.37500012329031535,0.12303664921465969,0.22050294367267662,0.8133140435567143,0.0,71.6008408376963,0.12304017874340305,0.22262953591738857,0.8164175307162435,0.0
X - 11585,,,0.08560604381496212,0.07598644201350864,0.09082699357458275,0.07495826301730836,0.09754917088214424,0.09084354117764534,0.08823805916353401,0.08013604722187284,0.37500012329031535,0.22513089005235604,0.36468630370266264,0.6063892555779797,0.0,70.5920052356021,0.22513579105512538,0.3675676602653774,0.6345059452102766,0.0
X - 11591,,,0.0315042677741691,0.025417473847440863,0.03516014077854883,0.022794427830133194,0.024491275385113448,0.024467522340031557,0.021554017162687983,0.029848819782274914,0.37500012329031535,0.07984293193717278,0.057705399263734414,0.4387532520933475,0.0,80.82031099476434,0.07984642448990074,0.057668483278996145,0.4824666167242933,0.0
X - 11596,,,0.022641097779134273,0.010037443765257927,0.02556890241265814,0.00949550665237738,0.00869885689672529,0.015373061071903256,0.019671100297253535,0.027517265687379003,0.37500012329031535,0.07984293193717278,0.08437929664384883,0.43802724019534045,0.0,79.05488691099477,0.07984642448990074,0.08446828540735683,0.4814549857155472,0.0
X - 11611,,,-0.04282671078519131,-0.04972646566478268,-0.06550153733612994,-0.050524277634120235,-0.04306368927792061,-0.04430152291734615,-0.04330211717492303,-0.06165035885645307,0.37500012329031535,0.12172774869109948,0.18611964860426772,0.38080360545164726,0.0,74.75899790575917,0.1217342732770908,0.18916579960262367,0.3951924420131765,0.0
X - 11612,,,-0.11551601974660866,-0.12343667612628148,-0.13924433836201855,-0.12194673276630999,-0.14157879968154694,-0.11118590863110171,-0.11913926007393544,-0.14105606672429716,0.37500012329031535,0.041884816753926704,0.07439905579443998,0.4772630468304846,0.0,73.46750785340319,0.04188784878719006,0.07461320746341706,0.4915647906649079,0.0
X - 11613,,,-0.04895118390618441,-0.030728462875247477,-0.032443943509255196,-0.030019750845557847,-0.038303884229799495,-0.05743653236124493,-0.05569394490371795,-0.03330232165979625,0.37500012329031535,0.12303664921465969,0.10737960198134193,0.7836167844370958,0.0,65.29193193717278,0.12304017874340305,0.10919360923729322,0.7892210060441022,0.0
X - 11615,,,-0.009439537075901071,-0.01715641747810453,-0.006190617376310488,-0.01529167292774986,-0.023385101483003237,-0.01069736028118312,-0.008889842148585937,-0.0042155600946318355,0.37500012329031535,0.20287958115183247,0.3250354512022855,0.5009352081181521,0.0,65.2965151832461,0.2028866032333038,0.32750557697006993,0.4908717928285664,0.0
X - 11621,,,0.020239440509051493,0.025297369262012866,0.024607053859100513,0.021929381519360695,0.02225458778144266,0.03387178246225619,0.030345484827305112,0.022582125744267368,0.37500012329031535,0.07984293193717278,0.04317079019045992,0.4391704375049048,0.0,80.24101989528793,0.07984642448990074,0.045049452685709486,0.4828550345182538,0.0
X - 11639,,,0.02995237083116123,0.021481103977894777,0.025952180628992724,0.024497715951850796,0.012650445327036231,0.04023148365031256,0.0319715549387748,0.030161318325630754,0.37500012329031535,0.08115183246073299,0.04910163535934223,0.8466982603334801,0.0,62.90832251308905,0.081152329956213,0.0496388326444571,0.8469708603390024,0.0
X - 11641,,,-0.042994261061254216,-0.04042134160347881,-0.04234799315990686,-0.04010516199690948,-0.041090637686543786,-0.05381386725700114,-0.045471837673699625,-0.032431450953868846,0.37500012329031535,0.12172774869109948,0.20510972685729728,0.37896817887146095,0.0,80.25876020942412,0.1217342732770908,0.20979234984328746,0.3954322531331873,0.0
X - 11662,,,-0.11448166542896202,-0.11840158498981866,-0.13955826935250057,-0.11549706505462132,-0.1329195607954285,-0.11413502052276378,-0.12560810485598609,-0.13046992349562586,0.37500012329031535,0.041884816753926704,0.08833534457578923,0.4785743377889264,0.0,77.87721361256543,0.04188784878719006,0.09869651304598777,0.49380203293228647,0.0
X - 11668,,,-0.1266806819199108,-0.13261661495315907,-0.12050960373499342,-0.13410285608510794,-0.1409143900759952,-0.11064170953077045,-0.1229016103962197,-0.13918973533723616,0.37500012329031535,0.041884816753926704,0.10310696958733187,0.4787194844154661,0.0,73.57694240837698,0.04188784878719006,0.1031907259284937,0.49269568921087775,0.0
X - 11677,,,0.15029829870033656,0.14334810434312714,0.15615663320157944,0.1438221593615495,0.15658980003476297,0.14275036711637085,0.14575219816113016,0.14824073540917684,0.37500012329031535,0.18324607329842932,0.12491929394060612,0.6348538663467058,0.0,66.90221675392667,0.1832479422679353,0.12529696657510378,0.6526191263853497,0.0
X - 11684,,,-0.04646061907782923,-0.040293536091119,-0.04118131533042216,-0.03544292745825179,-0.04821438379099511,-0.047917548285912694,-0.04811702815437931,-0.03876127769662425,0.37500012329031535,0.12303664921465969,0.16711105754118272,0.8045819477422649,0.0,64.75221151832466,0.12304017874340305,0.17000902040931787,0.8074940250049115,0.0
X - 11687,,,-0.014864534000012473,-0.02619466996360594,-0.01971908293939844,-0.025628774878997677,-0.021090217772066884,-0.011274195471072284,-0.0107228754366041,-0.017700589651659226,0.37500012329031535,0.20287958115183247,0.18352568400636543,0.5283491654383017,0.0,62.65194659685866,0.2028866032333038,0.18404759029994092,0.519798458197848,0.0
X - 11725,,,0.017157781661265765,0.0171730932885665,0.02005878559708485,0.016859178910584603,0.019753200816724818,0.018812824420033056,0.028585295130543423,0.026399354496687705,0.37500012329031535,0.07984293193717278,0.05353455842373868,0.43894839679780495,0.0,77.22856963350782,0.07984642448990074,0.05338256053126311,0.4825696185607815,0.0
X - 11787,,,0.036211189045182765,0.038161713648820025,0.04803827460813004,0.036709493795263,0.03376520246356531,0.03192096608568533,0.03699798446115173,0.0280323614106989,0.37500012329031535,0.16099476439790578,0.1479764624147828,0.601812996253576,0.0,67.46674450261777,0.16099875444611375,0.1481138257343463,0.5920953407111501,0.0
X - 11799,,,-0.121643780021972,-0.1186674334405179,-0.13450253888588556,-0.12144052428091319,-0.13092320140535246,-0.12586618339875197,-0.11945110247959792,-0.14260599178375263,0.37500012329031535,0.041884816753926704,0.09147715456588827,0.4754175616111066,0.0,72.96696544502615,0.04188784878719006,0.09085549537013515,0.492534510232888,0.0
X - 11814,,,-0.11004898694406005,-0.11202785363641757,-0.12697372822082803,-0.11455883503766504,-0.1293054229871008,-0.11116168689078632,-0.12248524048032748,-0.12608493658543735,0.37500012329031535,0.041884816753926704,0.07552729403669924,0.47730740441515696,0.0,73.79814450261779,0.04188784878719006,0.07912275429340505,0.4923238719265011,0.0
X - 11837,,,-0.11094541135153749,-0.12239620765854743,-0.12890085097548,-0.12658861473971392,-0.14041531842948446,-0.10926609069350265,-0.11703054856446309,-0.1272085940314252,0.37500012329031535,0.041884816753926704,0.0674468222487979,0.4791211090614174,0.0,73.62354031413611,0.04188784878719006,0.06599367734472322,0.493466769845831,0.0
X - 11860,,,0.029435835124620075,0.018056353261744564,0.011664193650110484,0.015872092262824093,0.02747036770640236,0.035418130246399206,0.031099457152287475,0.0280964073586516,0.37500012329031535,0.07984293193717278,0.04687973174904568,0.439113834826245,0.0,77.94226073298435,0.07984642448990074,0.047013200317781945,0.48280073299583964,0.0
X - 11861,,,-0.048455786305927895,-0.042850749749112294,-0.022395172236591973,-0.045231144805197264,-0.050490674240388916,-0.05830080275773979,-0.032946596730843866,-0.028896977133788353,0.37500012329031535,0.12172774869109948,0.30601350509445363,0.366201358798455,0.0,80.71040942408375,0.1217342732770908,0.31213486033826143,0.40851636556438203,0.0
X - 11866,,,0.049757245847537025,0.031099216908187236,0.06524052713936425,0.030953094284713923,0.044834861736866176,0.03185225093427372,0.03153891069704373,0.05815072107347067,0.37500012329031535,0.16099476439790578,0.2467190247130691,0.5480844377068703,0.0,66.67449424083776,0.16099875444611375,0.24709037213689022,0.5433706736141483,0.0
X - 11875,,,-0.1078619698083823,-0.10781988499240881,-0.13001890251092357,-0.11347664530798406,-0.13270566254634775,-0.11609128107873992,-0.1178308060624142,-0.13023360160436784,0.37500012329031535,0.041884816753926704,0.04969490426521753,0.4775761852699173,0.0,80.5314534031414,0.04188784878719006,0.0480281240991919,0.49548465717318474,0.0
X - 11880,,,-0.11106822017526706,-0.11045001287377783,-0.11794078623309916,-0.11507739106377456,-0.12607787459423214,-0.11075827790612808,-0.12070371247876527,-0.11566566020050092,0.37500012329031535,0.041884816753926704,0.09241759881062217,0.4755824982413895,0.0,76.23671623036647,0.04188784878719006,0.09242709903940093,0.493197420435654,0.0
X - 11886,,,0.01782117726425019,0.035178706395783486,0.025408440340160807,0.02798587887753184,0.03035598669099798,0.023660373089002238,0.03951537095608573,0.029096369687243096,0.37500012329031535,0.07984293193717278,0.06315134363053898,0.4387436451055735,0.0,80.0036586387434,0.07984642448990074,0.06289490422614247,0.4823043205495528,0.0
X - 12014,,,-0.11663652025379985,-0.1281722326054219,-0.1247283062337114,-0.12189925474320708,-0.13223724139774817,-0.11953098821933339,-0.1177592809233821,-0.13779925111014518,0.37500012329031535,0.041884816753926704,0.035792711356304296,0.4794167317608855,0.0,80.61764083769629,0.04188784878719006,0.046073454426129666,0.49512586235256006,0.0
X - 12051,,,-0.05433529318823298,-0.0541848740755128,-0.06301410472573947,-0.05337794083614715,-0.056319727472970184,-0.0551534599855148,-0.05137507319331273,-0.050219490457184386,0.37500012329031535,0.12172774869109948,0.27919069423482423,0.3676158176890104,0.0,69.50750261780102,0.1217342732770908,0.2853325533787672,0.4054525301110629,0.0
X - 12056,,,-0.12298695652828064,-0.11655476312199901,-0.12336068247299596,-0.12022446442696472,-0.13822187852196063,-0.11225292529551553,-0.11281710583149919,-0.13335070627911,0.37500012329031535,0.041884816753926704,0.1729161523690685,0.4718629807142811,0.0,80.1448219895288,0.04188784878719006,0.1717113863912431,0.48597331758252,0.0
X - 12093,,,0.08832428317094765,0.08860460587337818,0.10080882827251175,0.08819726386089433,0.09970907064526942,0.09310971558240513,0.08841470549077594,0.09813787550955627,0.37500012329031535,0.22513089005235604,0.3765977665349213,0.6066296265596773,0.0,64.94327225130888,0.22513579105512538,0.379751062464754,0.63124104697433,0.0
X - 12096,,,0.1438109698062586,0.13861741040633963,0.1270773805928744,0.13760646425182183,0.1476036153816311,0.14151978051737596,0.14012288424578903,0.1504389122921956,0.37500012329031535,0.18324607329842932,0.14698677436274143,0.6283129587824536,0.0,79.80108272251312,0.1832479422679353,0.14697736760379884,0.6478875432152107,0.0
X - 12097,,,0.14185734595017657,0.15241805693838342,0.11712301777023222,0.15179976539176404,0.1473420285424691,0.13172765757094115,0.1385044436252066,0.13288608381106248,0.37500012329031535,0.18324607329842932,0.15957284183872877,0.6245367646125737,0.0,67.77682303664919,0.1832479422679353,0.1594735546171757,0.6461140808155914,0.0
X - 12100,,,0.09439354977314465,0.08088468749667375,0.08994955870278426,0.07957316857392598,0.10882888311057588,0.10692256919639362,0.10517229866663119,0.07613243185724267,0.37500012329031535,0.3861256544502618,0.5454187609437053,0.6016040236759919,0.0,68.41342827225131,0.3861345455012391,0.5457974716178003,0.6336932635188126,0.0
X - 12104,,,-0.04461979353476217,-0.05090356128821989,-0.038714870423418174,-0.05333903807000325,-0.059589098356531534,-0.05512971926641588,-0.054968427358034005,-0.04046047636979744,0.37500012329031535,0.12172774869109948,0.24492785567402064,0.36852635347317864,0.0,74.66051727748693,0.1217342732770908,0.2484697463191895,0.3996333756527073,0.0
X - 12115,,,0.1427318748051188,0.1436565134381491,0.1492549737535598,0.1429235642667199,0.1399904364795453,0.14280109984363762,0.12548716873109755,0.12438910434638059,0.37500012329031535,0.18324607329842932,0.12025394402189381,0.6315453387417769,0.0,63.71952460732986,0.1832479422679353,0.12033735434337706,0.6513548023417617,0.0
X - 12127,,,-0.04073091876487079,-0.04625653673542303,-0.044654807528991494,-0.04536900175113716,-0.057065583613700635,-0.03748957965952136,-0.04447559736048968,-0.058666299345684604,0.37500012329031535,0.12172774869109948,0.2957313544713236,0.36580489617746936,0.0,74.48430471204193,0.1217342732770908,0.30180750469481943,0.4031285957722677,0.0
X - 12199,,,-0.11176074993305408,-0.12086466508810231,-0.11781621853256233,-0.12852030306528228,-0.13996087565522916,-0.1157362555704012,-0.1260155141280622,-0.14235882209157116,0.37500012329031535,0.041884816753926704,0.04761035938727364,0.47980223729718974,0.0,81.6040115183246,0.04188784878719006,0.04892117817784353,0.49374129108210524,0.0
X - 12206,,,0.13203209431076732,0.13814838512243352,0.14762050309630978,0.1380099912151391,0.13092516814209096,0.13385823023501894,0.14715091136286196,0.14414708021129635,0.37500012329031535,0.18324607329842932,0.16362127863747025,0.632585882421003,0.0,61.09326492146597,0.1832479422679353,0.1641058274347613,0.6499025877916029,0.0
X - 12244,,,-0.12429925081572306,-0.12809249230955067,-0.14933723426682255,-0.12951093384809678,-0.14363988185699833,-0.12248434041565845,-0.11075439762733272,-0.147130762437384,0.37500012329031535,0.041884816753926704,0.0937304812616695,0.47544616233064335,0.0,80.39729947643978,0.04188784878719006,0.09273715884486866,0.49127252743236793,0.0
X - 12339,,,0.12735386257380485,0.12518656621365504,0.13740767288601366,0.12497342740312586,0.13472727147638863,0.14169683026593535,0.15026395872059883,0.15318658005029995,0.37500012329031535,0.18324607329842932,0.17558294639840483,0.6325939902708477,0.0,66.91725863874349,0.1832479422679353,0.17554783202296828,0.6484113931639346,0.0
X - 12423,,,0.03621982657228015,0.01730803863595459,0.02267652296238703,0.018324132227546183,0.023202387471405655,0.03312036937681013,0.019037746676553224,0.01599111165419572,0.37500012329031535,0.07984293193717278,0.1099940692065837,0.43665067971304417,0.0,71.18585130890048,0.07984642448990074,0.1150143152940461,0.4799296668579543,0.0
X - 12442,,,0.013799710402425487,0.022306369135672972,0.02875592671401831,0.016467907794124968,0.02952808627947934,0.026118173676412684,0.029826264565243715,0.017328613328671985,0.37500012329031535,0.07984293193717278,0.054104505021191455,0.43897452525423974,0.0,81.3955905759162,0.07984642448990074,0.055177344994770394,0.4825564399188842,0.0
X - 12443,,,-0.10746886156382515,-0.10525053874472944,-0.11947527683754948,-0.1109103910309609,-0.1286532444591003,-0.11426757004635593,-0.12054400100360557,-0.12406156689910232,0.37500012329031535,0.041884816753926704,0.17346415374614982,0.47142778081578635,0.0,73.00773403141366,0.04188784878719006,0.17837288932695508,0.4906922566514274,0.0
X - 12450,,,-0.11021367877705503,-0.11938926619536244,-0.13696622736406555,-0.11820432946709841,-0.12877147820876236,-0.11391668483549473,-0.12055088149796435,-0.13573365508464513,0.37500012329031535,0.041884816753926704,0.06623300054224708,0.47807850151294057,0.0,84.04711832460728,0.04188784878719006,0.06481647820537433,0.49404226315292926,0.0
X - 12462,,,-0.024259755279656053,-0.016747952148343577,-0.027059247713165806,-0.016633762078625484,-0.019958005512847966,-0.008389250758362434,-0.015967436810823892,-0.0153758651591581,0.37500012329031535,0.20287958115183247,0.17674381159214964,0.539543890469091,0.0,67.2097172774869,0.2028866032333038,0.17764548181467035,0.5335407644644761,0.0
X - 12465,,,-0.0406792932723977,-0.05631519736429491,-0.04504042845102231,-0.053524528314978725,-0.049025641979023565,-0.03490584035052528,-0.0617161558972783,-0.0359663643532278,0.37500012329031535,0.12172774869109948,0.2214884358325871,0.37209986063415024,0.0,78.1442942408377,0.1217342732770908,0.22448965953020908,0.3985317354451114,0.0
X - 12627,,,-0.04893990366689131,-0.05840136735666264,-0.040262995378948375,-0.05745973970005492,-0.06137608580776379,-0.05080569463403837,-0.04999345999608356,-0.048614720827410154,0.37500012329031535,0.12172774869109948,0.2456776914754635,0.3685490468853352,0.0,72.64796544502616,0.1217342732770908,0.25063105129475055,0.40003894523554245,0.0
X - 12660,,,-0.05163016812616478,-0.05491341567688604,-0.05410510264700745,-0.05352156115484911,-0.05440706919023983,-0.05617800793478007,-0.044551748888469536,-0.03892382931764931,0.37500012329031535,0.12172774869109948,0.2829268823090733,0.36711214857352903,0.0,72.2415895287958,0.1217342732770908,0.2888661272856587,0.4052111735950894,0.0
X - 12663,,,0.015424056827890859,0.023512899619372987,0.03434804900477029,0.02058520736791621,0.03625259390326907,0.029656016971544588,0.019670911262515058,0.021551015413301136,0.37500012329031535,0.07984293193717278,0.114904773952208,0.43654795908165367,0.0,76.77196544502621,0.07984642448990074,0.11734115682739467,0.4797631091747276,0.0
X - 12688,,,0.139099367118969,0.1298038624995317,0.13648723146954803,0.12997359317702403,0.1348430366589,0.12917208475786998,0.12403128279414113,0.13889594592665927,0.37500012329031535,0.18324607329842932,0.09313651985613064,0.6329238474134876,0.0,61.8172942408377,0.1832479422679353,0.0931467826330712,0.6517509311699944,0.0
X - 12742,,,-0.11092008953218217,-0.10854631501941328,-0.13299411212526469,-0.10863093737421539,-0.11985997334814945,-0.108512636558341,-0.12696938266286073,-0.13548073387385326,0.37500012329031535,0.041884816753926704,0.11280954500723384,0.47707188204725354,0.0,79.25753821989527,0.04188784878719006,0.11330446233926701,0.4938511875438598,0.0
X - 12748,,,-0.021164432174480087,-0.010081187801190192,-0.012024843549899864,-0.00915711499338556,-0.007277793613878362,-0.011560778738481835,-0.0066786259905732975,-0.003787109294059738,0.37500012329031535,0.20287958115183247,0.273132782318885,0.5099791489509873,0.0,70.4425183246073,0.2028866032333038,0.2745201612023522,0.4978811047893206,0.0
X - 12776,,,-0.052095800347066464,-0.04919500210658657,-0.03263688100333677,-0.054243741067220165,-0.05811316208695321,-0.06149178495865958,-0.04215951804687129,-0.04663657744272448,0.37500012329031535,0.12172774869109948,0.28412877013605264,0.36660765973484133,0.0,69.62579895287958,0.1217342732770908,0.28949727800839176,0.40493275337635964,0.0
X - 12780,,,-0.1098032492879784,-0.12346126949814587,-0.11758375525505557,-0.11894701268196031,-0.1388885450525367,-0.1248369894518744,-0.12307794306560078,-0.13293463123026844,0.37500012329031535,0.041884816753926704,0.07952883302110224,0.4760403435317352,0.0,76.28790890052356,0.04188784878719006,0.0802955872672579,0.49225388430071576,0.0
X - 12786,,,0.01834484711323266,0.04195261967870714,0.021402167850163873,0.043279636032233344,0.02561386464207478,0.023231293314926914,0.01908839344533133,0.018577686352338623,0.37500012329031535,0.07984293193717278,0.14878736024236544,0.4344793208296764,0.0,76.51846178010476,0.07984642448990074,0.15190199383618416,0.4772752585350188,0.0
X - 12791,,,-0.04022877276751585,-0.03170689952130389,-0.06422701857871546,-0.03628773494096339,-0.05143982901872135,-0.04972522639000899,-0.05053379793496157,-0.057894279192771875,0.37500012329031535,0.12303664921465969,0.1681973652376466,0.805992072173435,0.0,68.63139581151832,0.12304017874340305,0.17133170556951924,0.8079911307735363,0.0
X - 12792,,,-0.015599199207358872,-0.01508179603609315,-0.01113486187182367,-0.014835334738879895,-0.01505460558710157,-0.014325329285338001,-0.016701800351573017,-0.013747952364334107,0.37500012329031535,0.20287958115183247,0.17900624029590562,0.5441749396986849,0.0,70.4528732984293,0.2028866032333038,0.17976721108709015,0.5396309602237299,0.0
X - 12794,,,0.03652955272070785,0.012159731384688933,0.03488152453696805,0.012509295853901045,0.01302558425861144,0.029030384692854377,0.023867860526181336,0.032434015990670535,0.37500012329031535,0.07984293193717278,0.10345789232657321,0.4369996059724589,0.0,74.77302303664926,0.07984642448990074,0.10440754925674832,0.4805183774853014,0.0
X - 12797,,,0.02662039535314488,0.011709199873880754,0.029921967727588088,0.011091563143176116,0.015877180943061397,0.013994358018521875,0.012073954110334071,0.015789705503247233,0.37500012329031535,0.07984293193717278,0.06802857292832974,0.4384099872762739,0.0,79.93279057591629,0.07984642448990074,0.06853046736890193,0.48211059021984637,0.0
X - 12799,,,0.03254449685774055,0.022715985897599086,0.023777173701668226,0.02007512216706858,0.02647244378286269,0.02559001061710796,0.019385803253490565,0.030522842609557167,0.37500012329031535,0.07984293193717278,0.06177648760187558,0.43880442258302965,0.0,79.19805968586385,0.07984642448990074,0.06214766961432944,0.4823386100506408,0.0
X - 12800,,,-0.05101963898711899,-0.04270004731981289,-0.041295860156908,-0.04137857432447193,-0.046312961620027834,-0.047350785711125915,-0.04262831569698615,-0.06203105893267222,0.37500012329031535,0.12172774869109948,0.2807984206027223,0.367736949465335,0.0,75.08896858638744,0.1217342732770908,0.2841735899962029,0.4022838070897858,0.0
X - 12803,,,-0.044837524774393976,-0.04048447307912946,-0.03764184946582227,-0.03860574350723065,-0.03273772356188188,-0.039813329972502365,-0.03563519334947601,-0.032252617746517304,0.37500012329031535,0.12303664921465969,0.1485419595908753,0.7884135146089147,0.0,67.3431235602094,0.12304017874340305,0.14993552224770085,0.7913628181908269,0.0
X - 12805,,,-0.03990870568348029,-0.04352629514340507,-0.052436246495921525,-0.042771841337190905,-0.05517682889248784,-0.050082227065891785,-0.047391641349658176,-0.05926289987464809,0.37500012329031535,0.12303664921465969,0.19304280089088294,0.8087325188597969,0.0,65.92287853403141,0.12304017874340305,0.19703587760403785,0.8108766692305064,0.0
X - 12824,,,0.15047746820073157,0.14225881626311448,0.1533654455385601,0.14167256260120137,0.15954132953751102,0.14308666069807008,0.14421293531863782,0.13551939877675193,0.37500012329031535,0.18324607329842932,0.15782760142735264,0.6365178633921288,0.0,74.32029842931942,0.1832479422679353,0.15799517918936234,0.6508645151565379,0.0
X - 12854,,,-0.056853839153586466,-0.03931289361069474,-0.039781204279218475,-0.03924562577055454,-0.049174976828345526,-0.05977815206598155,-0.048008494243597266,-0.05384345529203844,0.37500012329031535,0.12172774869109948,0.2771378186128559,0.3689804743980757,0.0,73.40754450261774,0.1217342732770908,0.2826792385224046,0.403781416681501,0.0
X - 12855,,,-0.01983257414751886,-0.023662601119462483,-0.015392159796459916,-0.027715224657122724,-0.016846662312624945,-0.012647109348804341,-0.01850132918493274,-0.02314899611491855,0.37500012329031535,0.20287958115183247,0.22125277354146333,0.4972220926718963,0.0,59.572459685863876,0.2028866032333038,0.22200071773066557,0.48925088089682517,0.0
X - 12856,,,0.02781928274683345,0.009127889833389703,0.036007677336573944,0.008465452185898427,0.013685587551868154,0.02483126880026248,0.029379444608019018,0.04422240570109723,0.37500012329031535,0.07984293193717278,0.0706615114903353,0.43833693870074286,0.0,78.45566282722504,0.07984642448990074,0.0722927467896739,0.4819686772016622,0.0
X - 12859,,,0.011614265249759202,0.02570983099214081,0.028699804583562513,0.02333659957956647,0.026752262536776206,0.024359728915698483,0.0265347626166148,0.022288507428096502,0.37500012329031535,0.07984293193717278,0.08140959891574757,0.4380797068857496,0.0,79.60411623036646,0.07984642448990074,0.08158507992389841,0.48156832419407314,0.0
X - 12860,,,-0.049560134484021794,-0.05550867928313671,-0.05107940521014022,-0.05540799120729788,-0.044531456699240836,-0.0397878141679952,-0.052202458397043634,-0.04627692832972946,0.37500012329031535,0.12172774869109948,0.21363512118572958,0.3754113525392848,0.0,70.22547748691102,0.1217342732770908,0.21798778509499728,0.39844824343914204,0.0
X - 12862,,,0.03397681307118075,0.023073117395636698,0.026137588092549763,0.023111891085975115,0.03070824948056647,0.02521910991908236,0.02052504291662277,0.01633315308893597,0.37500012329031535,0.07984293193717278,0.08433319207253838,0.4380254530425567,0.0,77.88302931937173,0.07984642448990074,0.08485953179209961,0.4814654432542726,0.0
X - 12869,,,-0.03659704170512538,-0.054150487910485545,-0.045000698998773715,-0.05458818750752379,-0.042657735954689364,-0.04610634754431275,-0.046252663238577366,-0.05815010511263293,0.37500012329031535,0.12303664921465969,0.14438418104131479,0.7986082608330058,0.0,63.55909842931936,0.12304017874340305,0.1458732831717326,0.8038342521395944,0.0
X - 12953,,,0.14090590038576895,0.13668840052803655,0.15895315543150992,0.1369971246165333,0.15427633553998485,0.14036435426203975,0.13590043952971878,0.13972838223071105,0.37500012329031535,0.18324607329842932,0.1842721243374379,0.6332709914902157,0.0,61.62444712041885,0.1832479422679353,0.18426293808632102,0.6488201662366402,0.0
X - 12992,,,-0.12276066026904994,-0.12804788249606966,-0.12248557799581737,-0.13013178935072073,-0.14640155724242387,-0.11567539119733784,-0.10958773380333897,-0.12933723834954064,0.37500012329031535,0.041884816753926704,0.11737373635665391,0.4749038137431387,0.0,77.10776439790567,0.04188784878719006,0.11768095384778504,0.4894859667819562,0.0
X - 13005,,,-0.11327761891904797,-0.1066584228308375,-0.1179659764285321,-0.11084202186401622,-0.1308225134276538,-0.11459417351259048,-0.11686107638800369,-0.12646082380803908,0.37500012329031535,0.041884816753926704,0.12052020137217231,0.47303884131920726,0.0,79.69328272251306,0.04188784878719006,0.12369499548635682,0.4914670688274205,0.0
X - 13007,,,0.030560984429168884,0.009059727914822017,0.02338468540809131,0.007998760082521062,0.024207849094201737,0.025042784131484513,0.022381116849193486,0.03281508041708647,0.37500012329031535,0.07984293193717278,0.08899992730243253,0.437671894615587,0.0,82.0376481675393,0.07984642448990074,0.0939723561068867,0.4809315545271245,0.0
X - 13068,,,0.019308706162459405,0.04156183250013751,0.02208498954817345,0.03575973982426245,0.02766127387161624,0.03134296297771331,0.030754410590032043,0.04118131067074976,0.37500012329031535,0.07984293193717278,0.11115311445271686,0.436812692277313,0.0,76.18273612565449,0.07984642448990074,0.11235859052962811,0.4799508151227732,0.0
X - 13082,,,0.018666148004108638,0.028048673484955856,0.012647731420010971,0.02785317724217922,0.026142735431925246,0.03725432644916237,0.038861892406304485,0.018513219959476416,0.37500012329031535,0.07984293193717278,0.13342821045792816,0.43549689305640893,0.0,75.17687120418846,0.07984642448990074,0.13630489805322518,0.4783853518736291,0.0
X - 13086,,,-0.05237989157805459,-0.038008747365246495,-0.04873528765506387,-0.03647363884057298,-0.04096742117268378,-0.04786368189798939,-0.04112917083797879,-0.04286404702228577,0.37500012329031535,0.12172774869109948,0.31619457637936943,0.36853332815247347,0.0,73.82712356020944,0.1217342732770908,0.3228262754780148,0.40588382734623535,0.0
X - 13098,,,0.017815186317153845,0.045228145954799674,0.0283724572629369,0.04610288568815678,0.030837020953660886,0.023109060544800938,0.01881797198137312,0.025785002677721262,0.37500012329031535,0.07984293193717278,0.1032922167862487,0.4371947049470863,0.0,74.93913612565449,0.07984642448990074,0.10488524483510099,0.48039513801593364,0.0
X - 13110,,,0.02230476135598251,0.020807070893305735,0.016443050984320272,0.020501427453807522,0.028204208189845887,0.03259070858073131,0.03196673399128621,0.010543452156001894,0.37500012329031535,0.07984293193717278,0.0730755081450156,0.4383639197097377,0.0,69.88099371727748,0.07984642448990074,0.0729600626241844,0.4819613007418779,0.0
X - 13145,,,0.027706269055491662,0.016978902211614418,0.011502734372264053,0.018317870364545234,0.021310688924168777,0.021624759778279563,0.019638179170491078,0.027696073405342816,0.37500012329031535,0.07984293193717278,0.11402456068801839,0.43665487275892617,0.0,80.99277172774866,0.07984642448990074,0.11590832079924246,0.47973374661624685,0.0
X - 13150,,,0.009713506413239273,0.04837777505556871,0.032834995194499325,0.0451747368094848,0.03230367538562975,0.019706813321691958,0.025028228456621785,0.040558907885067816,0.37500012329031535,0.07984293193717278,0.11209763855598626,0.4367872748189643,0.0,81.61371623036649,0.07984642448990074,0.11396460280568617,0.479849202186682,0.0
X - 13159,,,0.028853026484761762,0.017449905761648173,0.015349498000759118,0.017254805468054267,0.021837477314613777,0.031240971465738104,0.03352147200959086,0.008370585694673308,0.37500012329031535,0.07984293193717278,0.060472244350757,0.4387500662471837,0.0,70.88719476439788,0.07984642448990074,0.060508844455712564,0.4823795185500876,0.0
X - 13161,,,0.022240402298097955,0.017835897555671415,0.020928979247232832,0.017348264139963012,0.01964069258969141,0.023386956151495854,0.024431184046842785,0.02423195799999461,0.37500012329031535,0.07984293193717278,0.054459684153970137,0.4389344566755844,0.0,81.47094973821986,0.07984642448990074,0.05427449203057261,0.4825339931733293,0.0
X - 13176,,,-0.1214051828789313,-0.10903252740510565,-0.13394726252586553,-0.10889898275143356,-0.13069466954563005,-0.11747576055263839,-0.11920360469705238,-0.13981570441334112,0.37500012329031535,0.041884816753926704,0.09215955441231374,0.4751587383063134,0.0,79.84413507853402,0.04188784878719006,0.10147983664062143,0.49152023533901784,0.0
X - 13215,,,-0.1072459855503368,-0.10793209098017048,-0.13409694761780222,-0.11361438039557185,-0.13289735556535034,-0.11470628156747714,-0.11885179942008507,-0.12459310914435029,0.37500012329031535,0.041884816753926704,0.053749149241657745,0.47766932630780107,0.0,72.22733717277487,0.04188784878719006,0.05656263445436793,0.49436190250285267,0.0
X - 13230,,,-0.05044897975801028,-0.03896108366149897,-0.027906678282626475,-0.041366217262532944,-0.0430475103183661,-0.058876077230968486,-0.04201405328455534,-0.043888181267353714,0.37500012329031535,0.12172774869109948,0.2516827968983429,0.36941789419422594,0.0,72.20557382198947,0.1217342732770908,0.256787863988621,0.40286794096427586,0.0
X - 13342,,,-0.11414060092371175,-0.1228312194512021,-0.13987824307772517,-0.11868262884894032,-0.12982597182335925,-0.12006318645741093,-0.1275899872528739,-0.12022705128275299,0.37500012329031535,0.041884816753926704,0.05646293368918644,0.4794696046361494,0.0,76.55736963350783,0.04188784878719006,0.05983848564512312,0.4944441648344899,0.0
X - 13372,,,0.016517317426171973,0.034403129935523344,0.03885877541834936,0.03107159884725139,0.022797096820920487,0.024581859274542674,0.04006501126990819,0.0369502123688851,0.37500012329031535,0.07984293193717278,0.07398665619025264,0.4384158940502903,0.0,76.13141361256538,0.07984642448990074,0.07488360663083765,0.48191024296869517,0.0
X - 13391,,,-0.029973606282952855,-0.05284981075414604,-0.03270754337234954,-0.048355552211150246,-0.051334580981287424,-0.03820708097510747,-0.05428620487184679,-0.0368381355361666,0.37500012329031535,0.12172774869109948,0.2195213221608806,0.37695491867004677,0.0,72.36383664921465,0.1217342732770908,0.22237754031398912,0.3964844595224399,0.0
X - 13396,,,-0.013760638608784221,-0.038687326660813,-0.025101829867168694,-0.03934101646591973,-0.024160353208800136,-0.011322997341566644,-0.013184581913339634,-0.015016372085721704,0.37500012329031535,0.20287958115183247,0.14962917826913663,0.5294902205698037,0.0,62.7595047120419,0.2028866032333038,0.14993506491490374,0.5244508709866208,0.0
X - 13413,,,0.03285522634439555,0.03074463281102396,0.04868272925019327,0.030452231671970382,0.031702257906632475,0.02093873817121282,0.02221476627933373,0.017363398197614014,0.37500012329031535,0.07984293193717278,0.11941034637279387,0.43611864406379375,0.0,72.59010052356021,0.07984642448990074,0.11927254157691815,0.47959674929009816,0.0
X - 13414,,,0.014961212541296797,0.014567996967542577,0.026171199778728147,0.012465697449447144,0.023789888069869213,0.013824590282235805,0.02100145408098599,0.010258632710558352,0.37500012329031535,0.07984293193717278,0.11632198279913136,0.4364545225477482,0.0,77.12845130890057,0.07984642448990074,0.11650596215817706,0.4798072450415953,0.0
X - 13417,,,0.011892582549332256,0.027773283495975104,0.026196012594179204,0.02360115229276807,0.039055063559491454,0.023569796367004296,0.02456106545331021,0.03510093904333847,0.37500012329031535,0.07984293193717278,0.11566196244830478,0.4365787887187572,0.0,75.15482513089007,0.07984642448990074,0.11564981134921837,0.47998714652519664,0.0
X - 13418,,,0.041752490625119335,0.03965758973189667,0.038622522239879296,0.04123888671901609,0.03799473018302825,0.03925533530974349,0.0353042194361196,0.051766851930217676,0.37500012329031535,0.16099476439790578,0.19257300179261538,0.5898394911574838,0.0,65.720464921466,0.16099875444611375,0.1924828786287027,0.5802274724845126,0.0
X - 13421,,,-0.010702332914447847,0.0022223922070364046,0.0019978403257614936,0.001061026289512429,-0.008869308508030586,0.00142889735947763,0.0023210714553228737,-0.0021949858050203373,0.37500012329031535,0.20287958115183247,0.3065873351525492,0.4903471111205303,0.0,58.02309842931937,0.2028866032333038,0.30725292128860965,0.48050609549047346,0.0
X - 13422,,,0.036839096004574044,0.04196300836355406,0.028890933924584552,0.04517283747534554,0.04350574342267833,0.04422329251210187,0.04926666254010535,0.04315948138361807,0.37500012329031535,0.16099476439790578,0.2845519137704855,0.5170224260779539,0.0,67.89231099476436,0.16099875444611375,0.2845787164116274,0.5158950587331897,0.0
X - 13423,,,-0.04829552134977167,-0.06988287284670305,-0.031120991861560456,-0.06832711630647732,-0.06125065918697595,-0.045415911063669684,-0.046493413502405954,-0.03462147155077322,0.37500012329031535,0.12172774869109948,0.17534811008118184,0.386247328926622,0.0,81.27815392670158,0.1217342732770908,0.17632799727895254,0.3909858494656862,0.0
X - 13445,,,-0.05053212664291546,-0.043335837693430655,-0.05358091656797699,-0.04544788181055007,-0.05263460006573233,-0.0606083885723625,-0.051676030604383326,-0.035125436982994425,0.37500012329031535,0.12172774869109948,0.23394414895542134,0.37613919377564975,0.0,77.63813298429324,0.1217342732770908,0.23746215904327064,0.38867906839115035,0.0
X - 13446,,,-0.12325303564588232,-0.12146930808669322,-0.14888453878936028,-0.12700167760909178,-0.14472327867271334,-0.12248042013398892,-0.11792903311996075,-0.14364024587716354,0.37500012329031535,0.041884816753926704,0.21821556465116076,0.46605319421457847,0.0,70.47067748691104,0.04188784878719006,0.220724280038425,0.4902302922667121,0.0
X - 13447,,,-0.10617974894196948,-0.12669463678616316,-0.11985356659324166,-0.12299212397679939,-0.1260984053315503,-0.11710711406564173,-0.1289654060757708,-0.12732741021335162,0.37500012329031535,0.041884816753926704,0.09607225889944256,0.47353518683383655,0.0,76.94123769633507,0.04188784878719006,0.09908978537277474,0.4915534412363005,0.0
X - 13451,,,-0.1082208355926422,-0.11644127559376798,-0.1400202109421593,-0.12200509371244637,-0.14739977333947843,-0.11610774226146457,-0.11981510863318982,-0.14104288919431635,0.37500012329031535,0.041884816753926704,0.11481752871711175,0.4761291264765041,0.0,70.69362513089001,0.04188784878719006,0.1173238286860777,0.49471033866143327,0.0
X - 13478,,,-0.1220897120618825,-0.133899965852705,-0.12683518214594694,-0.13171719730470338,-0.14144010799859974,-0.12145544649033721,-0.12088118523006043,-0.14446060172149366,0.37500012329031535,0.041884816753926704,0.03955017498920274,0.47806334563761754,0.0,80.45618324607327,0.04188784878719006,0.03829044305260194,0.4930065359171238,0.0
X - 13483,,,-0.047415301931935314,-0.054957535647795236,-0.039915416221059846,-0.05934812658442751,-0.04189200768137966,-0.03694277715458863,-0.03759024514135339,-0.04299420833207227,0.37500012329031535,0.12303664921465969,0.12509994683985087,0.7749293750163376,0.0,57.74572984293195,0.12304017874340305,0.1264601317492007,0.7824275449807718,0.0
X - 13494,,,0.028324616226183645,0.021710216314327554,0.006224511794709431,0.019909542084764854,0.02357818724016975,0.01901049659194508,0.026747499403070068,0.015731017035495967,0.37500012329031535,0.07984293193717278,0.07697809829017807,0.4382276412741961,0.0,79.41119895287954,0.07984642448990074,0.0767323116735578,0.4817841596287374,0.0
X - 13503,,,0.025855866165075264,0.01698344829482354,0.027453576528097712,0.017578838547372588,0.011225907234397835,0.013762034324933647,0.020371822990520302,0.023474829838692764,0.37500012329031535,0.07984293193717278,0.06668121757486697,0.43858432155526567,0.0,76.09884397905759,0.07984642448990074,0.06791581863436726,0.48208260135255143,0.0
X - 13504,,,-0.12857803824365838,-0.13659333673914126,-0.12137953912582593,-0.13497556480282924,-0.13366674858655028,-0.10753784652034687,-0.10596475349469436,-0.14194529518388613,0.37500012329031535,0.041884816753926704,0.0906180107461854,0.47919778331116103,0.0,75.1647413612566,0.04188784878719006,0.08845967778309982,0.4929258971552519,0.0
X - 13510,,,0.0314664608264737,0.01615383210351307,0.01957923247766104,0.017959404371113978,0.018707484360351224,0.018329767957555688,0.021405639434117267,0.027470279717695088,0.37500012329031535,0.07984293193717278,0.11140350035857982,0.4367205461016739,0.0,75.95417801047118,0.07984642448990074,0.11139050851955466,0.48016754554613267,0.0
X - 13512,,,-0.04472924247843494,-0.06708519495000248,-0.041027191744019094,-0.06863907106775922,-0.051057939088708655,-0.05156851474725296,-0.04775850990829169,-0.042840004477861,0.37500012329031535,0.12172774869109948,0.18289601942879502,0.38251516564858506,0.0,78.75786806282723,0.1217342732770908,0.18594110843948097,0.39339280359148027,0.0
X - 13516,,,-0.043876110978317374,-0.04976050863779247,-0.043878107575555624,-0.05107949068388881,-0.052371426393824236,-0.044008889860198776,-0.0356537394519907,-0.0424379359644944,0.37500012329031535,0.12172774869109948,0.19368614065701184,0.37941944622416623,0.0,76.70706387434561,0.1217342732770908,0.19733228392876823,0.39495579572598455,0.0
X - 13516 _dupl,,,0.02780379643941206,0.009232684383752155,0.034662139360166724,0.007008300534315077,0.012807137628021027,0.02038698939299965,0.01556167411750211,0.03703045806991831,0.37500012329031535,0.07984293193717278,0.05752374709752358,0.43872436870513626,0.0,78.84290575916229,0.07984642448990074,0.06110327916719974,0.48236431607882935,0.0
X - 13520,,,-0.12124397129598988,-0.13041612859962073,-0.14012577679007188,-0.1293137393511132,-0.13031601576977264,-0.11846579168569472,-0.12193150069450452,-0.13337866302779858,0.37500012329031535,0.041884816753926704,0.0613954115778432,0.47811958424084644,0.0,73.2478471204189,0.04188784878719006,0.060336767119312525,0.49352743768078655,0.0
X - 13543,,,-0.05583750682212641,-0.059558620859891505,-0.06315566146393975,-0.05716671126881793,-0.06176717704970435,-0.050140724945242104,-0.05083966863002112,-0.03892453752870906,0.37500012329031535,0.12172774869109948,0.3454228355328282,0.36737012313589695,0.0,71.8832020942408,0.1217342732770908,0.3511804227680468,0.4093069460164422,0.0
X - 13557,,,-0.04563732196352034,-0.044130865660671294,-0.04971587913049305,-0.04199653731624096,-0.048695762151608826,-0.05834126467543051,-0.0551672694725021,-0.04107494714840979,0.37500012329031535,0.12172774869109948,0.27783152620873297,0.3665866119214458,0.0,75.28405968586387,0.1217342732770908,0.28157058728116197,0.4043044118051431,0.0
X - 13558,,,-0.11747256032270406,-0.11924337400097763,-0.13332442402318143,-0.1222030205182696,-0.1350069980308415,-0.12223120222785366,-0.11625791305113259,-0.14741397012592183,0.37500012329031535,0.041884816753926704,0.09423131220133009,0.4753308372116223,0.0,74.19693507853407,0.04188784878719006,0.09207891416704049,0.49322598438350873,0.0
X - 13560,,,-0.035165018928698166,-0.05093510110144955,-0.02753866495280517,-0.05256777180487061,-0.0414470510076279,-0.03911273202022397,-0.039555904191861106,-0.04504605750789372,0.37500012329031535,0.12172774869109948,0.29148782463749323,0.3685298854877589,0.0,70.22279999999998,0.1217342732770908,0.29708346825811693,0.40519131072346976,0.0
X - 13621,,,0.016584468381732494,0.034228413692447744,0.03820827490547816,0.030603924203309478,0.02250454903402144,0.02425131022261506,0.04067066403085476,0.03339939875730365,0.37500012329031535,0.07984293193717278,0.06094551962716911,0.43880364283453366,0.0,75.11109633507849,0.07984642448990074,0.06139543929416321,0.48238187598222804,0.0
X - 13671,,,0.0183360933507278,0.03935368256719235,0.031627115550621115,0.03939487594698078,0.03210341308787581,0.022709688306933963,0.02769324019967048,0.0208798962133589,0.37500012329031535,0.07984293193717278,0.06469172235968226,0.438702314669578,0.0,73.70173403141365,0.07984642448990074,0.06685172141171662,0.48215373801017275,0.0
X - 13684,,,0.141557491911938,0.14188908505131415,0.1483284864945949,0.1408828942821571,0.1472654749670245,0.14819354663242837,0.14317627573043668,0.1473887288653711,0.37500012329031535,0.18324607329842932,0.17184229077722457,0.6245963861668455,0.0,73.69361256544506,0.1832479422679353,0.17156361898952918,0.6447532353767161,0.0
X - 13698,,,-0.11279744441884021,-0.13243848082791815,-0.13176918426931378,-0.12896892359720677,-0.13549580430869318,-0.12954604779447912,-0.12219603970145033,-0.14952237492285125,0.37500012329031535,0.041884816753926704,0.08970804092670248,0.4763534195235332,0.0,77.15636858638734,0.04188784878719006,0.08869872564556332,0.490651380121152,0.0
X - 13722,,,0.14096846334709,0.14264023271672016,0.12885236882310344,0.14282934057344968,0.14665764933263073,0.14952911141757022,0.1559482448668781,0.12900648192089592,0.37500012329031535,0.18324607329842932,0.18829964284002204,0.6238144953486027,0.0,60.60821465968587,0.1832479422679353,0.19220775177612784,0.6454963168720051,0.0
X - 13737,,,-0.056073584236322235,-0.04970904037982096,-0.05115352073038751,-0.04387738302069741,-0.044058491297629954,-0.04592017675337703,-0.04872690130334902,-0.034287294580957625,0.37500012329031535,0.12303664921465969,0.15277290547102768,0.7997745017580447,0.0,62.36959790575911,0.12304017874340305,0.15489554412762804,0.8044845978207326,0.0
X - 13743,,,0.02353225115971602,0.031629329933087494,0.03877125598418156,0.02857197165667902,0.0423255744792694,0.014481500539577096,0.012525805299829006,0.03288327166522325,0.37500012329031535,0.07984293193717278,0.08079478555548514,0.43809805756046244,0.0,79.18401884816755,0.07984642448990074,0.08093617854065926,0.48166445914275496,0.0
X - 13859,,,-0.11854941769416594,-0.1253972296252787,-0.14121725485345468,-0.1271601817890481,-0.14337669527754734,-0.12568379029393278,-0.11947606427308562,-0.13871417939339836,0.37500012329031535,0.041884816753926704,0.0866217265434793,0.4771960332136693,0.0,72.7317047120419,0.04188784878719006,0.08732149145881461,0.4941849933354378,0.0
X - 13871,,,-0.027234528520089417,-0.007618861967907826,-0.014499213672320379,-0.0053709382237497215,-0.018128618362228927,-0.022916686932692932,-0.01951471486579847,-0.007591632254729972,0.37500012329031535,0.20287958115183247,0.25593331807283537,0.4905999075511223,0.0,62.99159999999996,0.2028866032333038,0.2575805920786345,0.481318870116439,0.0
X - 13872,,,-0.044719045446923754,-0.046841934228979316,-0.045288766322282334,-0.05085815030664766,-0.056062659068818486,-0.06004375815690793,-0.04303490420580827,-0.04520011783445915,0.37500012329031535,0.12172774869109948,0.30834498910974895,0.3675668531949017,0.0,67.95032041884815,0.1217342732770908,0.31315192216366045,0.4096141126759542,0.0
X - 13975,,,0.01818694494206945,0.02055438199080148,0.01801369340350158,0.02155120605550023,0.028302872860268297,0.036471548138262866,0.03712064980679168,0.014763463880750123,0.37500012329031535,0.07984293193717278,0.09901762445631998,0.43729022775547505,0.0,76.03696230366494,0.07984642448990074,0.10228257922218471,0.48060739258947743,0.0
X - 14057,,,-0.12391922351102246,-0.11065831405482919,-0.1457812668808963,-0.11188584674726526,-0.12426672866421788,-0.1190901565458807,-0.12367552600152394,-0.12852183317945742,0.37500012329031535,0.041884816753926704,0.07829093464571264,0.4762514845064339,0.0,73.13403141361253,0.04188784878719006,0.0773460044091606,0.4927631480364547,0.0
X - 14097,,,0.12994818572817965,0.11973883088965569,0.12463743129762575,0.11943672067936668,0.11253675616125536,0.12643943277365935,0.1273169219224424,0.1282527285678686,0.37500012329031535,0.2630890052356021,0.386135830707084,0.6695236656836645,0.0,60.450152879581154,0.26309436675783604,0.38618780625850385,0.6699388958425178,0.0
X - 14108,,,-0.12885699828674566,-0.13784977528883063,-0.12893900028879465,-0.13669929775985382,-0.1420375378937518,-0.11237067375566145,-0.11196760479543376,-0.13113913816735842,0.37500012329031535,0.041884816753926704,0.0771988584216807,0.47788594476564983,0.0,75.00321151832463,0.04188784878719006,0.07294936714893036,0.4934795305551825,0.0
X - 14121,,,-0.12204848910004104,-0.13690530030482523,-0.12487486075222724,-0.1337703268461776,-0.14209672757261585,-0.1265169501558961,-0.11845447087230206,-0.12659747697806106,0.37500012329031535,0.041884816753926704,0.07620685652251485,0.4780880891180029,0.0,66.72225654450261,0.04188784878719006,0.07316965055080724,0.4927230876276136,0.0
X - 14141,,,0.07189970131987547,0.05725008197407325,0.09039113856131738,0.05716851016141868,0.05274199135232232,0.06957491847380723,0.06566109303796246,0.0880401462275077,0.37500012329031535,0.22513089005235604,0.4001049636987389,0.6093488303337992,0.0,68.43082513088999,0.22513579105512538,0.40439850758131207,0.6341618521656657,0.0
X - 14145,,,-0.12924796637753422,-0.14048995207483236,-0.13987642297689912,-0.1388783030540962,-0.13548138911015065,-0.10972790387446223,-0.10644214779514669,-0.12707616349531972,0.37500012329031535,0.041884816753926704,0.05555411785120796,0.47909318755757646,0.0,67.74523036649214,0.04188784878719006,0.05490984380576802,0.4937496696322989,0.0
X - 14147,,,0.02277481804490615,0.03097963598336629,0.027268286975364774,0.028613443667373808,0.03156954160649531,0.03108968551042159,0.02789086874818131,0.014736348694125411,0.37500012329031535,0.07984293193717278,0.07459548312548417,0.43835201794134093,0.0,75.657154973822,0.07984642448990074,0.0752545084783275,0.4818661644388021,0.0
X - 14192,,,-0.12748930001856532,-0.1401183867063671,-0.12555463200875108,-0.13644278624685988,-0.1387734418762955,-0.11473888390993305,-0.11353835765294676,-0.12071178053475422,0.37500012329031535,0.041884816753926704,0.06586081568063856,0.47990130814033405,0.0,66.37985968586386,0.04188784878719006,0.0670885961484128,0.49359255391942725,0.0
X - 14193,,,0.07668226954930783,0.07872225174724941,0.05633236382824649,0.07880476365224759,0.07583965599497824,0.0812561163446504,0.07858866723929891,0.06106587919307034,0.37500012329031535,0.22513089005235604,0.38272003311867897,0.6083165969370048,0.0,69.2356973821989,0.22513579105512538,0.3861609481746941,0.6311858229644836,0.0
X - 14195,,,-0.12564340739244906,-0.13580016489816904,-0.11814143414816605,-0.13409319367680722,-0.14125489453853798,-0.1087891964289776,-0.10555080375268998,-0.12979692301417503,0.37500012329031535,0.041884816753926704,0.07538819045925751,0.4781934921142709,0.0,73.82412146596857,0.04188784878719006,0.07514275668426118,0.4933770795167742,0.0
X - 14234,,,0.025936642162939855,0.02601416926581447,0.011814302384718662,0.026781210821469104,0.02811072018836805,0.014170785594055829,0.013837822713929193,0.004933996089917088,0.37500012329031535,0.07984293193717278,0.07367163194073763,0.4381882980831833,0.0,78.27287329842929,0.07984642448990074,0.08115466362201607,0.48144889773348726,0.0
X - 14255,,,0.14038234187047377,0.13931464338216384,0.1410067172009742,0.13912817740619035,0.14194715562254673,0.13307608218388603,0.12822249649983267,0.12742229844772812,0.37500012329031535,0.18324607329842932,0.12767955418916727,0.6315408324572449,0.0,69.54708481675395,0.1832479422679353,0.12818759139735023,0.6499283832129746,0.0
X - 14264,,,-0.1258373413264689,-0.12977727050468915,-0.11993095728036653,-0.13301198035891246,-0.14792265190479426,-0.1057767799889272,-0.10506212864171918,-0.13935383562771542,0.37500012329031535,0.041884816753926704,0.03898747068318597,0.47868863600791856,0.0,77.35698534031413,0.04188784878719006,0.037840961973839786,0.4929742496998295,0.0
X - 14272,,,0.09143871554374515,0.1029847765033583,0.0916582362898241,0.10115403603329995,0.08995783349154426,0.09354260223853592,0.10070580689397504,0.1158663842762068,0.37500012329031535,0.3861256544502618,0.582305331353768,0.5863432958435953,0.0,66.38391518324606,0.3861345455012391,0.5826368479596643,0.6205539218708052,0.0
X - 14314,,,0.12679031140721017,0.13613794435036708,0.12119029480487215,0.13694735564752242,0.14054679624459643,0.12097026020288514,0.1327695256922242,0.11769767764005852,0.37500012329031535,0.18324607329842932,0.1623971421729451,0.6228750583321896,0.0,58.567090052356,0.1832479422679353,0.16232789101070533,0.6415638947781054,0.0
X - 14320,,,0.08158396722590153,0.07261481962501783,0.08042764506501211,0.0726781912499002,0.06844266160133054,0.057811480327552754,0.06847672391238462,0.08396078471905763,0.37500012329031535,0.22513089005235604,0.392992759106765,0.6134616130738715,0.0,68.04638010471206,0.22513579105512538,0.3969077398135315,0.6389768275975042,0.0
X - 14331,,,-0.12050285804751246,-0.137592816253768,-0.1289095874594452,-0.1317310908307442,-0.13574246437264334,-0.1217493476069304,-0.11491305642410844,-0.12473798917010616,0.37500012329031535,0.041884816753926704,0.06695398658955327,0.4793420524574361,0.0,77.499245026178,0.04188784878719006,0.06845679236006731,0.4932658919822861,0.0
X - 14346,,,-0.10945116399089184,-0.11936837505152068,-0.1283926788248389,-0.11486449261056325,-0.11848208421877492,-0.12677302855495307,-0.12445006165137794,-0.13566143348386633,0.37500012329031535,0.041884816753926704,0.05704344325268179,0.4794018930841478,0.0,77.21420732984292,0.04188784878719006,0.056449208119107475,0.49500967456944006,0.0
X - 14347,,,0.07723284556894743,0.07968383460182875,0.07744943252047291,0.07996946285858612,0.07006371923494847,0.06371769422122366,0.062863300326511,0.07786537637790074,0.37500012329031535,0.22513089005235604,0.378386096867068,0.6059217942515804,0.0,63.31824712041886,0.22513579105512538,0.3827277898684389,0.6349235765675144,0.0
X - 14384,,,-0.05070153799793445,-0.05106888933190947,-0.03476006894793644,-0.058760639374435535,-0.04722441754442827,-0.05247924362661565,-0.044554427350166445,-0.04103017915513264,0.37500012329031535,0.12303664921465969,0.10636695464113732,0.7725699590458419,0.0,67.2337863874345,0.12304017874340305,0.10619465759595968,0.7795141427057265,0.0
X - 14427,,,0.15212382898120655,0.15656039386973286,0.152962985488625,0.15596936450029927,0.16749422382157728,0.14566452118758474,0.14256895673546385,0.14610467320716325,0.37500012329031535,0.18324607329842932,0.1110412917480741,0.6353252658326545,0.0,72.09264816753932,0.1832479422679353,0.11076080665326316,0.6524330776411219,0.0
X - 14458,,,-0.12085616343226147,-0.1389056425841092,-0.12518507873702409,-0.13531834636551449,-0.1354141909876518,-0.12099563345308659,-0.11470668159621895,-0.14189775415030895,0.37500012329031535,0.041884816753926704,0.11292014126603439,0.47912300130090835,0.0,73.57460418848169,0.04188784878719006,0.11129303684746279,0.492087675987468,0.0
X - 14503,,,-0.11170422587183915,-0.11562349003901921,-0.14948546327809836,-0.1212713609389578,-0.1266857882701424,-0.11418500411405046,-0.12417860214719915,-0.11523538836521593,0.37500012329031535,0.041884816753926704,0.10838506926860803,0.47978901158376064,0.0,76.27681675392677,0.04188784878719006,0.11149161007434617,0.492096161380526,0.0
X - 14590,,,-0.048609515013212604,-0.040988350030552775,-0.03192307751832751,-0.04076437217764086,-0.048488219679497194,-0.06266503559019933,-0.04629762808103305,-0.04177928746839661,0.37500012329031535,0.12172774869109948,0.3139410588623503,0.36646379163698817,0.0,76.944632460733,0.1217342732770908,0.31723362984880277,0.404384905025057,0.0
X - 14591,,,0.013584981480649348,0.03104269455691213,0.02244637383372928,0.033542189764423594,0.028786810750271223,0.02166932835315895,0.022468363651567482,0.016605184842255795,0.37500012329031535,0.07984293193717278,0.14497643739708668,0.4348116123752964,0.0,78.5141486910995,0.07984642448990074,0.14577060368099445,0.4780155763860328,0.0
X - 14594,,,-0.11456851166880463,-0.11385022452575833,-0.12562117489495253,-0.11088553321423776,-0.11530091199495479,-0.10669776616115055,-0.1165174717002431,-0.12218067470543269,0.37500012329031535,0.041884816753926704,0.05206573177720093,0.4798420857918736,0.0,75.43369424083772,0.04188784878719006,0.05188784879095587,0.4940820288329328,0.0
X - 14596,,,-0.012750960507710784,-0.01724945396746996,-0.004739128386441643,-0.016573049830606368,-0.01729168259980274,-0.021525945532180082,-0.015779965617389428,-0.020286656567969723,0.37500012329031535,0.20287958115183247,0.1671098780613417,0.5788112316978719,0.0,58.60490575916232,0.2028866032333038,0.16940672464806314,0.5794187132584381,0.0
X - 14600,,,-0.044220224546447154,-0.05037319667821994,-0.0467411606793919,-0.051995891374127017,-0.04724855727209221,-0.05527577603648544,-0.04692033566529599,-0.043682006375219504,0.37500012329031535,0.12172774869109948,0.3080033853725809,0.366789624625092,0.0,75.03195706806282,0.1217342732770908,0.31328516227702224,0.4027423793666902,0.0
X - 14606,,,-0.04398626066586176,-0.046935039562264684,-0.060944064850784206,-0.049056339265302826,-0.060652269683634005,-0.05036199086360208,-0.04708052813070687,-0.049835725536551516,0.37500012329031535,0.12172774869109948,0.258002952594695,0.3678512942667379,0.0,72.83074345549741,0.1217342732770908,0.26168271034540025,0.4006326728233176,0.0
X - 14611,,,0.018339350564683096,0.025588142609981893,0.018777259405218922,0.020721428551559756,0.026189310787641893,0.014721923644652376,0.019928100294779875,0.0299564593008392,0.37500012329031535,0.07984293193717278,0.11379225357732012,0.43673342555007894,0.0,75.23475078534032,0.07984642448990074,0.11333142035272693,0.4799829769106215,0.0
X - 14613,,,0.022534060493755104,0.02971339049699682,0.017719679138147985,0.03399192937686631,0.024983601531876422,0.03009417041306681,0.02725347269230434,0.021412961131589393,0.37500012329031535,0.07984293193717278,0.088091758425146,0.43785675874874697,0.0,79.1334607329843,0.07984642448990074,0.08795320098399571,0.48125922068586857,0.0
X - 14658,,,0.1399771866362847,0.13128474843514043,0.12290813712213321,0.13217720623775223,0.12645354109666745,0.1384833470474136,0.1495495417876434,0.1442015740824285,0.37500012329031535,0.18324607329842932,0.21551749707884793,0.626981965374197,0.0,71.1351130890052,0.1832479422679353,0.2160258718442051,0.6409228074152976,0.0
X - 14837,,,-0.10895236815275375,-0.10749673337500822,-0.11954771685042742,-0.10889037812256787,-0.13024248369639907,-0.12773013732256006,-0.11144990759924607,-0.13701901028802183,0.37500012329031535,0.041884816753926704,0.05072221618664442,0.47888761349253683,0.0,78.6766565445026,0.04188784878719006,0.06021697517340175,0.49658354186658665,0.0
X - 14838,,,0.14296530995250675,0.12840259878547652,0.1264784357422527,0.12802885394714303,0.13326802864081935,0.13977544682586807,0.1339546688494851,0.12534032367365341,0.37500012329031535,0.18324607329842932,0.17345074961839346,0.6281417669593894,0.0,76.02416335078533,0.1832479422679353,0.17376556432604395,0.6451150450092822,0.0
X - 14900,,,0.07093143986289449,0.08044558202692809,0.10032706855010819,0.08055536601081423,0.06538189954809942,0.06446065557486852,0.07194486583187389,0.08201060075594374,0.37500012329031535,0.22513089005235604,0.39736429302108767,0.6037441184185368,0.0,70.385322513089,0.22513579105512538,0.402208117287405,0.6326919113816323,0.0
X - 14952,,,0.025749526854115082,0.004942765631075323,0.0393347649951286,0.0035716522704206735,0.014306113245128267,0.0295535310610226,0.03382001602618095,0.02925914879569862,0.37500012329031535,0.07984293193717278,0.0691658496110988,0.4383299715457567,0.0,73.27610680628274,0.07984642448990074,0.06999768547523803,0.4819479553247022,0.0
X - 15117,,,0.042486621844647125,0.03612964620908821,0.03163082984195335,0.03270565223131021,0.04671560477688452,0.05960727431180406,0.05948516973807886,0.03202139295882745,0.37500012329031535,0.16099476439790578,0.15976288875907718,0.593137393237017,0.0,58.75564293193716,0.16099875444611375,0.16015386374241417,0.5848863033703715,0.0
X - 15136,,,-0.11017803621616154,-0.1072365399759039,-0.14054745774945776,-0.10687339615909443,-0.12837309453995027,-0.11347765329138011,-0.12076819711194184,-0.12045922334412756,0.37500012329031535,0.041884816753926704,0.06105892867699747,0.4775074851559008,0.0,74.97860104712039,0.04188784878719006,0.06034264785836615,0.49304733640889226,0.0
X - 15150,,,-0.11904805352080729,-0.12794507447174996,-0.12243228544362979,-0.12523774903353624,-0.14356169032550997,-0.11877943422069524,-0.11230354893278909,-0.12752995103327763,0.37500012329031535,0.041884816753926704,0.025636424035671367,0.47814093216535275,0.0,73.48542827225131,0.04188784878719006,0.030431419762048963,0.49347107602754886,0.0
X - 15158,,,0.028187100724508495,0.02221421562958878,0.0355287548028856,0.02091918317115641,0.020935593065062874,0.0188768781141093,0.018501295171022968,0.01272934094600692,0.37500012329031535,0.07984293193717278,0.06035901875282035,0.4385817736313209,0.0,81.28618010471209,0.07984642448990074,0.06503351689853203,0.48208075576599074,0.0
X - 15159,,,0.0313370447362856,0.022195708671492308,0.02494839138418258,0.021211437662364538,0.021916036565424252,0.03817066507336275,0.02690460181187818,0.0294025263942004,0.37500012329031535,0.07984293193717278,0.04333902064288136,0.439208982344225,0.0,78.59909424083772,0.07984642448990074,0.04471848643657431,0.482803333889171,0.0
X - 15160,,,-0.11807122333623005,-0.1272782055637024,-0.1327975412360482,-0.12982603006826143,-0.13367250010516069,-0.12391822343916797,-0.11364638541466718,-0.12876135844816936,0.37500012329031535,0.041884816753926704,0.023396043115014937,0.47856345629982233,0.0,80.03467643979059,0.04188784878719006,0.024634494307268218,0.49420266186992906,0.0
X - 15161,,,0.04653090791270401,0.03472516662424761,0.05377647864931016,0.03655377367967717,0.042896136087724676,0.043663396808422496,0.034752375872641336,0.037306042952258416,0.37500012329031535,0.16099476439790578,0.2399625775897119,0.5429674819031083,0.0,62.923653403141344,0.16099875444611375,0.23999657817673756,0.5412468661522352,0.0
X - 15164,,,0.024045727673954458,0.025181898748501262,0.032711341731211305,0.018847298416208434,0.023057015462205694,0.020452279083442857,0.02762175598625872,0.019185761643519574,0.37500012329031535,0.07984293193717278,0.07020261396829522,0.43845474722907063,0.0,78.62936544502617,0.07984642448990074,0.07084435639012626,0.48205540894207893,0.0
X - 15165,,,0.016461479472652613,0.03487637719759257,0.034540275000593264,0.031465377641868325,0.02195759656482632,0.02479974362233801,0.038773744053639286,0.03376135496945674,0.37500012329031535,0.07984293193717278,0.08653811908681022,0.4379276575535595,0.0,83.77557696335077,0.07984642448990074,0.08814823896458095,0.48135302412222253,0.0
X - 15166,,,-0.126786869549419,-0.14009316273522415,-0.14149907926536467,-0.13837207422678718,-0.135397664472151,-0.10632055905907957,-0.10471776389934918,-0.14020404112559326,0.37500012329031535,0.041884816753926704,0.051384462061151506,0.47889309705486605,0.0,72.65324502617798,0.04188784878719006,0.05299139063891147,0.493320490047563,0.0
X - 15168,,,-0.039080657439702,-0.05434882376752748,-0.03668361695638213,-0.05941188563972651,-0.04728873546339794,-0.041831669012909654,-0.03819387853310674,-0.03879121335063659,0.37500012329031535,0.12303664921465969,0.08062295098627037,0.7574674626555005,0.0,65.41713507853403,0.12304017874340305,0.08040255719882007,0.760111508762071,0.0
X - 15169,,,0.025251085872152433,0.022268812622451836,0.01750164312152485,0.018903992473261504,0.028785314942247578,0.028009815222084528,0.027711198499825795,0.02744323785499311,0.37500012329031535,0.07984293193717278,0.061935469155409664,0.4386206923074195,0.0,74.15740942408381,0.07984642448990074,0.070268236399863,0.48197779574648486,0.0
X - 15173,,,0.02092373172120449,0.027788432218410646,0.014829103456375971,0.02954390958200398,0.028973786753226902,0.01882976484082734,0.018585081183569465,0.020011345019080015,0.37500012329031535,0.07984293193717278,0.0554491466298111,0.4389278482764606,0.0,79.39236753926707,0.07984642448990074,0.055523215701701066,0.48252494410157126,0.0
X - 15174,,,-0.03950842275366329,-0.054663160751550505,-0.04773933532595956,-0.05767836933841221,-0.0608415940367605,-0.047028117321825935,-0.03981069707994091,-0.0628416553326917,0.37500012329031535,0.12172774869109948,0.22123158288154457,0.37417807165551764,0.0,73.6769937172775,0.1217342732770908,0.2245890146131522,0.3975618636393909,0.0
X - 15220,,,-0.11029932493067231,-0.12289112638266657,-0.13409833089443002,-0.1199363822662177,-0.1326880439703513,-0.1151974968609583,-0.11552940070802155,-0.1430495867570845,0.37500012329031535,0.041884816753926704,0.07122342868507993,0.4783644878991181,0.0,76.98509947643979,0.04188784878719006,0.07192539585046964,0.4935572746916641,0.0
X - 15222,,,-0.10684745691632842,-0.11656572741268129,-0.12543661667118813,-0.12066962683381319,-0.12861720646274394,-0.11368536821555462,-0.11945810298257924,-0.12841947070899878,0.37500012329031535,0.041884816753926704,0.06236255986596402,0.4762285943139948,0.0,79.55803455497383,0.04188784878719006,0.0629384524707864,0.49382914759600965,0.0
X - 15301,,,-0.11037241018179735,-0.11695732956467544,-0.14351545976452756,-0.12128041308989214,-0.13095450713956103,-0.10880857782151732,-0.11962689511017757,-0.1491754637054007,0.37500012329031535,0.041884816753926704,0.05286165100878426,0.476461846114515,0.0,80.50289319371731,0.04188784878719006,0.052813541071523425,0.4935871333529939,0.0
X - 15312,,,0.14467201300190352,0.13839212910541276,0.14097086891133145,0.13762611578021441,0.14853800796070432,0.14630278855935822,0.13863572692222845,0.15174947820768184,0.37500012329031535,0.18324607329842932,0.16022962406549526,0.6322456633978524,0.0,64.6218795811518,0.1832479422679353,0.16028310283493,0.6512245280696051,0.0
X - 15324,,,-0.11695770333058311,-0.13301145146919494,-0.12065295487605539,-0.12664736218218234,-0.1326186617268612,-0.11333548307654791,-0.11668638383646397,-0.13220280509011875,0.37500012329031535,0.041884816753926704,0.07967744961844586,0.47899563186111516,0.0,75.43516649214664,0.04188784878719006,0.08347151030461662,0.4932389273904258,0.0
X - 15337,,,-0.11144538727446385,-0.11973505836105504,-0.14726836205983554,-0.11667856399972153,-0.12831681702240794,-0.122246023292737,-0.11631729731785134,-0.13859667368406675,0.37500012329031535,0.041884816753926704,0.06554913737487883,0.47851391099751617,0.0,76.772232460733,0.04188784878719006,0.06587687257676944,0.4935865886283073,0.0
X - 15351,,,-0.1162433920078056,-0.1200883566923539,-0.1262404460000175,-0.11699128021615733,-0.12828441922770376,-0.11582534197119786,-0.11955767013641079,-0.13207517962019413,0.37500012329031535,0.041884816753926704,0.0783756934942724,0.47793909945169233,0.0,80.00158534031414,0.04188784878719006,0.07909572589451187,0.49348765279473766,0.0
X - 15363,,,-0.11736773279091794,-0.11197364244037246,-0.12965429991344352,-0.11462860779655236,-0.12821918681409708,-0.12422010512915989,-0.12229168657361233,-0.1398220383642159,0.37500012329031535,0.041884816753926704,0.051200397683503145,0.47859687863463685,0.0,73.0459780104712,0.04188784878719006,0.04978318351786565,0.493952753142792,0.0
X - 15371,,,-0.11506094704994825,-0.13387704051764202,-0.11990562147686751,-0.1273569491058752,-0.13372207965166308,-0.11607503991182326,-0.10793559509830877,-0.12189120587005314,0.37500012329031535,0.041884816753926704,0.12489922662732333,0.47391709954640393,0.0,68.86168272251305,0.04188784878719006,0.12760009389547433,0.490276649994021,0.0
X - 15375,,,-0.04135001746454241,-0.0465669994803393,-0.047664510535882255,-0.04940292887880852,-0.05351233849382498,-0.042989354372986,-0.04020810582598414,-0.0512935768259452,0.37500012329031535,0.12303664921465969,0.08616438617277516,0.7668193229409994,0.0,63.00413089005238,0.12304017874340305,0.08573894458658808,0.7735916104142259,0.0
X - 15382,,,-0.046612597441937624,-0.029744510487745617,-0.04529387159088879,-0.029757072771125787,-0.04840437314060746,-0.041502079987225965,-0.050524408242503004,-0.03946921217685902,0.37500012329031535,0.12303664921465969,0.07707024738329672,0.7689901763969637,0.0,62.69336544502616,0.12304017874340305,0.07742638409849707,0.7773199990172159,0.0
X - 15386,,,-0.1096843207430442,-0.10879383540720948,-0.13293244710927715,-0.1130096967131565,-0.12166442130712377,-0.10665270292338791,-0.11709743337009039,-0.13323589431900096,0.37500012329031535,0.041884816753926704,0.07984471182606319,0.4773428097445338,0.0,77.8836230366492,0.04188784878719006,0.07618630219339051,0.4929084874543143,0.0
X - 15415,,,-0.10643592734821185,-0.10933572360662623,-0.12138689233316328,-0.11207024618146746,-0.12176583732515286,-0.11581162098535447,-0.1230220790518098,-0.14394369308688734,0.37500012329031535,0.041884816753926704,0.08590496190787428,0.4773314129737861,0.0,75.66319790575916,0.04188784878719006,0.08776478958975646,0.4932808187560885,0.0
X - 15420,,,-0.10647517016778145,-0.11809110638372616,-0.14658684350651868,-0.11429316966417567,-0.11731903979091071,-0.11657913613079006,-0.12819497072052016,-0.13793299211884544,0.37500012329031535,0.041884816753926704,0.05052505114767601,0.4780195966793689,0.0,81.53278534031409,0.04188784878719006,0.06142357221439399,0.49387481537127537,0.0
X - 15469,,,0.13453871095049108,0.1348962502339735,0.1495834103369281,0.1349756692339304,0.13442467451902984,0.1321902883620457,0.13228921011437644,0.12965079599296178,0.37500012329031535,0.18324607329842932,0.10767554963446452,0.6324023545059982,0.0,62.961692146596846,0.1832479422679353,0.10801545530602681,0.6511260485882138,0.0
X - 15472,,,-0.05481956135298027,-0.06057629024680838,-0.02163603038504222,-0.052451773186598376,-0.05681665639437916,-0.035436398772264385,-0.04239077049574302,-0.030709923180433026,0.37500012329031535,0.12303664921465969,0.12273161053946008,0.7937344960314979,0.0,61.046826178010456,0.12304017874340305,0.12367587280906696,0.7968704689707943,0.0
X - 15482,,,-0.11238365468833253,-0.10996327159836794,-0.14853944767273577,-0.10843341740663641,-0.12827502750744119,-0.12243961720232631,-0.12294305337386917,-0.13966973232708962,0.37500012329031535,0.041884816753926704,0.050444804638246174,0.47908697817439283,0.0,79.63393612565446,0.04188784878719006,0.04897448714150412,0.49404361234627475,0.0
X - 15484,,,-0.04690275216382608,-0.033965607792427396,-0.04593055095311125,-0.03488259373312896,-0.055117783730758964,-0.0417055032860721,-0.04886001612396512,-0.04200629530203469,0.37500012329031535,0.12303664921465969,0.07735341438909987,0.7686898199282288,0.0,71.47303560209423,0.12304017874340305,0.07769293634865905,0.7769884588236914,0.0
X - 15494,,,0.03811692296913551,0.02256881337952311,0.021639506988348874,0.026507762419586082,0.024092927658120333,0.031227386798840955,0.03164311899816181,0.012360527224132915,0.37500012329031535,0.08115183246073299,0.12552188888073354,0.8374801869065434,0.0,63.5968492146597,0.081152329956213,0.12564239683538128,0.8430244857941278,0.0
X - 15520,,,-0.11408419687111937,-0.12457633175796148,-0.1226573955137992,-0.11911751859012171,-0.13621532656725854,-0.12392444388610281,-0.11761663067405975,-0.11607561971056687,0.37500012329031535,0.041884816753926704,0.05276490961591099,0.4783769579176128,0.0,78.46904712041882,0.04188784878719006,0.05273032471031309,0.49480970542174835,0.0
X - 15534,,,-0.10837644677319855,-0.10721589293500869,-0.12989986791689803,-0.10875483996149898,-0.13002742058278963,-0.11640114334213053,-0.1230404003681838,-0.13900838049092573,0.37500012329031535,0.041884816753926704,0.06061676888576517,0.4788583138552076,0.0,74.98930680628274,0.04188784878719006,0.058113330887524385,0.4951295713209558,0.0
X - 15546,,,-0.12577413678526606,-0.13644323376892853,-0.13545306834129686,-0.1368730176901447,-0.13470056585576293,-0.10653075416145319,-0.10652765393870432,-0.13645747278116005,0.37500012329031535,0.041884816753926704,0.06736151358594125,0.47917619944735623,0.0,67.85478638743459,0.04188784878719006,0.06646764369463777,0.4932706255052303,0.0
X - 15562,,,0.13151818571335258,0.11937218295184156,0.13186412304600814,0.1195227701549328,0.11773487735331878,0.12200681885052267,0.12860875566051524,0.13017971068139014,0.37500012329031535,0.18324607329842932,0.24511565444480415,0.6120355290657612,0.0,75.72142617801049,0.1832479422679353,0.24509716561064218,0.6311641232617745,0.0
X - 15563,,,0.13057628912626176,0.11879099966876397,0.13627836031254778,0.1189415868718552,0.11846083570182443,0.11929444496595086,0.12350663412075905,0.13317479057229267,0.37500012329031535,0.18324607329842932,0.24703695336036696,0.6119119667196429,0.0,63.24536649214656,0.1832479422679353,0.247009328075958,0.6306796410883503,0.0
X - 15564,,,-0.03518165076521647,-0.055235849755796235,-0.03294617971104728,-0.059172874226826926,-0.05608298988687243,-0.04801674720073417,-0.050231584491516226,-0.0594631917545374,0.37500012329031535,0.12303664921465969,0.16359414601602945,0.7840803464686774,0.0,65.53276858638745,0.12304017874340305,0.16453408635495573,0.7922869976437698,0.0
X - 15565,,,-0.12220013999605367,-0.11869623758821017,-0.13346988648120162,-0.12453155920918277,-0.15012075127043287,-0.1260542769131417,-0.10835352512629397,-0.14860118549275636,0.37500012329031535,0.041884816753926704,0.14116786965333167,0.4769511063533447,0.0,67.2122931937173,0.04188784878719006,0.13827652034696333,0.4920889129779164,0.0
X - 15572,,,-0.11147974974338364,-0.10924147952734782,-0.14119927225729303,-0.10938497137609161,-0.12900583439112825,-0.12363048276519836,-0.12353355580106262,-0.13497671155309554,0.37500012329031535,0.041884816753926704,0.11551053828833585,0.4793311722363821,0.0,81.35455811518328,0.04188784878719006,0.1116422626428424,0.49186211455893386,0.0
X - 15576,,,-0.11113926527980898,-0.10767289433476455,-0.13979830424944384,-0.10774230093923207,-0.1230438393211922,-0.10902253319406374,-0.12424398684504476,-0.13402414358475906,0.37500012329031535,0.041884816753926704,0.1282788535145643,0.47666641950587935,0.0,80.13014136125653,0.04188784878719006,0.11924436582424112,0.49315462647444214,0.0
X - 15577,,,-0.04290210597583905,-0.03490811922382697,-0.04716576115742683,-0.0354202691811686,-0.0383444261443446,-0.04124222235239971,-0.042194043814949914,-0.04706335546437898,0.37500012329031535,0.12303664921465969,0.1675298966574701,0.8046300617590141,0.0,64.59953507853405,0.12304017874340305,0.1697522330577578,0.8065987562025311,0.0
X - 15578,,,-0.10564671064353416,-0.11045859716073131,-0.1265947832288385,-0.11463670387761277,-0.1269492660657255,-0.11347431305138617,-0.12114948450717905,-0.13290223343556423,0.37500012329031535,0.041884816753926704,0.13955328609928208,0.4730467160402727,0.0,75.63462931937175,0.04188784878719006,0.13996811844001253,0.49400787912920135,0.0
X - 15579,,,-0.035587896230228934,-0.04289536235762247,-0.05196739632384774,-0.03827360839790066,-0.043389580080661266,-0.057842874007486146,-0.054784503295094024,-0.048140516592782866,0.37500012329031535,0.12303664921465969,0.1482816964213927,0.7857033668933419,0.0,57.40118848167539,0.12304017874340305,0.14960657925531315,0.7908869757217586,0.0
X - 15580,,,-0.04176653027572594,-0.037267799581190926,-0.041402758985325874,-0.03626782238539269,-0.03691569117023908,-0.04166604493696968,-0.041020837209080986,-0.04384080174868801,0.37500012329031535,0.12303664921465969,0.15334297995789578,0.8002234243579923,0.0,65.15928481675388,0.12304017874340305,0.15527317778376445,0.8032400860164642,0.0
X - 15581,,,-0.041444503499154205,-0.050001362527219775,-0.03672510650932535,-0.0518868349107975,-0.04644110936391245,-0.05427237431986065,-0.050622272642775315,-0.06252194981787682,0.37500012329031535,0.12303664921465969,0.172423456951065,0.7996765181815568,0.0,67.79289424083771,0.12304017874340305,0.17732399352547182,0.802848765145571,0.0
X - 15591,,,-0.03910762425171807,-0.05248071260537166,-0.05248453960659483,-0.06215757070459037,-0.047033638496150824,-0.041508415925671116,-0.040537803055550194,-0.04351530010814486,0.37500012329031535,0.12303664921465969,0.13770319548478333,0.7838676620561142,0.0,59.55980732984294,0.12304017874340305,0.13732493475144902,0.7892803652680668,0.0
X - 15592,,,-0.11448020532405445,-0.12523028355175442,-0.12098282994977386,-0.12525095093456184,-0.12823309238440833,-0.1178488473586689,-0.12262575057588124,-0.1316794168965716,0.37500012329031535,0.041884816753926704,0.07421347197007029,0.47803067469422456,0.0,71.8359780104712,0.04188784878719006,0.08374372811979058,0.49434752548390537,0.0
X - 15595,,,-0.03670263667165998,-0.06302016463108201,-0.027362706418548682,-0.05731118999688399,-0.04063479525733343,-0.04586286476368438,-0.0441363756393226,-0.03980508924294055,0.37500012329031535,0.12303664921465969,0.1658438502617119,0.7863389414641129,0.0,69.11322094240839,0.12304017874340305,0.16656647934003582,0.7936564898417634,0.0
X - 15601,,,-0.11197934563900527,-0.10764821959525134,-0.1355033031240966,-0.10774520983267839,-0.12306750063193121,-0.11153451367813469,-0.12312456641545641,-0.13504958839017175,0.37500012329031535,0.041884816753926704,0.11367329267127077,0.47694920315567224,0.0,73.8964596858639,0.04188784878719006,0.10542038814271991,0.49309054878901143,0.0
X - 15606,,,-0.032383125664997015,-0.05869340564501011,-0.043154954532655526,-0.053971724431127834,-0.03841139259114491,-0.04837408451091767,-0.04465212343328841,-0.060487686056584375,0.37500012329031535,0.12303664921465969,0.24627776882376862,0.7681348503743168,0.0,58.45430157068061,0.12304017874340305,0.2479921387957725,0.7767220499385176,0.0
X - 15609,,,-0.03630368895738037,-0.04405358301669612,-0.03748178362101202,-0.040685311673479226,-0.035469339841296764,-0.041101773713089984,-0.03554183744430224,-0.04732791666639703,0.37500012329031535,0.12303664921465969,0.1315241531821193,0.7846726670594814,0.0,69.97365340314133,0.12304017874340305,0.13487576842280743,0.7912716414639935,0.0
X - 15612,,,-0.10760789155303431,-0.10919664595283247,-0.13770322259056125,-0.1093948982292511,-0.13105810727858141,-0.11096125248971239,-0.126820391957981,-0.13132675416051062,0.37500012329031535,0.041884816753926704,0.27575444929861065,0.46122673069599884,0.0,75.57062094240834,0.04188784878719006,0.28215972058552335,0.4817999341225192,0.0
X - 15624,,,-0.10815117058725944,-0.10623150711924323,-0.14166893107445433,-0.111843230441181,-0.12870551775482528,-0.11334910405520585,-0.1226447319396792,-0.1331360799896988,0.37500012329031535,0.041884816753926704,0.07123089754505565,0.4770171439143265,0.0,72.9745780104712,0.04188784878719006,0.07101154756448434,0.4926605871028114,0.0
X - 15664,,,-0.12281348406440334,-0.11402496155165984,-0.12977610106072468,-0.11131214379714885,-0.1304031621973253,-0.11334832399915938,-0.1136246238511138,-0.13101872029670505,0.37500012329031535,0.041884816753926704,0.07424881782791401,0.4777234131886159,0.0,77.33326073298429,0.04188784878719006,0.07130119746307355,0.49373847209694327,0.0
X - 15666,,,0.12559666905449393,0.13112494513264272,0.1283084157365256,0.13117137110638927,0.12847869511232876,0.11561548443243101,0.13097976874709502,0.12455081793188646,0.37500012329031535,0.18324607329842932,0.14404436012473515,0.6283229101964766,0.0,61.627623036649254,0.1832479422679353,0.14550268354349316,0.645290449768901,0.0
X - 15678,,,0.07791033190809013,0.07769443938706312,0.10131782247010958,0.07722460003557645,0.07037856556174509,0.07224456936078062,0.059459672474460074,0.09052017563640055,0.37500012329031535,0.22513089005235604,0.39830834519492786,0.6065642304569097,0.0,66.64251623036651,0.22513579105512538,0.40263243863331416,0.6317030532264218,0.0
X - 15680,,,0.07852770774303827,0.0747903155201234,0.07661609706340809,0.07358235326413218,0.07528852685854007,0.06244387025712175,0.06979699054137561,0.08636430941302793,0.37500012329031535,0.22513089005235604,0.3602058872219447,0.6069121310369705,0.0,71.5770345549738,0.22513579105512538,0.3641897208971412,0.6344880534094418,0.0
X - 15689,,,-0.1117460688782304,-0.1125052376322099,-0.13946449775794098,-0.11375443446115178,-0.13086830716443795,-0.12713329443980922,-0.11340326794684424,-0.11840331025502225,0.37500012329031535,0.041884816753926704,0.06943347105582234,0.47698552139573314,0.0,77.91252146596861,0.04188784878719006,0.07712274618139481,0.49239230205644563,0.0
X - 15691,,,-0.12849323215039885,-0.13077760437962882,-0.14592024977997564,-0.1315830627355771,-0.1266860066822415,-0.10906001588716946,-0.10616576793744391,-0.1345981305812712,0.37500012329031535,0.041884816753926704,0.15037582376506403,0.47519220931703043,0.0,79.27792879581153,0.04188784878719006,0.14846971266319775,0.4912376869433837,0.0
X - 15807,,,-0.05071410167094239,-0.044221776683151755,-0.044457775091913725,-0.04344811497556037,-0.05697200834561928,-0.037358484447981226,-0.0345373086683867,-0.04358722343271994,0.37500012329031535,0.12303664921465969,0.07943838635170453,0.7702199318198173,0.0,70.55867120418846,0.12304017874340305,0.07856936461156416,0.7767587461794303,0.0
X - 15808,,,-0.04297373694596466,-0.04780659554954874,-0.03990614637365262,-0.05413145009805157,-0.04771652130488664,-0.04927105862776243,-0.04138782871010215,-0.051511885984608985,0.37500012329031535,0.12303664921465969,0.12260698803889081,0.7791616774884248,0.0,62.3317403141361,0.12304017874340305,0.12471347017395279,0.7846843089199581,0.0
X - 15842,,,-0.12461373341108135,-0.11682376456909112,-0.13499622303395112,-0.1147561109022975,-0.1287244468034165,-0.12173670669868984,-0.1174503587275347,-0.13131546953538892,0.37500012329031535,0.041884816753926704,0.1542941468979605,0.4692466123168434,0.0,76.96610261780108,0.04188784878719006,0.15731622843096305,0.4881620691436162,0.0
X - 15863,,,0.13662690876596842,0.13591217531760835,0.1391520051383934,0.1353550839548094,0.12878440136011576,0.12822915857703046,0.13211918582904386,0.1300454320114272,0.37500012329031535,0.18324607329842932,0.1199919227174283,0.6325495655591775,0.0,69.09826282722514,0.1832479422679353,0.12081000910388291,0.6488524063163655,0.0
X - 16065,,,-0.1115502748105612,-0.11537234879084927,-0.13529544760975845,-0.11379318580391574,-0.12597449286731088,-0.11107382057765212,-0.12299281694934786,-0.14173809490584532,0.37500012329031535,0.041884816753926704,0.08130204422493544,0.47669085174378556,0.0,79.6739068062827,0.04188784878719006,0.09202040075031444,0.49484189742695994,0.0
X - 16094,,,-0.11035708908098678,-0.10763674675676374,-0.14881428289747364,-0.10722101909688611,-0.12801307859655195,-0.11273716008745245,-0.1224042146586779,-0.14088039059256405,0.37500012329031535,0.041884816753926704,0.0445848419472125,0.47984646929489483,0.0,71.81685235602095,0.04188784878719006,0.04744404466279206,0.49459971529857844,0.0
X - 16103,,,-0.047248968519433165,-0.03601338147549812,-0.03526356866759269,-0.0448261148477359,-0.03640322533343142,-0.049461232962345655,-0.03852311890183613,-0.0380727698035509,0.37500012329031535,0.12303664921465969,0.06010833323253283,0.7588438814321324,0.0,63.32298848167538,0.12304017874340305,0.06013028920834448,0.7594577531149683,0.0
X - 16182,,,-0.052320280100767926,-0.05149971247595624,-0.0450914050023679,-0.058540337745293665,-0.044179290894969483,-0.058944137054235964,-0.056496012193075054,-0.03635632938193483,0.37500012329031535,0.12303664921465969,0.10070042448268277,0.7838485784275697,0.0,64.07552460732984,0.12304017874340305,0.10150453376306455,0.7889147025107096,0.0
X - 16186,,,-0.11414354113496392,-0.12487674111750902,-0.13137546005861647,-0.12054212372806808,-0.13712770670935523,-0.12006750676782227,-0.11469336063911734,-0.1322123424184474,0.37500012329031535,0.041884816753926704,0.06771251460874479,0.47651065653403196,0.0,76.17019685863877,0.04188784878719006,0.07002232921066082,0.4912742242071498,0.0
X - 16209,,,-0.1075694287895112,-0.10766111636759379,-0.13828536363877425,-0.11325054495374716,-0.13263001915601594,-0.11263617283158754,-0.12089654633374518,-0.13770249455023084,0.37500012329031535,0.041884816753926704,0.06925338537757128,0.47672761745961234,0.0,76.93532460732979,0.04188784878719006,0.07023078565047486,0.49427607395785705,0.0
X - 16252,,,-0.05361712767621921,-0.044307574405812095,-0.044508789625679064,-0.04076426939077879,-0.045907601094982486,-0.05139802234341054,-0.05132175062899684,-0.06345866607599558,0.37500012329031535,0.12303664921465969,0.10642981710441812,0.7793007719781448,0.0,63.66179162303666,0.12304017874340305,0.1082859168045095,0.7873006546946643,0.0
X - 16253,,,-0.11498710174421381,-0.12074755669949755,-0.12271876931365458,-0.12293063037618236,-0.13601001919407688,-0.1204358532332626,-0.12320229199998625,-0.14408566095132147,0.37500012329031535,0.041884816753926704,0.073131532988773,0.4760499241923277,0.0,75.57496649214656,0.04188784878719006,0.07376096365127251,0.4917002542409983,0.0
X - 16292,,,-0.10946118471087368,-0.12193265616305929,-0.14864552314887963,-0.11944925449447577,-0.13561141711316566,-0.1155032188268714,-0.1128439877629475,-0.14511780372777414,0.37500012329031535,0.041884816753926704,0.03929340362566179,0.4777475814790084,0.0,74.61660418848166,0.04188784878719006,0.03898178543267095,0.4929689154335685,0.0
X - 16335,,,-0.11807566365526392,-0.12228333038768277,-0.14069932696238574,-0.12372414802966215,-0.1476667457286476,-0.12418324248060394,-0.11098339408057045,-0.1266231768017253,0.37500012329031535,0.041884816753926704,0.0941148696420701,0.4757935206302314,0.0,74.29748272251305,0.04188784878719006,0.08691037794442025,0.49164893246035374,0.0
X - 16336,,,-0.12463961527067516,-0.13169117999898414,-0.12789346157026207,-0.13113167570359177,-0.14711270703718932,-0.11239907579632855,-0.11191080071409953,-0.1316559739979317,0.37500012329031535,0.041884816753926704,0.08227485203036444,0.4773698088029108,0.0,70.65983036649219,0.04188784878719006,0.08234343062344042,0.4923808410985367,0.0
X - 16368,,,-0.12878063279993796,-0.12605354108088823,-0.12945976753715224,-0.12696884576278156,-0.11717321331272529,-0.10926801083146324,-0.10591550995658001,-0.11784948997566304,0.37500012329031535,0.041884816753926704,0.08259326970611258,0.48156883635211684,0.0,77.71911308900522,0.04188784878719006,0.07886577544974059,0.4950152039784981,0.0
X - 16379,,,-0.04054719274800875,-0.04656017162418876,-0.051089044871684815,-0.05771270924585051,-0.053780714547855976,-0.04154627526184526,-0.04450382400118042,-0.05988004330681706,0.37500012329031535,0.12303664921465969,0.13460187819011488,0.7934507906005307,0.0,64.31878219895287,0.12304017874340305,0.1362793445689867,0.7992441431050752,0.0
X - 16468,,,-0.12743365602058232,-0.13828979119188942,-0.1293522359803475,-0.1324223090077096,-0.1331841306515073,-0.11416872294425962,-0.11308278492035911,-0.1261098355647381,0.37500012329031535,0.041884816753926704,0.10619565381489712,0.4774400003636905,0.0,77.59884816753929,0.04188784878719006,0.10223485735572273,0.49270659380328885,0.0
X - 16475,,,-0.11053854211826279,-0.11918013099591038,-0.13138084755706167,-0.11732968826771699,-0.12722599419532252,-0.12652541076378498,-0.1251362109507334,-0.1417390413582749,0.37500012329031535,0.041884816753926704,0.0917945922391081,0.4781509418711518,0.0,76.88376439790582,0.04188784878719006,0.0914401176297391,0.4921468578339923,0.0
X - 16581,,,0.152903049755995,0.16106318494699717,0.1464696490336028,0.16079365214340754,0.17390959431105837,0.15589218247785305,0.1433387496616118,0.16506276886780488,0.37500012329031535,0.18324607329842932,0.16625832186931083,0.6278569744564013,0.0,57.96483246073299,0.1832479422679353,0.16628957278728176,0.6476567405947103,0.0
X - 16619,,,0.12694812188434684,0.11907749131459106,0.1371045678746633,0.11905306407867802,0.1269251168116111,0.12224614892682499,0.12627280932573115,0.12332514783838588,0.37500012329031535,0.18324607329842932,0.12369574221889854,0.6307167372501725,0.0,69.70762198952883,0.1832479422679353,0.12374177706557028,0.648731267201872,0.0
X - 16626,,,-0.1118388755463257,-0.11175191559726114,-0.12002378242249652,-0.11310219138798469,-0.1303037846922214,-0.1242467870462373,-0.11243093808561215,-0.12615635734185268,0.37500012329031535,0.041884816753926704,0.04355712903607696,0.47805697983282136,0.0,81.25220523560208,0.04188784878719006,0.042169493909459045,0.4938180108916789,0.0
X - 16693,,,-0.12164412004640252,-0.11808154568498651,-0.13529391872506452,-0.11574958955282169,-0.13539999420120838,-0.11077609918657486,-0.11318379217766111,-0.14917961353528414,0.37500012329031535,0.041884816753926704,0.057327534370856414,0.47908468159061074,0.0,81.16846282722517,0.04188784878719006,0.054598197198354036,0.4938618812925648,0.0
X - 16932,,,-0.1225883478885239,-0.12226978267414954,-0.14610051256579049,-0.11977850868553998,-0.12853166172391825,-0.1137378319850404,-0.1155342610572343,-0.13734473553185683,0.37500012329031535,0.041884816753926704,0.08780321559937473,0.475852455359443,0.0,72.95273507853402,0.04188784878719006,0.0852167264898324,0.49055170193642716,0.0
X - 16964,,,-0.11306212343584564,-0.10594041435548884,-0.13044749985344858,-0.10617603472464099,-0.12814077687050962,-0.11694540244677307,-0.126802290657415,-0.13364607224116604,0.37500012329031535,0.041884816753926704,0.05074007949253402,0.478688209320129,0.0,81.6359979057592,0.04188784878719006,0.048839295427250164,0.4941512547937541,0.0
X - 16965,,,-0.12466321696644078,-0.11669672932732689,-0.12420397158773469,-0.11468399882350575,-0.12944578916280797,-0.1216090975300588,-0.11641390425899363,-0.12627531913184517,0.37500012329031535,0.041884816753926704,0.1212085910522977,0.47256298503672256,0.0,74.43757591623037,0.04188784878719006,0.1282984698079663,0.49127427894669423,0.0
X - 17010,,,0.13525219923026138,0.13586942765476054,0.13669837870843035,0.13611547820286135,0.14786865698793558,0.1400288883929621,0.14226460074808858,0.13045087941883252,0.37500012329031535,0.18324607329842932,0.13320926687308843,0.6301266362064306,0.0,64.95994136125648,0.1832479422679353,0.1331477928116944,0.6489545549527301,0.0
X - 17080,,,-0.10951820880801585,-0.11629884152445921,-0.14586943256491156,-0.1243232783700436,-0.14420782611876787,-0.11266047457765128,-0.12644944530571905,-0.12954174487835882,0.37500012329031535,0.041884816753926704,0.06328970259778388,0.4774061143395205,0.0,66.17278534031415,0.04188784878719006,0.06433299097783961,0.4924785967501443,0.0
X - 17092,,,0.0926029792739576,0.07549066551426191,0.06761225923237778,0.07421235614819877,0.07101549692638402,0.06802656219612016,0.08493770979688334,0.08421630181804934,0.37500012329031535,0.22513089005235604,0.3979012648042327,0.6055790263779026,0.0,70.0312586387434,0.22513579105512538,0.4019797072506754,0.6325233950509564,0.0
X - 17101,,,-0.1164174245119214,-0.12415285382953106,-0.13761563933881035,-0.12620268798122697,-0.13187023626717767,-0.12683425295388404,-0.12060772558217271,-0.1418200722470519,0.37500012329031535,0.041884816753926704,0.07594509007758757,0.4760292903783312,0.0,75.70427329842931,0.04188784878719006,0.07620474328002748,0.4919585043111188,0.0
X - 17115,,,-0.051043137654560644,-0.054212412435039464,-0.04213500403523542,-0.04755230043017696,-0.06339996109215322,-0.05386615290015538,-0.05408278909530363,-0.043122746976329764,0.37500012329031535,0.12303664921465969,0.18767793115407555,0.8136315335047686,0.0,59.63819581151833,0.12304017874340305,0.19055709402184604,0.81332159675511,0.0
X - 17137,,,-0.043467675646307116,-0.04665542143240982,-0.035624060033604805,-0.049371353081414826,-0.043112590236575585,-0.047131819782792704,-0.0414649420102676,-0.038903593545285144,0.37500012329031535,0.12303664921465969,0.23763195596269643,0.8069883115114718,0.0,75.8424492146597,0.12304017874340305,0.2387116887804571,0.8097660332748008,0.0
X - 17246,,,-0.1185222157397242,-0.12517021388499225,-0.14774464604400378,-0.12182940061667091,-0.12503750496204563,-0.11466119832827741,-0.11652235205089294,-0.1369607670615873,0.37500012329031535,0.041884816753926704,0.0432399403412729,0.47754710288977886,0.0,76.85369005235603,0.04188784878719006,0.040140308908122646,0.4925426204104444,0.0
X - 17254,,,-0.11149933115029426,-0.1123737068278468,-0.13819494102973467,-0.11363700060195164,-0.13516090575669473,-0.12549005637428381,-0.11185221650486439,-0.1352613025182612,0.37500012329031535,0.041884816753926704,0.24892803467824465,0.4644075406975954,0.0,80.88181884816754,0.04188784878719006,0.24502499827522495,0.4821429233896633,0.0
X - 17299,,,-0.11958691223743563,-0.1303912707828976,-0.13511962586995926,-0.1298023317405344,-0.15082869768774437,-0.12564894779052285,-0.12058496394676486,-0.14218795102601892,0.37500012329031535,0.041884816753926704,0.04951698038824648,0.4780213311864767,0.0,74.31384816753928,0.04188784878719006,0.04791946876980264,0.4936535443746708,0.0
X - 17306,,,-0.12135483926177702,-0.12883047654269159,-0.12050792924223343,-0.13172102158419924,-0.14250297407699658,-0.12516851327163295,-0.11799529788103828,-0.13105912653504403,0.37500012329031535,0.041884816753926704,0.08818164653293499,0.47660192826879755,0.0,78.11362198952881,0.04188784878719006,0.08788137270201118,0.4912728946335856,0.0
X - 17327,,,-0.11301944036909664,-0.11043774670071395,-0.135822840025123,-0.10917247976112456,-0.11505934821331762,-0.10670154643276047,-0.12110114103373373,-0.13756518614391147,0.37500012329031535,0.041884816753926704,0.054102251488213,0.4804641626408179,0.0,77.60054136125655,0.04188784878719006,0.05374633183280891,0.49611521482244453,0.0
X - 17553,,,-0.10514409453091199,-0.11108624686203405,-0.1248769720691855,-0.11521650940139276,-0.1235286413772265,-0.11680503236127893,-0.12358683962946908,-0.13414339659088376,0.37500012329031535,0.041884816753926704,0.11349606939851342,0.47525095609323664,0.0,75.31682617801047,0.04188784878719006,0.10799249819169011,0.4936351811672013,0.0
X - 18111,,,-0.10746600135832136,-0.10745031313134032,-0.12195927764094848,-0.11312251295828452,-0.13264283266583152,-0.11478178699249002,-0.11985729166401159,-0.12243177581539849,0.37500012329031535,0.041884816753926704,0.04665370697817241,0.47884801286250245,0.0,81.06225863874346,0.04188784878719006,0.04590009687684,0.4953550519147171,0.0
X - 18113,,,-0.10934177613144934,-0.10474089247616876,-0.12679521273180624,-0.11037415788313908,-0.1280209414321206,-0.11123925246381941,-0.1226439318821956,-0.12315115246589779,0.37500012329031535,0.041884816753926704,0.044062331857908366,0.4788045268332449,0.0,72.827452356021,0.04188784878719006,0.04379610625090762,0.4951835687329241,0.0
X - 18162,,,-0.04968947101821415,-0.04618709367637601,-0.049741405875879746,-0.05061687796521761,-0.05168472064937335,-0.047550208127937234,-0.04136529825726306,-0.042064502168257516,0.37500012329031535,0.12303664921465969,0.18077186421416297,0.8026607952685445,0.0,68.81222303664924,0.12304017874340305,0.1831682726030094,0.8077456200076947,0.0
X - 18165,,,0.07930059217967364,0.07288870334605559,0.0787908807740414,0.07356285946848008,0.06927364245405282,0.07509871134153544,0.07727823256479892,0.08645738772588706,0.37500012329031535,0.30628272251308897,0.5632507797886559,0.5584362396743274,0.0,66.54326910994766,0.3062881210113384,0.564540336388528,0.6079580061673925,0.0
X - 18179,,,-0.12245127804014949,-0.13819103120809992,-0.12674599720546906,-0.13669488356490378,-0.13971261390255205,-0.11467899960728706,-0.10931189398443761,-0.1293000354886556,0.37500012329031535,0.041884816753926704,0.10207067132232286,0.47755904541720706,0.0,75.32973403141364,0.04188784878719006,0.09820093520270577,0.49250304082879687,0.0
X - 18307,,,-0.04099234352005822,-0.040968886389510795,-0.040014978998913354,-0.04507162608810975,-0.04660903574774298,-0.05014389125618622,-0.04372462379896312,-0.023830007664048157,0.37500012329031535,0.12303664921465969,0.1309125942285123,0.7831019983316901,0.0,67.5016031413613,0.12304017874340305,0.13307032782645975,0.7865176406975135,0.0
X - 18309,,,-0.10755062743864706,-0.1073842629423878,-0.11765808817279262,-0.11317910415805843,-0.132527219861359,-0.11676494948135153,-0.12150665016928636,-0.11801824972425705,0.37500012329031535,0.041884816753926704,0.13430296202508457,0.4759877245693511,0.0,68.49362513089008,0.04188784878719006,0.13064439240871947,0.49741640247912394,0.0
X - 18330,,,-0.12976040319576737,-0.1369319685517352,-0.135671043616228,-0.13808230368732652,-0.1458098060618492,-0.11166138279359343,-0.1127885437793354,-0.14358542444028205,0.37500012329031535,0.041884816753926704,0.06914993589762597,0.4785342903049582,0.0,77.34420104712038,0.04188784878719006,0.06941272007145875,0.49293054165971656,0.0
X - 18331,,,-0.12719581893215098,-0.126838230344468,-0.1522092805663415,-0.12966730212727082,-0.1369290245031805,-0.12061298596012726,-0.10522718050058179,-0.1365954364237768,0.37500012329031535,0.041884816753926704,0.09292651763107129,0.47990700365527605,0.0,75.88956649214663,0.04188784878719006,0.09540344459991451,0.49377341669180336,0.0
X - 18332,,,-0.12921230381520366,-0.13934012548704636,-0.12036559735763408,-0.13566867477763037,-0.13343785270666264,-0.10987839468712367,-0.10665942340624998,-0.13624728753776452,0.37500012329031535,0.041884816753926704,0.1073653492721093,0.4780387577582125,0.0,74.32743246073298,0.04188784878719006,0.10334180318462409,0.4930090732859728,0.0
X - 18333,,,-0.12817872955360346,-0.13885185856822055,-0.1216830591395828,-0.13514027326601022,-0.1323203107994504,-0.10852357734442894,-0.10741301755147127,-0.1330969114199216,0.37500012329031535,0.041884816753926704,0.11688073766979844,0.4784832381612102,0.0,70.93857172774868,0.04188784878719006,0.12035878701387297,0.4927606485805065,0.0
X - 18341,,,-0.044027883213271335,-0.048420968961784744,-0.05349439411031191,-0.05477040136258747,-0.05436472708372152,-0.040892074589066685,-0.03804829622071147,-0.053958299553821164,0.37500012329031535,0.12303664921465969,0.15357123565864833,0.7939165833018886,0.0,63.30025968586392,0.12304017874340305,0.15455168391476445,0.7987256358556775,0.0
X - 18513,,,0.03861931654528273,0.02319896258341464,0.02253684760254436,0.029562509259933225,0.01277116451301379,0.021373731415104548,0.018348692399304915,0.013403918120218565,0.37500012329031535,0.08115183246073299,0.19183360239636427,0.8277896093201953,0.0,72.1740136125654,0.081152329956213,0.1930901247361968,0.8300256133762222,0.0
X - 18554,,,-0.03900335177707904,-0.032401457721072925,-0.04282076620679629,-0.03770209739936413,-0.03651870357668921,-0.05308884025455266,-0.04897646754669703,-0.05502023772180401,0.37500012329031535,0.12303664921465969,0.1702275248701436,0.8049294336328725,0.0,69.63126492146593,0.12304017874340305,0.17384520467426645,0.808163242578351,0.0
X - 18772,,,-0.12015155280647237,-0.11077995868985724,-0.12922555696285246,-0.10960203992130636,-0.13513644360159222,-0.11654853393204312,-0.11655053407575205,-0.11728656919217346,0.37500012329031535,0.041884816753926704,0.04695385358828396,0.47778935689573154,0.0,76.55426806282723,0.04188784878719006,0.048946032332930565,0.49362492209751485,0.0
X - 18798,,,-0.10982349074231297,-0.1072128823320013,-0.14911991422818874,-0.10686182161104578,-0.12836967275039726,-0.11401023155676236,-0.12322439358797015,-0.14540035618001457,0.37500012329031535,0.041884816753926704,0.09360775126703039,0.4774680997076291,0.0,78.58623874345548,0.04188784878719006,0.09333192881723706,0.4933342134758519,0.0
X - 18800,,,-0.1262139483854272,-0.13524129120205525,-0.12031368808207431,-0.13879545044565653,-0.14332762535927626,-0.10625903463859226,-0.10634640091579921,-0.13132427882338715,0.37500012329031535,0.041884816753926704,0.060561720963652865,0.47801463703428404,0.0,79.30960628272248,0.04188784878719006,0.060300347307317155,0.4931878546455219,0.0
X - 18808,,,-0.11012155215782077,-0.11183765675723491,-0.12823891670705176,-0.11608380717046565,-0.12652634743777794,-0.10945620435303839,-0.12066030936028103,-0.14388406658382502,0.37500012329031535,0.041884816753926704,0.06488174849698447,0.47762031303581287,0.0,75.13400837696344,0.04188784878719006,0.06451458043830653,0.49439295919901555,0.0
X - 18843,,,-0.12709001132994754,-0.12592856037225741,-0.115470035763714,-0.12231313128907341,-0.11593343343403362,-0.11350325513085469,-0.11221786277629764,-0.12719599893370875,0.37500012329031535,0.041884816753926704,0.08594508176030281,0.47861013114850204,0.0,77.6136230366492,0.04188784878719006,0.08753132213587085,0.4931062390843503,0.0
X - 18883 - retired - probable ammonia adduct from octaethylene glycol,,,-0.10732025088625013,-0.10767376903698968,-0.1341310199052664,-0.11337623762930539,-0.13267785140572527,-0.11224384464307689,-0.12072085371035098,-0.12677475479852113,0.37500012329031535,0.041884816753926704,0.07659912401151599,0.47748362692898905,0.0,77.17667643979058,0.04188784878719006,0.07778201630333571,0.4950485738529394,0.0
X - 18889,,,-0.12681683170217908,-0.1384373310811634,-0.12127834151989597,-0.13901363779604295,-0.1416917915408299,-0.12033932629786864,-0.10331534313638144,-0.11855598031231371,0.37500012329031535,0.041884816753926704,0.0704956322204411,0.4775290827933083,0.0,72.35909528795811,0.04188784878719006,0.07460871262081757,0.49217109587475577,0.0
X - 19823,,,0.13757930317167388,0.1312615506898869,0.1265864683430129,0.13115033767113968,0.12634362869613855,0.12391542321523781,0.1264313667630385,0.136754163036701,0.37500012329031535,0.18324607329842932,0.1661475196882643,0.6215285269701115,0.0,67.92475287958115,0.1832479422679353,0.16667188668425711,0.6441578211721929,0.0
X - 21431,,,0.13361169300247538,0.1293184677160183,0.12693442436073601,0.12951680183323408,0.12333331734656978,0.12675528503164002,0.12851122688796224,0.11727158291843717,0.37500012329031535,0.18324607329842932,0.21816713637868618,0.614225086639176,0.0,66.941245026178,0.1832479422679353,0.2179406661444867,0.637430936805858,0.0
X - 21444,,,0.13021625432400316,0.122542419536866,0.13028982630351565,0.12257332954171105,0.12705370527686882,0.13305250246822836,0.1294134740216698,0.11523189855861794,0.37500012329031535,0.18324607329842932,0.14415322992437574,0.6298007951585047,0.0,63.600510994764406,0.1832479422679353,0.14531117116840395,0.6483634748271074,0.0
X - 21664,,,0.13601383615887022,0.12946902443587005,0.13370887725035488,0.1298924772767354,0.1284633315596247,0.12901716118085238,0.13633985399119466,0.13910531497657122,0.37500012329031535,0.18324607329842932,0.20308435418545706,0.6204989991547234,0.0,59.44605549738222,0.1832479422679353,0.20313964779221094,0.6367763674388689,0.0
X - 21755,,,0.13187371856647445,0.1320415761441718,0.13454271578342328,0.13193336064397465,0.1387560989849491,0.1288019357111384,0.13623814627930844,0.13330281001707991,0.37500012329031535,0.18324607329842932,0.2142590117850048,0.61853164372377,0.0,71.26415497382197,0.1832479422679353,0.21419819938774876,0.6351011198019957,0.0
X - 21892,,,0.12271376618177147,0.11292199044178058,0.15289948890076285,0.11317712499525007,0.11963983595566251,0.12278735185263795,0.12112607205686249,0.14483018928615587,0.37500012329031535,0.18324607329842932,0.15450503818605482,0.6234310651771104,0.0,67.70282303664919,0.1832479422679353,0.154375323198333,0.6436731754584878,0.0
X - 22145,,,0.12787885444510316,0.12231203737386413,0.15058232577292635,0.12230916178827202,0.12829033917550675,0.1305358927127079,0.11954613016723815,0.12570313519008908,0.37500012329031535,0.18324607329842932,0.13548555790232397,0.6294848537201414,0.0,65.81968376963354,0.1832479422679353,0.13571897635126748,0.6483339656312831,0.0
X - 23379,,,0.14562309518028213,0.1515171247951928,0.1627356275595746,0.15129800110864333,0.1630779746612312,0.14940045257520204,0.1546547319205332,0.14562783405286728,0.37500012329031535,0.18324607329842932,0.19651065178929567,0.6317108848608182,0.0,74.47422513089006,0.1832479422679353,0.19657279967772126,0.6489065073616543,0.0
X - 3094,,,0.03128642704977496,0.0011253609012404366,0.03578123839840622,0.0037830158100755867,0.006465996801820891,0.026859175310108785,0.019760208364744847,0.028109810971726223,0.37500012329031535,0.07984293193717278,0.043834872487022725,0.43908319871494306,0.0,73.70296649214664,0.07984642448990074,0.04455516877748889,0.48285670017849364,0.0
X - 4015,,,0.023248233735721196,0.0313356382929939,0.01973640963842017,0.024684542580639162,0.041050911406570786,0.01961421538210569,0.022021311036203115,0.030424940507931125,0.37500012329031535,0.07984293193717278,0.1065924110773647,0.43690970696697695,0.0,81.0750607329843,0.07984642448990074,0.10720870416576415,0.48053230502567645,0.0
X - 4051,,,0.021284628119224533,0.001443953345492362,0.03969157386790621,0.0017365451267450389,0.005330033261354027,0.02760080221255523,0.022967735266088793,0.03935365323762326,0.37500012329031535,0.07984293193717278,0.0926193144193175,0.4374881274368878,0.0,76.54965549738218,0.07984642448990074,0.09227496260058847,0.48114242979550403,0.0
X - 4357,,,0.018798181498367955,0.03197547750750049,0.020424408005374328,0.029247651604614917,0.029442986534761555,0.03139212655085105,0.028857606941886403,0.0224507292747393,0.37500012329031535,0.07984293193717278,0.11308078919430403,0.4367014037704918,0.0,78.40811308900527,0.07984642448990074,0.11405890381147961,0.4798221395444389,0.0
X - 4507,,,0.01796192089761318,0.027724449763438443,0.014738900366636337,0.024192465735213463,0.024044454064795297,0.024903625481697982,0.03551562854805215,0.00989808431772163,0.37500012329031535,0.07984293193717278,0.06860704846156691,0.43846351978938164,0.0,76.28726178010479,0.07984642448990074,0.06870701656759616,0.48215004092153085,0.0
X - 4523,,,0.02955819876494961,0.01663952976766146,0.030747492444010344,0.014676032435289593,0.022700749186456266,0.015604046981188417,0.015035270535378592,0.025413558349967204,0.37500012329031535,0.07984293193717278,0.05493354301687391,0.43889641131491575,0.0,79.52497382198953,0.07984642448990074,0.054835252756662047,0.4825675957978332,0.0
X - 5228,,,0.027509251234597444,0.0114593119452247,0.02294650164587048,0.011540569516391557,0.014397401528924271,0.013573203162328858,0.014476382060504488,0.012548318845576736,0.37500012329031535,0.07984293193717278,0.05547453801427357,0.43883154567501836,0.0,74.35059267015713,0.07984642448990074,0.056673062437783965,0.4824981526587931,0.0
X - 5229,,,0.020219315579970552,0.012684569358789378,0.02348288080540827,0.013012899219979543,0.014051928534600367,0.024626107944480023,0.02231129032502683,0.03733149676706922,0.37500012329031535,0.07984293193717278,0.08462192346621289,0.437850990824745,0.0,71.62338429319368,0.07984642448990074,0.08465177623168556,0.4814944486655777,0.0
X - 5907,,,0.02636390429529905,0.033814544143003424,0.03362352065951318,0.030345721341816102,0.029591496807854268,0.022249199684004,0.02528364347057166,0.02936576177934472,0.37500012329031535,0.07984293193717278,0.060226876550490624,0.4387997205577741,0.0,78.10094764397901,0.07984642448990074,0.060204842530125265,0.48239554392227196,0.0
X - 6227,,,0.024860423773389127,0.029531341861648453,0.025258918196934453,0.0288278574822142,0.021833136538388295,0.01917151056572629,0.026373588690362566,0.014357733286728578,0.37500012329031535,0.07984293193717278,0.08027656028110003,0.4380872079112005,0.0,82.44508062827225,0.07984642448990074,0.08276670374366348,0.48150495301643276,0.0
X - 6650,,,0.02828019306264155,0.010154542069854089,0.03514917151970876,0.00577412693174671,0.018305727922941526,0.023454572423335703,0.025507969540608938,0.03069937728591642,0.37500012329031535,0.07984293193717278,0.0802581636211931,0.43807084354972364,0.0,78.58003455497376,0.07984642448990074,0.08086203453846413,0.4817270495486174,0.0
X - 8791,,,0.02239648682754504,0.008617423348143891,0.03936362529111423,0.010026005233312402,0.01489893716038185,0.014757971115166567,0.023946426271719123,0.04021965275939122,0.37500012329031535,0.07984293193717278,0.11584018340513907,0.43620635829490606,0.0,75.65385654450266,0.07984642448990074,0.11652092095793937,0.4798785558844429,0.0
X - 8889,,,0.02158251778479682,0.0177313083122926,0.021453362613012363,0.01625013574362365,0.02169544887629019,0.030061249286304353,0.021017274834483145,0.017173547896887412,0.37500012329031535,0.07984293193717278,0.09455820825388704,0.4373989947922505,0.0,80.08657486910997,0.07984642448990074,0.09576498659406306,0.4810067201394843,0.0
X - 8988,,,0.0278588200894426,0.021340707738133503,0.024692564217785574,0.022579882032231897,0.022319552776979418,0.03214528457234459,0.02764872978932601,0.03224071946557573,0.37500012329031535,0.07984293193717278,0.08434458190062377,0.43789661575111094,0.0,72.23558952879583,0.07984642448990074,0.08541242364910934,0.4814154928405294,0.0
X - 8994,,,0.03275259502253627,0.02281504651720423,0.032700695097631245,0.024339098915884348,0.02619994275643741,0.015022168973888764,0.010932998593421834,0.028879712160367242,0.37500012329031535,0.07984293193717278,0.10198100764895374,0.4371067875676786,0.0,80.57610785340313,0.07984642448990074,0.10270553243144132,0.48046054463095894,0.0
X- 11593,,,0.03268400784290039,0.01907038679261701,0.013961565973775498,0.02152447675039075,0.020035485542174367,0.03435573841172295,0.029326954461337432,0.01736751441845268,0.37500012329031535,0.08115183246073299,0.054341604941886903,0.848353306891056,0.0,62.46947329842932,0.081152329956213,0.05621511510512293,0.8467940452547209,0.0
X- 12524,,,0.03589206599017947,0.024977420852619763,0.029868737620457473,0.019676354329991156,0.033483242026542674,0.02085194508330388,0.018610061726616382,0.021961725512232088,0.37500012329031535,0.08115183246073299,0.10371628097673741,0.8398138940401766,0.0,72.60664083769639,0.081152329956213,0.10429659817922565,0.8406692236871928,0.0
X- 12866,,,0.02953816812000947,0.026161187632315328,0.027785666011777104,0.03187367712974053,0.02588859826877555,0.01822841114102577,0.021582405546250537,0.021861390510845898,0.37500012329031535,0.08115183246073299,0.0924325155934076,0.845153797355791,0.0,65.35682094240836,0.081152329956213,0.0945483775770879,0.845967299497708,0.0
X- 13019,,,0.034482801362827345,0.021815791628255362,0.03372693560807071,0.01925404815028782,0.02016311585426249,0.021403657438337626,0.019820781474659366,0.02992376473403673,0.37500012329031535,0.08115183246073299,0.08050018384406482,0.8443682635448484,0.0,68.89813089005233,0.081152329956213,0.08021948230160837,0.8449117248161908,0.0
X- 13409,,,0.031102257351648448,0.0301619439644155,0.03133679175399365,0.034814310365697904,0.033134266532307194,0.019621370847329983,0.022993459386177834,0.033618350904569376,0.37500012329031535,0.08115183246073299,0.21025060328981907,0.827738121599452,0.0,64.24491099476437,0.081152329956213,0.20983203047654542,0.828891413228333,0.0
X- 13530,,,0.024645854915881633,0.026599702221465335,0.024376691221350458,0.02570400572779721,0.026815140209505556,0.020157211155325934,0.03646218991977705,0.019543937153712776,0.37500012329031535,0.08115183246073299,0.12062597383638816,0.8445139507730768,0.0,56.69913612565446,0.081152329956213,0.11975241573372601,0.8438207868249347,0.0
X- 13557,,,0.034888433168578696,0.02125831837156859,0.019600957581559716,0.022683916366177136,0.014625717918130998,0.027275362519499424,0.0200831031247931,0.024491139469741376,0.37500012329031535,0.08115183246073299,0.061871780001318974,0.8445440577915481,0.0,65.83435811518326,0.081152329956213,0.06122217060417582,0.8452487284738094,0.0
X- 15497,,,0.040760253682809854,0.03322022639138342,0.02668035142574081,0.034999834089983764,0.030032815029191823,0.023042345291054242,0.02394964921626927,0.02168925254660575,0.37500012329031535,0.08115183246073299,0.08149338319093931,0.845982825621857,0.0,68.05746910994762,0.081152329956213,0.08231216457753554,0.8471288580827436,0.0
X- 15605,,,0.02414086409567369,0.023689768935178046,0.030290083517374923,0.016883226349841973,0.024860179054306257,0.016649113602497854,0.03261154473360602,0.02475191444506689,0.37500012329031535,0.08115183246073299,0.04965491087351025,0.8460150476379702,0.0,58.10889738219896,0.081152329956213,0.049886807990592134,0.8462702892518773,0.0
X- 19373,,,0.03644213342397475,0.012624794136861657,0.021959732197964408,0.018282023724880716,0.023358922415961016,0.02004705914888364,0.021393268462094706,0.021140319986817716,0.37500012329031535,0.08115183246073299,0.06463617359503354,0.8429504753325094,0.0,73.97261675392669,0.081152329956213,0.06563224514015888,0.8465266567458823,0.0
X- 19380,,,0.03084386042587315,0.0316396445750281,0.024090119558458568,0.026546275579195894,0.04023490299569128,0.022146382664904395,0.02435418440786165,0.022575884552764654,0.37500012329031535,0.08115183246073299,0.12185050439714208,0.8400328697984556,0.0,60.11150785340318,0.081152329956213,0.12165190979812875,0.8422293925258993,0.0
X- 19437,,,0.04328009987053015,0.014969222710434743,0.02880003017819839,0.025872797252025924,0.031003559077551077,0.01927282069438001,0.021728370662463567,0.028891824482685846,0.37500012329031535,0.08115183246073299,0.1141556344872082,0.8404536214469478,0.0,58.8371968586387,0.081152329956213,0.11536408158714441,0.8441799123207107,0.0
X- 20939,,,0.027596093302732244,0.028011128770112432,0.028757690437184204,0.024060554488444543,0.026293546609636988,0.017734415320674917,0.021436555863106877,0.03335117404400461,0.37500012329031535,0.08115183246073299,0.024498253160610602,0.8477538190116365,0.0,66.402664921466,0.081152329956213,0.024552053213740196,0.8475483096269537,0.0
X- 20943,,,0.037575195574601906,0.015482406561057191,0.015369151391279041,0.025776230633087385,0.035050350784417185,0.02076052209236618,0.019575457343989744,0.024259987763386618,0.37500012329031535,0.08115183246073299,0.11861112890284227,0.8436200200812101,0.0,76.54941465968591,0.081152329956213,0.11912350481697052,0.8429506972922248,0.0
X-12609,,,0.019755879231408455,0.02729824974924267,0.024624036787412706,0.020482890021963438,0.04385420881570593,0.019002938178202818,0.028578977030114517,0.029694402645601123,0.37500012329031535,0.08115183246073299,0.08386046287760043,0.8449628268543593,0.0,66.61398638743455,0.081152329956213,0.08628869729429417,0.8446058646150787,0.0
X-12944,,,0.040966215136825745,0.016861241693940793,0.021203742299903912,0.018289327693949142,0.026000165668808802,0.03904797724837255,0.03553575296331465,0.022611167670276478,0.37500012329031535,0.08115183246073299,0.07967767610400402,0.8473595249123723,0.0,67.55162198952878,0.081152329956213,0.0812777380797735,0.845474221468562,0.0
X-13002,,,0.020333044578237355,0.024987707518220114,0.01727208267917019,0.027422635469493625,0.02102959647165691,0.017349301743003333,0.02111657539482493,0.021956094763169377,0.37500012329031535,0.08115183246073299,0.11836104508154582,0.8383507725985186,0.0,70.88982198952881,0.081152329956213,0.11803349406893487,0.8443310320217483,0.0
X-13387,,,0.028097938571799968,0.027726288526182984,0.027643500510248033,0.028983706085608383,0.025199144327985798,0.026124696825793985,0.032832714494510855,0.024319670793503518,0.37500012329031535,0.08115183246073299,0.08959738295517712,0.8472323318220292,0.0,62.61770366492149,0.081152329956213,0.08955134049116392,0.8458226992806765,0.0
X-13508,,,0.03810890037081459,0.030963590944023255,0.04054184429343536,0.04069311793169119,0.02610553487995132,0.017558812763902223,0.01624007652120021,0.02088645613760277,0.37500012329031535,0.08115183246073299,0.11537056030166526,0.8448771174606811,0.0,71.7429633507854,0.081152329956213,0.11639916432531787,0.8465413909671894,0.0
X-13528,,,0.04031860675941638,0.01647398583592239,0.03774279456943985,0.02684859005988068,0.03166922419478131,0.024187354764360753,0.02847280746456534,0.026657508335227998,0.37500012329031535,0.08115183246073299,0.08425659053330703,0.8459620524436099,0.0,66.25775287958119,0.081152329956213,0.08500582899798076,0.8459301210057806,0.0
X-13529,,,0.033266107953444674,0.03357281022093556,0.03965396100970696,0.03519322922316609,0.029497108182318533,0.027977830463124874,0.03481218962626259,0.02399275270386512,0.37500012329031535,0.08115183246073299,0.08886601279499866,0.8471477813177133,0.0,57.5493277486911,0.081152329956213,0.08971973030979823,0.8478277050640276,0.0
X-15192,,,0.037882680413125,0.0261627444544076,0.03295572668282779,0.02041463719546944,0.03690513698536128,0.030528612713435196,0.026243448595904027,0.03842746164603934,0.37500012329031535,0.08115183246073299,0.08206754152322623,0.845725530580062,0.0,70.04113717277488,0.081152329956213,0.0822787934269578,0.8432516262528985,0.0
X-15220,,,0.03473565750127308,0.02436393110008948,0.042918922481728655,0.023780850302445672,0.027887339589167864,0.028176837074711483,0.01855808798713444,0.03952468657709148,0.37500012329031535,0.08115183246073299,0.0918588162356625,0.8430054946287593,0.0,72.33127539267016,0.081152329956213,0.0915107887437067,0.8460406614979251,0.0
X-15259,,,0.027327595983387437,0.024308452944595632,0.04476350931550748,0.026296616604604,0.038870544853291916,0.03333265511793405,0.02927682765096534,0.032715772384269044,0.37500012329031535,0.08115183246073299,0.0965326898239599,0.8456680672716621,0.0,67.72150261780104,0.081152329956213,0.09692007699933759,0.8443814732358855,0.0
X-15303,,,0.018953792548920333,0.03957917535032108,0.03758478440194361,0.043635235241044935,0.03139621288880531,0.030471935076376605,0.02959291225315619,0.03705265679090864,0.37500012329031535,0.08115183246073299,0.06059600457934217,0.8488456596220366,0.0,69.03507329842937,0.081152329956213,0.06140204506885635,0.8495106955559208,0.0
X-15306,,,0.03548660733403216,0.031107662461384925,0.03557556726934161,0.026975434686053075,0.03975614382796903,0.025104585933541243,0.023741985124480232,0.03984773443610796,0.37500012329031535,0.08115183246073299,0.11964295701205466,0.839674037250733,0.0,68.98490890052362,0.081152329956213,0.11943080837287856,0.8441608021894572,0.0
X-15590,,,0.02524134526247235,0.03686903908245537,0.0227346222072199,0.03669582443751589,0.03427949105291459,0.02237606561467496,0.025348496009111137,0.02690024163397015,0.37500012329031535,0.08115183246073299,0.0842296542527716,0.8484757039738275,0.0,71.37737696335071,0.081152329956213,0.08508294951948375,0.8478198853306451,0.0
X-15681,,,0.029852232643486413,0.0271561569964095,0.03302245178670788,0.02751662678459728,0.04027811572105627,0.022811508010590023,0.02604337422842579,0.029245775987720928,0.37500012329031535,0.08115183246073299,0.03762325021935194,0.8475420129031846,0.0,64.9189884816754,0.081152329956213,0.04466286593644191,0.8476865663078043,0.0
X-15714,,,0.033574631689592065,0.034520754827999545,0.022108445082124544,0.03097483789240949,0.04178103102966804,0.018751496094856806,0.021936987077074872,0.0164927258999864,0.37500012329031535,0.08115183246073299,0.08937501151943611,0.8448248165380612,0.0,71.41157905759161,0.081152329956213,0.0893743759173728,0.8429001191378401,0.0
X-15731,,,0.029900829965689407,0.022750656019796405,0.0241746826425735,0.017439652025307777,0.02907312878260948,0.030069737404438888,0.0312602852236102,0.009471327316177313,0.37500012329031535,0.08115183246073299,0.08978464507983616,0.8440981845024851,0.0,70.09136963350784,0.081152329956213,0.09046638984664762,0.8420700724843401,0.0
X-15735,,,0.03263212067822047,0.02150863208442359,0.02829914085718315,0.024691736723817862,0.018666500582715715,0.01896167085590455,0.021862561605601287,0.025811193656337245,0.37500012329031535,0.08115183246073299,0.08192484390682958,0.8436793073752469,0.0,61.07092460732986,0.081152329956213,0.08340987605223867,0.8424753569173159,0.0
X-15798,,,0.03075399578137189,0.02372512480138577,0.03153308228527281,0.01827205715354233,0.019667057046655056,0.040568548212860635,0.0351127196223564,0.02815002058032598,0.37500012329031535,0.08115183246073299,0.10719699599821654,0.8461177478992651,0.0,66.20846596858635,0.081152329956213,0.10807751230508078,0.8443876682391572,0.0
X-15812,,,0.02808625097352669,0.021550797228567613,0.031948768333649194,0.025086456598035673,0.0248585349337789,0.027550410665530736,0.027109975789365602,0.018568493539598344,0.37500012329031535,0.08115183246073299,0.08223924895526323,0.8458822278170326,0.0,65.60773298429321,0.081152329956213,0.08336248851453772,0.8464679422978479,0.0
X-16255,,,0.023881803429749535,0.03602503781209425,0.032431921522603845,0.03165665322012968,0.031150598741705494,0.027451484525084262,0.026705700322179296,0.02395425409399449,0.37500012329031535,0.08115183246073299,0.09954928524630915,0.8465666794462248,0.0,72.56514136125654,0.081152329956213,0.09936331326920926,0.8456166217344773,0.0
X-16279,,,0.026639095441155242,0.03241497107645899,0.035052649643207645,0.032823134909679245,0.03524851823205059,0.02846562175599732,0.02902780966207601,0.03441350870050279,0.37500012329031535,0.08115183246073299,0.07238668506968919,0.8458792399507828,0.0,63.56476649214659,0.081152329956213,0.07457177012847475,0.8459731141791412,0.0
X-17240,,,0.03134483994692063,0.015595079741268137,0.0363640030857738,0.01626494973312143,0.02530249112538228,0.03851271410572343,0.04087060769712354,0.035143207219864796,0.37500012329031535,0.08115183246073299,0.07557649862952182,0.8447400665483287,0.0,66.89358743455493,0.081152329956213,0.076655124667,0.8443992002140045,0.0
X-18524,,,0.02604175816545467,0.026693853583699974,0.03085702865426796,0.023742599038141108,0.03547542141456475,0.016888752654501214,0.03139222522189529,0.017762030596321966,0.37500012329031535,0.08115183246073299,0.1215367355618337,0.8398227485986869,0.0,57.13934973821989,0.081152329956213,0.1213096830262594,0.839310074280171,0.0
X-18978,,,0.02865744265901591,0.043976266577688064,0.027059022937642934,0.034254305454393785,0.029562523809672406,0.018961959438577966,0.022518019431727525,0.011015098292406897,0.37500012329031535,0.08115183246073299,0.07735392915659534,0.847696512494722,0.0,68.16100104712046,0.081152329956213,0.07759527075946804,0.8452643777138164,0.0
X-19124,,,0.027812876607001175,0.021274715927624598,0.026011485365890943,0.024119379083949812,0.016829275916962042,0.028945159584410112,0.03427978345208028,0.01949731978937963,0.37500012329031535,0.08115183246073299,0.10011218947341095,0.842613052165208,0.0,62.202891099476446,0.081152329956213,0.10203961670929772,0.8400923683681625,0.0
X-19126,,,0.029055629031793165,0.020522508961750938,0.026985022964172784,0.023553539727234465,0.02023381303693875,0.028638800218313335,0.03223546379361231,0.03783595654941024,0.37500012329031535,0.08115183246073299,0.11414049124086531,0.8409733396573387,0.0,57.17599581151832,0.081152329956213,0.11599123206055884,0.8389757564404211,0.0
X-19357,,,0.04015091136789524,0.01697644652876908,0.020863031057522755,0.025131808135060146,0.0334221476717253,0.030395114368713675,0.030472108225980652,0.02763156972412032,0.37500012329031535,0.08115183246073299,0.10727572160652345,0.8370402645117868,0.0,70.63042513089003,0.081152329956213,0.10742330836170082,0.8435330934685507,0.0
X-19561,,,0.04058012037806455,0.027268044490704715,0.028506809284501184,0.03315450521950676,0.03620813172993703,0.022100642311168206,0.02668431634607929,0.028495722383245922,0.37500012329031535,0.08115183246073299,0.08473230562786738,0.8451130949898146,0.0,71.59608062827225,0.081152329956213,0.08523561741728873,0.8468094977622928,0.0
X-19568,,,0.03274227268466277,0.028573447089946188,0.011582159827213372,0.02480017592992739,0.041618772338331216,0.031392744670707434,0.023425092490803823,0.018711575674695766,0.37500012329031535,0.08115183246073299,0.08158403363812061,0.8425443757347357,0.0,73.1530513089005,0.081152329956213,0.08165778022126151,0.8469326419588855,0.0
X-19703,,,0.03375707365572468,0.02047996552438823,0.026551266139734672,0.023763055971428373,0.016845149682407568,0.017897753113827495,0.020629592133438044,0.011449218860324505,0.37500012329031535,0.08115183246073299,0.08383198306491743,0.8438231412091435,0.0,72.88388586387435,0.081152329956213,0.08453803280404454,0.8426360687488789,0.0
X-19910,,,0.032321894304299936,0.013925206175564347,0.03447131481426546,0.01753592764946271,0.01974009673733932,0.03386485928424498,0.035349299698021565,0.02505096978417533,0.37500012329031535,0.08115183246073299,0.12879109456950733,0.8428263828489584,0.0,73.19000628272254,0.081152329956213,0.13361163509711624,0.8420349399276317,0.0
X-20123,,,0.02591709045053963,0.02740405545256059,0.024589510256338248,0.02701866196115725,0.027106644233979505,0.01861620853756011,0.01822693936939136,0.03604533469825054,0.37500012329031535,0.08115183246073299,0.15744446162185582,0.8364708450052096,0.0,63.661037696335065,0.081152329956213,0.15781559117394534,0.8379827115800668,0.0
X-20190,,,0.031158184673756164,0.042505127899445695,0.031316131124357854,0.04793162772354622,0.03204056263813665,0.022281006482052237,0.024489067949415563,0.03144576930045284,0.37500012329031535,0.08115183246073299,0.09173128208855869,0.843749712683401,0.0,59.476346596858605,0.081152329956213,0.09135382053015983,0.8418588583634815,0.0
X-20849,,,0.033438478384275126,0.020703987858544725,0.027698964116002693,0.024294616142635325,0.01936621208962746,0.016332220968821445,0.01831160952577116,0.03748039002332617,0.37500012329031535,0.08115183246073299,0.1296570917361977,0.8365090477343236,0.0,69.49975497382198,0.081152329956213,0.13016684932824127,0.8378433125142105,0.0
X-20955,,,0.02677744197479013,0.03303236015908955,0.04807454981151266,0.045030627977115524,0.04149825684870218,0.024542426885729895,0.03182873537370198,0.022429048584958762,0.37500012329031535,0.08115183246073299,0.07402205142735196,0.8501489103842073,0.0,65.41831413612566,0.081152329956213,0.07393670144121238,0.8469569460307245,0.0
X-21021,,,0.04091972446813867,0.023901642237119134,0.020296289616978238,0.028482918612767406,0.03559372534383841,0.021811655622010977,0.022741671003623724,0.02218496216047286,0.37500012329031535,0.08115183246073299,0.08588932714011902,0.8445043938103693,0.0,65.81177591623046,0.081152329956213,0.0864117480851514,0.8460315571924664,0.0
X-21031,,,0.03239926331904235,0.02162572838534529,0.021524447650912392,0.0193090607141279,0.017377219094485828,0.018330540549147147,0.024935274479048985,0.03238578429966365,0.37500012329031535,0.08115183246073299,0.053564364091111524,0.8453173921180643,0.0,67.00387225130892,0.081152329956213,0.05346584823925585,0.8458171122827846,0.0
acesulfame,Xenobiotics,Food Component/Plant,-0.03909141054505946,-0.0011503494218981067,-0.004202588192775213,-0.0027695652842374967,-0.011594514342976545,-0.018000606378807422,-0.021231980815342017,-0.009981777101000509,0.37500012329031535,0.1950261780104712,0.18251124513075098,0.8042423655652886,0.0,58.88272041884818,0.19502035260731665,0.18184180679956438,0.8005766028620042,0.0
acetyl CoA,Cofactors and Vitamins,Pantothenate and CoA Metabolism,-0.08767740740715466,-0.061772784795885945,-0.07878490935755544,-0.06254585187103745,-0.06293137688673507,-0.08928772164027848,-0.0788580763317798,-0.0872598368961315,0.37500012329031535,0.16361256544502617,16.22178016638683,0.09933043775895961,1.0,0.0,0.16361056537873828,44.85029559111907,0.058812197155172136,1.0
acetylcarnitine,Lipid,Carnitine Metabolism,-0.013160199012985891,-0.0070245368124857545,-0.012659213246481872,-0.012231096441038808,0.0008090926130359858,-0.03371064336726809,-0.0342991337282453,-3.0000687414014587e-05,0.37500012329031535,0.7198952879581152,4.560920278179193,0.18506404067510265,1.0,0.0,0.7198877717426199,4.454151290683922,0.17846533427874545,1.0
acetylcholine,Lipid,Neurotransmitter,0.16066661147918004,0.18303997702416883,0.19088815154123384,0.18262634924785615,0.17613007911702488,0.15407369074528818,0.16132837362335756,0.1932810881049374,0.37500012329031535,0.47774869109947643,22.20578801493448,0.12899696436781036,1.0,0.0,0.47773925549263585,19.498727379688514,0.14159320243098628,1.0
acetylphosphate,Energy,Oxidative Phosphorylation,-0.04622810853205344,-0.0419266521689198,-0.02661112203726154,-0.03986873124844067,-0.04217839811133249,-0.06931245522928338,-0.04704686291659118,-0.011415846145857025,0.37500012329031535,0.31282722513089,0.2315855231999499,0.8862281800772409,0.0,54.796772774869126,0.31282535279992807,0.23135061212688904,0.8757638022619982,0.0
acisoga,Amino Acid,Polyamine Metabolism,-0.05535896009458634,-0.03464863711511124,-0.02007735018514595,-0.0435531952298549,-0.023606348654092318,-0.057690985555904385,-0.05571766040240694,-0.03110657572472516,0.37500012329031535,0.31282722513089,0.1456560667419383,0.8849161784501253,0.0,53.20567120418849,0.31282535279992807,0.14554494984133892,0.8767009865932813,0.0
aconitate [cis or trans],Energy,TCA Cycle,-0.0907918605023869,-0.07687772528924575,-0.0559480977069008,-0.076685832084046,-0.05468061819695606,-0.0743908128677962,-0.07762841574872896,-0.044072520777383765,0.37500012329031535,0.23167539267015708,0.09241100838351868,0.8290829862271254,0.0,55.412783246073296,0.23167302284371508,0.09233543810321003,0.8197428042167365,0.0
adenine,Nucleotide,"Purine Metabolism, Adenine containing",0.08813906786166051,0.0911373045924185,0.09252654117641451,0.09221749165994675,0.12250622162971428,0.12349468432882753,0.09334007326862569,0.11823793049333077,0.37500012329031535,0.7814136125654451,5.379679158721228,0.07324591735986737,1.0,0.0,0.7814142814951782,5.557313452257364,0.09007510487135813,1.0
adenosine,Nucleotide,"Purine Metabolism, Adenine containing",-0.019213326712935432,0.004580242122560658,0.01376214661157634,0.002911369864026507,-0.024966237353198126,0.027316124947253027,0.006048451770264828,0.011186854407037556,0.37500012329031535,0.7198952879581152,4.6926921294731425,0.13672658494833112,1.0,0.0,0.7198877717426199,5.0742575959243785,0.12506607069549983,1.0
adenosine 2'-monophosphate (2'-AMP),Nucleotide,"Purine Metabolism, Adenine containing",-0.15639410232662954,-0.18471856629015151,-0.17576171339395136,-0.18707056050653836,-0.16893617065981828,-0.18157861985306464,-0.15319624911449042,-0.16070393008826914,0.37500012329031535,0.6007853403141361,5.569500723301964,0.21487559595181063,0.0,53.106330890052384,0.6007845705407244,4.89038106946926,0.1705890140829179,0.0
"adenosine 3',5'-cyclic monophosphate (cAMP)",Nucleotide,"Purine Metabolism, Adenine containing",-0.053501297587769635,-0.05504973402936411,-0.04050871964460688,-0.04372563508640965,-0.026523998354889607,-0.05468723438207707,-0.05449913377312496,-0.03304281202910578,0.37500012329031535,0.17277486910994766,0.22488081017107248,0.7942016003901718,1.0,0.0,0.1727737329378379,0.2244984201268602,0.7877669640447081,1.0
"adenosine 3',5'-diphosphate",Nucleotide,"Purine Metabolism, Adenine containing",-0.06287189643742365,-0.05862840825056503,-0.025999648549042995,-0.06358550903000199,-0.05295009854889379,-0.07711433212341584,-0.0706600951841037,-0.042165968026658014,0.37500012329031535,0.23167539267015708,0.11396775998488023,0.8215181274324094,1.0,0.0,0.23167302284371508,0.11357921249100535,0.8119172852784026,1.0
adenosine 3'-monophosphate (3'-AMP),Nucleotide,"Purine Metabolism, Adenine containing",-0.0008220937872189233,-0.004472285259920836,-0.002897219211677423,-0.00299737859814367,0.02420449174451969,0.011471675074432494,-0.006714669703497635,-0.00475142336013601,0.37500012329031535,0.7356020942408377,25.79032892449817,0.1444523802175935,0.0,66.45192670157063,0.7356035800043658,679.487757871096,0.11728037300725631,0.0
adenosine 5'-diphosphate (ADP),Nucleotide,"Purine Metabolism, Adenine containing",0.17628150510514812,0.18317217359785454,0.184808170470225,0.177100027972207,0.17482556813941688,0.17588003156516555,0.1816083654826887,0.20760283230323004,0.37500012329031535,0.5235602094240838,1.0273295909757287,0.5472818161887406,1.0,0.0,0.5235538092119625,1.0330169965828617,0.5385975200131806,1.0
adenosine 5'-monophosphate (AMP),Nucleotide,"Purine Metabolism, Adenine containing",0.055556809457134225,0.01954124131399074,0.025461854866897508,0.018978545668473675,0.03679972406645722,0.0232035549238571,0.04104111654979692,0.030426670802475252,0.37500012329031535,0.6034031413612565,7.437921807521059,0.11077276955882905,1.0,0.0,0.6033976655495205,6.8705604711586545,0.07703431618189326,1.0
adenosine 5'-triphosphate (ATP),Nucleotide,"Purine Metabolism, Adenine containing",0.10114145735262649,0.10641487765396494,0.09249533346055783,0.10603587456613717,0.0931275898415476,0.0997759797004777,0.1088483610902143,0.11159529107914998,0.37500012329031535,0.2356020942408377,1.4979870517743707,0.3794476343132885,1.0,0.0,0.23559330739499465,1.5013417055187623,0.3892922464386988,1.0
adenosine 5'diphosphoribose,Cofactors and Vitamins,Nicotinate and Nicotinamide Metabolism,0.07938112828184588,0.09033901547036267,0.09669126310198924,0.08801973891302074,0.07033249865958743,0.08089983666575727,0.08583575078532485,0.1026957065409745,0.37500012329031535,0.3507853403141361,6.13622289382042,0.10080366294953161,1.0,0.0,0.35077493996943904,5.752794527116602,0.11092360539755576,1.0
adenylosuccinate,Nucleotide,"Purine Metabolism, Adenine containing",0.0650433223637637,0.04115464878885642,0.0392186731149093,0.03951908557985714,0.04339287455153025,0.017159839518154512,0.02089561827904166,0.013782526000140375,0.37500012329031535,0.5732984293193717,0.7428376713803586,0.5243505315214253,1.0,0.0,0.5732976360157684,0.7435325442205688,0.5361970955380148,1.0
adipate,Lipid,"Fatty Acid, Dicarboxylate",0.07086661249430912,0.07508952805225584,0.07221971905108288,0.07497293984813966,0.09305645983421885,0.045022632271191354,0.051117601187941425,0.077141683548145,0.37500012329031535,0.2931937172774869,0.5747721084526856,0.5882820535723337,1.0,0.0,0.2931969644439308,0.5758051305739108,0.6214323032861723,1.0
adipoylcarnitine (C6-DC),Lipid,"Fatty Acid Metabolism (Acyl Carnitine, Dicarboxylate)",-0.038467680705327266,-0.010046314381428981,0.0017573120702970325,-0.011696007759119496,-0.005456914759456147,-0.03618490090391495,-0.03717111239735763,-0.011896068149221357,0.37500012329031535,0.06806282722513088,0.08548963230355058,0.5834534412564754,0.0,77.90310785340318,0.06806117338880542,0.0850470254557587,0.5784580376688985,0.0
adrenate (22:4n6),Lipid,Long Chain Fatty Acid,0.016683627310182816,0.06989728145602792,0.03140420840270116,0.07221219119961497,0.01771784544929188,-0.0186608925588485,-0.004201136532352884,0.027413854096016852,0.37500012329031535,0.6714659685863875,5.821020834291366,0.08397468520246013,1.0,0.0,0.6714588389383259,5.786727551902861,0.09484221402271786,1.0
adrenoylcarnitine (C22:4),,,-0.07164993850628064,-0.07309333639822714,-0.05417501309928842,-0.07171728770260205,-0.07112948142453264,-0.08969622794154808,-0.095799786110045,-0.04712024299431565,0.37500012329031535,0.23167539267015708,0.09725041917397598,0.8253698652355932,0.0,51.06619371727748,0.23167302284371508,0.09784914164537835,0.814543516290905,0.0
agmatine,Amino acid,Polyamine metabolism,0.06256986330518738,0.060047342895900586,0.051125632589850895,0.061763338009051566,0.058491071898217104,0.06392397347353143,0.08073872448101074,0.05210332200583396,0.37500012329031535,0.32460732984293195,6.9170405898568,0.09109685455756664,1.0,0.0,0.32460161536782356,7.065526676191019,0.08662443383997764,1.0
alanine,Amino acid,Alanine and Aspartate Metabolism,0.05888438887709192,0.11674168222630793,0.04596090284534648,0.11901361981273352,0.07707558045457547,0.04875278925398031,0.06631864401657388,0.03388874487904075,0.37500012329031535,0.8167539267015707,2.071799223917175,0.32634733685247663,1.0,0.0,0.8167520577320646,2.1595535826611347,0.28931915739769404,1.0
alanylalanine,Peptide,Dipeptide,-0.10531118608545836,-0.11147583768487151,-0.09380812689242517,-0.11027319024318546,-0.10865065701348017,-0.10527971334483602,-0.0955554306254249,-0.09271207469833018,0.37500012329031535,0.17146596858638743,1.9059794627698523,0.585025809823654,1.0,0.0,0.17146911154769698,1.8600428696926006,0.5521397391712418,1.0
alanylglutamate,Peptide,Dipeptide,-0.12855469656657492,-0.1360032992335186,-0.1205402542329046,-0.1350444832014037,-0.14362823321171142,-0.11942908089736237,-0.11458171261728371,-0.14065899352807984,0.37500012329031535,0.041884816753926704,0.14375055446425722,0.4740942109050365,0.0,77.51979057591625,0.04188784878719006,0.14238370210992768,0.4892245832627979,0.0
alanylglycine,Peptide,Dipeptide,-0.10542173668440073,-0.09323859108604284,-0.11511908440975292,-0.09448534122057815,-0.09694351500499589,-0.10660165849211842,-0.10986245049001156,-0.10105397645849043,0.37500012329031535,0.15837696335078533,0.2542025976543507,0.5188650125888288,0.0,69.70448062827226,0.15837795498028942,0.2542135925358046,0.5349133628826187,0.0
alanylisoleucine,Peptide,Dipeptide,-0.1167311070497961,-0.13308260747811265,-0.13704165234229823,-0.12896208871470352,-0.14000288358229504,-0.11419552486995954,-0.11215689839604881,-0.12454789783983052,0.37500012329031535,0.041884816753926704,0.07899994611208316,0.4786202602799278,0.0,77.22676125654453,0.04188784878719006,0.08089451909549196,0.49284818102342226,0.0
alanylleucine,Peptide,Dipeptide,-0.047094532051222826,-0.013606289090325237,-0.03759187922552037,-0.013274333589260197,-0.017689564038734736,-0.06053806563167643,-0.06098053072613968,-0.01965510419018297,0.37500012329031535,0.5837696335078534,71.54990780523751,0.0999663863292656,0.0,70.29180837696342,0.5837628568126662,91.25158287633927,0.08973294396194081,0.0
alanylmethionine,Peptide,Dipeptide,-0.11576833787549277,-0.13771576277117767,-0.1438783150652146,-0.1365896955368553,-0.141740934263134,-0.12753014295310208,-0.12079481902470794,-0.14003360688423924,0.37500012329031535,0.041884816753926704,0.12021385582161137,0.478300160028401,0.0,76.31077486910996,0.04188784878719006,0.11749256672306013,0.4929505336860734,0.0
alanylphenylalanine,Peptide,Dipeptide,0.017416773941973916,0.0005341784434150787,0.01158666467446605,0.00036796468781846774,0.005707451494194656,0.01350331725847325,0.021485721010739305,0.022252677104754745,0.37500012329031535,0.3599476439790576,776.977502626158,0.10506752912129891,0.0,48.133538219895314,0.35993939160471,116.83032801462883,0.09457108751992012,0.0
alanylthreonine,Peptide,Dipeptide,-0.11128551578780745,-0.11986569412128083,-0.1254660295005376,-0.12507232860342787,-0.1337177114096805,-0.11585832434095847,-0.12324647517451696,-0.13728095919891106,0.37500012329031535,0.041884816753926704,0.10265130337034356,0.474601601177397,0.0,77.21420732984289,0.04188784878719006,0.10236987729302194,0.49196814362055946,0.0
alanyltryptophan,Peptide,Dipeptide,-0.11342382942417226,-0.11998888474163699,-0.12500634483590317,-0.12094426299058807,-0.12316513084024208,-0.12448734433011277,-0.11727078582534514,-0.13402938547513818,0.37500012329031535,0.041884816753926704,0.09016216396959426,0.4766318748765884,0.0,75.1947120418848,0.04188784878719006,0.09336351875360173,0.4930691067917304,0.0
alanyltyrosine,Peptide,Dipeptide,-0.12962873373540715,-0.13814615694976015,-0.1358097352991752,-0.13671079094025362,-0.1394994436938017,-0.10855019925719507,-0.10628107622226489,-0.13655189961201702,0.37500012329031535,0.041884816753926704,0.07725775267208987,0.47866488218837083,0.0,78.7246481675392,0.04188784878719006,0.07687301539172949,0.49324204696393154,0.0
alanylvaline,Peptide,Dipeptide,0.07570334191107535,0.08834240354596247,0.0692335064394468,0.08568960141461673,0.08344805138760006,0.08750409968933595,0.09292797857279789,0.08597470507854695,0.37500012329031535,0.2774869109947644,1.107175800728326,0.3669619292097671,0.0,66.46838638743459,0.2774811561821847,1.1178136063987756,0.3571766490203681,0.0
allantoin,Nucleotide,"Purine Metabolism, (Hypo)Xanthine/Inosine containing",0.0315267761669805,0.04963433533448762,0.08876600291684882,0.051375405084571626,0.06255221159477863,0.04276932646458929,0.06279568916935031,0.09202184911379391,0.37500012329031535,0.5445026178010471,0.7452481646685223,0.5640867989012235,1.0,0.0,0.5445022278721573,0.7451585276405509,0.573497392195215,1.0
allo-isoleucine,Amino Acid,"Leucine, Isoleucine and Valine Metabolism",0.034007707707585134,0.01619892301672199,0.03223146976591916,0.009375531833415322,0.024044607974303116,0.03600354547691947,0.03276925516462702,0.023049711358904847,0.37500012329031535,0.08115183246073299,0.06453633488536024,0.8479348918360541,0.0,64.69842722513087,0.081152329956213,0.06446908025535668,0.8471286167748574,0.0
allo-threonine,Amino acid,"Glycine, Serine and Threonine Metabolism",-0.07895307629602229,-0.04227748027345627,-0.0701525665326753,-0.04320639572778252,-0.06521696948035739,-0.07190216246456722,-0.07336086478315824,-0.05807147594790118,0.37500012329031535,0.23821989528795812,0.29635719844697644,0.41652878898273016,0.0,59.553648167539244,0.23822437947019015,0.2974917692964479,0.4208313474678335,0.0
alpha-glutamylalanine,Peptide,Dipeptide,0.030408389171690742,0.020864500581179946,0.02386960371144448,0.015424178504858301,0.01423248211730956,0.03601586795707427,0.032423735129747895,0.03249726440126183,0.37500012329031535,0.08115183246073299,0.033857016276525265,0.8478997685757339,0.0,76.50937696335077,0.081152329956213,0.03461009797081541,0.8473201271648824,0.0
alpha-glutamylglutamate,Peptide,Dipeptide,-0.10399831765314606,-0.11605190284289679,-0.11407920275383093,-0.1195220320786039,-0.10403013700284608,-0.0991732837384763,-0.10775619842449542,-0.11392694965542623,0.37500012329031535,0.15837696335078533,0.36342116943972214,0.47029292963019786,0.0,57.637259685863846,0.15837795498028942,0.3635232183384937,0.4760658545124761,0.0
alpha-glutamyltryptophan,Peptide,Dipeptide,-0.12774199817475415,-0.1367750917247559,-0.12909814990502697,-0.13565716125531835,-0.14150868939772637,-0.11247282109487758,-0.1135466582493389,-0.14055087953901077,0.37500012329031535,0.041884816753926704,0.08708426517100472,0.47875367348652687,0.0,75.02025340314137,0.04188784878719006,0.08807893526537926,0.4920334185797941,0.0
alpha-glutamyltyrosine,Peptide,Dipeptide,-0.12959499335329203,-0.1409373292515034,-0.13109574337970722,-0.1409373292515034,-0.14301863620669203,-0.12486053889725966,-0.1417617602068127,-0.12709047867656278,0.37500012329031535,0.10078534031413612,18.181632911560726,0.06170094698024629,0.0,74.29167015706807,0.10078585461689588,7.692956785613386,0.0811273204709239,0.0
alpha-hydroxycaproate,Lipid,"Fatty Acid, Monohydroxy",-0.03780074405497689,-0.014263393925841661,-0.0034410704276101227,-0.012595557933305603,-0.009133553719335238,-0.03581510103278866,-0.03490687518702926,-0.021314210350552462,0.37500012329031535,0.06806282722513088,0.06948382491021299,0.5863310660107961,0.0,71.38085759162303,0.06806117338880542,0.07015232994794811,0.5788446904823173,0.0
alpha-hydroxyisocaproate,Amino Acid,"Leucine, Isoleucine and Valine Metabolism",0.11125461451072942,0.10146107378352312,0.15400527801200434,0.0993674447033216,0.12128953870614956,0.11148690634702675,0.10760599472040508,0.16059043033589798,0.37500012329031535,0.3324607329842932,0.6016864540765053,0.5483258020436348,0.0,60.96668062827225,0.33246144561295377,0.6015836753129551,0.5980132976144613,0.0
alpha-hydroxyisovalerate,Amino acid,"Valine, leucine and isoleucine metabolism",0.014046269137224699,-0.006061291133362523,-0.00664653122119671,-0.005386715265200601,0.002916358182174422,-0.01192415606178751,-0.025638776309241756,-0.013888427204928467,0.37500012329031535,0.5916230366492147,14.133917244688512,0.09982786152092651,0.0,46.888007329842964,0.591612414448425,14.607316089362223,0.09334912921042149,0.0
alpha-ketoglutaramate,,,-0.01935297217681846,-0.017559016903713018,0.01433490674170977,-0.01599945752680324,-0.00865979190888764,-0.019695724057168424,-0.012369964070734787,0.007495847819872793,0.37500012329031535,0.12696335078534032,0.052526239037495356,0.6307406323830094,0.0,60.722967539267,0.12695917921851127,0.05264651080600335,0.6119392281775053,0.0
alpha-ketoglutarate,Energy,TCA Cycle,0.08196894844843464,0.07270667279507079,0.07483844579322625,0.07249247312804033,0.06548741640549043,0.07185261902489465,0.08041082189431789,0.07450588317674,0.37500012329031535,0.46596858638743455,1.6782556727462883,0.2951141197462238,1.0,0.0,0.46596042477239746,1.683493857838112,0.301968562355857,1.0
alpha-tocopherol,Cofactors and Vitamins,Tocopherol Metabolism,0.0064669724621024775,0.03531629741157542,0.004494240335395497,0.035874827351263135,0.04727795327859948,0.010582022898682373,0.009709316747753586,0.04168679522443155,0.37500012329031535,0.6714659685863875,37.17734749522284,0.10148726916309486,1.0,0.0,0.6714588389383259,33.66407829022236,0.08369361319877344,1.0
aminomalonic acid (spectralmatch),,,0.10176999045633565,0.09746656771408967,0.11201317362829212,0.09923305799783377,0.12357079214152135,0.11197768207797755,0.10451120903418988,0.1093630036499437,0.37500012329031535,0.09685863874345549,0.04319702875667829,0.9159761573477033,0.0,50.47000418848171,0.0968642859894449,0.042640035848851766,0.9180090504278792,0.0
anandamide(18:1),Lipid,,0.11198744198252288,0.0928012898057349,0.10148560554074347,0.09127399071667648,0.10728925115736306,0.11488832463146996,0.11122922354777567,0.11080372646388391,0.37500012329031535,0.09685863874345549,0.08746764370583966,0.9136372088006846,0.0,66.4995633507854,0.0968642859894449,0.08692888688861071,0.9140618599521896,0.0
"androstenediol (3alpha, 17alpha) monosulfate (3)",Lipid,Androgenic Steroids,-0.023086986069680945,-0.01792558540134637,-0.01049160139159783,-0.01877211917568226,-0.009162813443452393,-0.03342684356253474,-0.035747430780822695,0.003135167544956553,0.37500012329031535,0.06806282722513088,0.087676078909866,0.5826094517449357,0.0,65.06360000000004,0.06806117338880542,0.08692835933279937,0.5784050067576265,0.0
"androstenediol (3beta,17beta) disulfate (2)",Lipid,Androgenic Steroids,-0.04673889779290843,-0.025153827534978097,-0.0036985036126699626,-0.021719200425674712,-0.012656479011874434,-0.03439570426495809,-0.026949565860454584,0.0019339530294213635,0.37500012329031535,0.1950261780104712,0.10557175525888278,0.8216269598884584,1.0,0.0,0.19502035260731665,0.10495423260763737,0.8190536546755816,1.0
"androstenediol (3beta,17beta) monosulfate (1)",Lipid,Androgenic Steroids,-0.04537784968085005,-0.007469460434057526,-0.01393558986215514,-0.00604065022032569,-0.0175300954284284,-0.033831153692088216,-0.039353344566846506,-0.004031752099408291,0.37500012329031535,0.06806282722513088,0.10094904368336866,0.5828232732301524,1.0,0.0,0.06806117338880542,0.1023953596770521,0.576379880794763,1.0
androsterone glucuronide,Lipid,Androgenic Steroids,-0.028731156106277647,-0.005463337625725767,0.006428940239450062,-0.0016990622238567522,-0.013827273376669948,-0.037539938821703894,-0.030167555333970916,-0.007332518581617609,0.37500012329031535,0.06806282722513088,0.09912056738290798,0.5839908474511943,1.0,0.0,0.06806117338880542,0.09926444005155605,0.5771841337535858,1.0
androsterone sulfate,Lipid,Sterol/Steroid,0.011709715580026083,0.022995001260111874,0.0270732364860648,0.019014346167328076,0.041846982943779566,0.02386850785098633,0.02700649430145771,0.032223231603654805,0.37500012329031535,0.5549738219895288,21.029146726208186,0.08677863653410006,1.0,0.0,0.5549687327452265,16.411843544764615,0.0705606083076411,1.0
anserine,Amino Acid,Histidine Metabolism,0.05876690029480446,0.05340098621702011,0.06369288842862462,0.05541264279373851,0.05639078889470035,0.04008657463574939,0.047094122724293724,0.038124180326979715,0.37500012329031535,0.3743455497382199,1.6518895166106238,0.29720033885898545,0.0,44.99819790575918,0.3743364536384299,1.5875243483020152,0.22957395343457077,0.0
arabinose,Carbohydrate,Pentose Metabolism,-0.0016428404718761757,0.027145262411251512,0.004614187432957489,0.021641402995712967,-0.0037575008520923728,0.002573259377407466,0.00529868914385053,-0.0001555550188100481,0.37500012329031535,0.1492146596858639,0.21879259274669732,0.8021823543456534,1.0,0.0,0.1492135033450184,0.21830038693996026,0.807719166107832,1.0
arabitol,Carbohydrate,Pentose Metabolism,0.0705897620917069,0.06649142468828592,0.07216045324656482,0.06629185424425592,0.058544850393921107,0.06423044500529758,0.07114077448500755,0.07345093055735234,0.37500012329031535,0.32460732984293195,132.30122224819112,0.12979733423252088,1.0,0.0,0.32460161536782356,17.11198972665887,0.08328657251769177,1.0
arabitol/xylitol,Carbohydrate,Pentose Metabolism,-0.06599180334660523,-0.05363099754680583,-0.0371608097329873,-0.052102560868935624,-0.04992538517688029,-0.08957410285040648,-0.0920885176347217,-0.04706147172350136,0.37500012329031535,0.23167539267015708,0.08333211780786988,0.8261064402078131,0.0,60.51517172774868,0.23167302284371508,0.08402469974675737,0.8152316098588012,0.0
arabonate,Cofactors and Vitamins,Ascorbate and Aldarate Metabolism,0.14499867522087365,0.13599598271251626,0.11192049862226998,0.13739258878396388,0.1285234842401937,0.12829667210670367,0.15185525018556606,0.1090451074022474,0.37500012329031535,0.24214659685863876,1.7946771947629352,0.24415833889309388,0.0,70.66760837696336,0.24214337994529836,1.692933827825285,0.2133842855496356,0.0
arabonate/xylonate,Carbohydrate,Pentose Metabolism,-0.07312402912649635,-0.07864310909190983,-0.06432710683921354,-0.08102769188297322,-0.07218371507205772,-0.084304303242305,-0.07888512741308869,-0.0605728661785028,0.37500012329031535,0.23167539267015708,0.09382355512191495,0.8228143863411068,0.0,61.67149738219895,0.23167302284371508,0.09379560385107823,0.8133309217710473,0.0
arachidate (20:0),Lipid,Long Chain Saturated Fatty Acid,0.08311053668695831,0.09472394788455682,0.08890678126406497,0.10017937429719755,0.11492852593505003,0.08415877321377457,0.07593279568879925,0.07500303049204132,0.37500012329031535,0.47382198952879584,1.3523714988168838,0.28118244024232103,1.0,0.0,0.4738164027890135,1.3459442204995578,0.25167664327712647,1.0
arachidonate (20:4n6),Lipid,Long Chain Fatty Acid,0.010871234419188908,0.05430403276720811,0.04246969029580861,0.05563643115753561,0.02434087421731791,0.023211810273265958,0.0349438918686918,0.014950089856626029,0.37500012329031535,0.6714659685863875,5.09091768868309,0.12905375031533708,1.0,0.0,0.6714588389383259,5.1266811686585205,0.12309386054462075,1.0
arachidonoyl ethanolamide,Lipid,Endocannabinoid,-0.08381954288990665,-0.05994853192107007,-0.049239191357288624,-0.05840812486021548,-0.051637014847370565,-0.08046153697676006,-0.08708934834220657,-0.061268843848659424,0.37500012329031535,0.16361256544502617,0.11356644127695961,0.6835290383810284,1.0,0.0,0.16361184945490967,0.11704569477710132,0.6680671690369743,1.0
arachidonoylcarnitine (C20:4),Lipid,"Fatty Acid Metabolism (Acyl Carnitine, Polyunsaturated)",-0.06342502673451755,-0.06518209268531854,-0.03167523536585402,-0.06676082319866508,-0.044313276198184884,-0.08052712613471387,-0.07959822490088582,-0.055779812194148834,0.37500012329031535,0.23167539267015708,0.0980353272855096,0.8230158568829735,0.0,54.783760209424116,0.23167302284371508,0.09801294275351519,0.8125307191058614,0.0
arachidonoylcholine,Lipid,Fatty Acid Metabolism (Acyl Choline),-0.13843822616658333,-0.1253691196594797,-0.1494986014094457,-0.12817978633579274,-0.1438200074394441,-0.12953447160978637,-0.1277659218787509,-0.14400099848231265,0.37500012329031535,0.03664921465968586,0.08471074125848906,0.6983846171617306,0.0,64.3889727748691,0.03665267023639842,0.09229364366925012,0.7088158062921678,0.0
arachidoylcarnitine (C20),,,-0.07406465177461075,-0.05208489486681855,-0.0486582144476929,-0.051731537396506315,-0.03499286939267432,-0.09918893344208708,-0.08264930440665315,-0.05621409829386287,0.37500012329031535,0.23167539267015708,0.09273075913213277,0.8212876947473254,0.0,55.37596230366492,0.23167302284371508,0.09274780387740783,0.8115202066089418,0.0
argininate,,,-0.07440721358185695,-0.08465529500520273,-0.036239211456230026,-0.08487749550958533,-0.07153845685913718,-0.08376670266089802,-0.07404498018367801,-0.05826669498581925,0.37500012329031535,0.23167539267015708,0.11530370838869505,0.8246082387307057,0.0,55.0876073298429,0.23167302284371508,0.11507505713961046,0.8149776496837187,0.0
arginine,Amino acid,Urea cycle; Arginine and Proline Metabolism,-0.04795993749983024,0.01921084484730291,0.0068435998819915385,0.02037013752846527,0.03158440682978582,-0.0064377092442080616,-0.02723618979256979,0.008949327143445993,0.37500012329031535,0.7198952879581152,3.3378851273569077,0.21795839624357063,1.0,0.0,0.7198877717426199,3.580661908658268,0.1928146466531345,1.0
argininosuccinate,Amino Acid,Urea cycle; Arginine and Proline Metabolism,-0.1271961014721911,-0.12156436428454462,-0.07410657390986843,-0.12100683240902801,-0.08046771834654774,-0.11997594381772662,-0.13035663427319574,-0.06787139621753185,0.37500012329031535,0.27356020942408377,0.12138511013786155,0.9094348792102009,1.0,0.0,0.2735608716309051,0.12223790941096531,0.9049217805084625,1.0
arginylisoleucine,Peptide,Dipeptide,0.025078613492933943,0.014659240517202025,0.0354910623841834,0.01690701517340149,0.01566360901280656,0.029687884810976884,0.028949546041046013,0.043460987564623674,0.37500012329031535,0.08115183246073299,0.0417951531332401,0.8444082660087919,0.0,72.85367853403142,0.081152329956213,0.04262654575755548,0.8468276617297724,0.0
arginylleucine,Peptide,Dipeptide,-0.12171192491813596,-0.13568773514937305,-0.1264976626487589,-0.1322862419569232,-0.1422888574158167,-0.1262349498943712,-0.11637788167079545,-0.14140050260462428,0.37500012329031535,0.041884816753926704,0.2063952209394086,0.4714796352419537,0.0,74.0472879581151,0.04188784878719006,0.20019155576674272,0.4855328395654208,0.0
arginylphenylalanine,Peptide,Dipeptide,-0.1290319795730052,-0.13800319708083833,-0.1377975654137722,-0.13780463864037198,-0.14721323340256398,-0.13714095366648985,-0.143360682920597,-0.1428792307992643,0.37500012329031535,0.10078534031413612,53.761645913255634,0.059415293567444856,0.0,71.14535287958117,0.10078585461689588,8.942328030650057,0.07518237415825342,0.0
arginyltyrosine,Peptide,Dipeptide,-0.12106865869990038,-0.12739645309939104,-0.1401828551519777,-0.12593749047171848,-0.1279048189994168,-0.11594465054343675,-0.11559362532251595,-0.12869059292805143,0.37500012329031535,0.041884816753926704,0.0991534931480971,0.4765744278944562,0.0,76.8563235602094,0.04188784878719006,0.10109576130925935,0.4910147257580675,0.0
arginylvaline,Peptide,Dipeptide,-0.10963789740755944,-0.10898354408049905,-0.139904962157852,-0.11012680023064057,-0.12879302820254313,-0.11220270168698379,-0.122058309805652,-0.15006949723117047,0.37500012329031535,0.041884816753926704,0.061737403000752394,0.4786874298078176,0.0,74.96006073298426,0.04188784878719006,0.06230758420416286,0.4939915834041906,0.0
ascorbate (Vitamin C),Cofactors and Vitamins,Ascorbate and Aldarate Metabolism,0.025701623026597176,0.0344708731053594,0.0736271226463693,0.03291168865057778,0.06951670390845327,0.026514331447925754,0.029512881123119138,0.05536696058996299,0.37500012329031535,0.6714659685863875,4.682094838504698,0.10972913543792615,1.0,0.0,0.6714588389383259,4.57063803253023,0.1318159574529194,1.0
ascorbic acid 2-sulfate,Cofactors and Vitamins,Ascorbate and Aldarate Metabolism,-0.10241734263339218,-0.0987521017069899,-0.09703617325509001,-0.09958083303509122,-0.1024386752502259,-0.10997587104285482,-0.11560517895851091,-0.09497120859614978,0.37500012329031535,0.10471204188481675,0.05610412272801668,0.6014752745756367,0.0,61.89367434554973,0.10471384362520386,0.055907502560435994,0.6071803807668683,0.0
ascorbic acid 3-sulfate,,,-0.03818027839390338,-0.0018744619792690849,0.0013240302694272003,0.0004036731803133379,-0.0139074561220013,-0.03578950880292683,-0.030150048992685065,-0.00045757768019096174,0.37500012329031535,0.06806282722513088,0.105141904391237,0.5838185618337254,0.0,72.78147434554971,0.06806117338880542,0.10577495518577455,0.5759807262830264,0.0
asparagine,Amino acid,Alanine and Aspartate Metabolism,-0.020909055347557947,0.014097298323921656,-0.0031523218870841965,0.010682357250647425,0.03389185339093075,-0.01699390078977971,-0.023102743148984223,0.025494061518709213,0.37500012329031535,0.7198952879581152,4.747580723670063,0.16404787786020636,1.0,0.0,0.7198877717426199,5.046313037211831,0.15571308399949646,1.0
asparagylisoleucine,Peptide,Dipeptide,0.019694151397565106,0.025288639773682793,0.022602437826768396,0.017409024824333597,0.027078257692839065,0.020270162413700353,0.030716653183432058,0.015520963369884544,0.37500012329031535,0.08115183246073299,0.06452403165215073,0.8458363229793866,0.0,69.99306492146593,0.081152329956213,0.06435149340519332,0.8447323695004242,0.0
asparagylleucine,Peptide,Dipeptide,0.03155325435366055,0.03142061280141039,0.025499450944663726,0.026243117213638655,0.037416094725889165,0.021463394051734416,0.022858662419425944,0.023791689858134877,0.37500012329031535,0.08115183246073299,0.08221116728814049,0.8408256820511011,0.0,63.291630366492186,0.081152329956213,0.08324701656427344,0.8417437226081136,0.0
aspartate,Amino acid,Alanine and Aspartate Metabolism,0.03498629450095346,0.13057618075208033,0.06490189103206263,0.1265500549649296,0.10065241218730031,0.08314669077320587,0.09056333748505119,0.07631880825126311,0.37500012329031535,0.8167539267015707,2.5951208749898877,0.27723131330788825,1.0,0.0,0.8167520577320646,2.7612656037668564,0.2306543686731921,1.0
aspartate-glutamate,Peptide,Dipeptide,-0.04500609440046499,-0.03380727928468037,-0.0561104956988383,-0.029959551508856912,-0.03716431260843239,-0.05425271728123101,-0.05525349498922457,-0.052634898232429485,0.37500012329031535,0.12303664921465969,0.0441441773216928,0.759782127127545,0.0,66.98777591623036,0.12304017874340305,0.04674702950573725,0.7637967310337248,0.0
aspartylleucine,Peptide,Dipeptide,0.07610338031152629,0.0862534468470468,0.07430951945239624,0.08575993934105905,0.07091265281098187,0.06124385512434011,0.06548109697556335,0.08567877805538247,0.37500012329031535,0.4044502617801047,8.09689979514288,0.11964527808062797,0.0,62.86829528795812,0.4044480398577243,6.502314827970494,0.08900698755077065,0.0
aspartylphenylalanine,Peptide,Dipeptide,0.031963322019110355,0.03876424293942875,0.026920292774288826,0.04401976355294889,0.04431848284365082,0.036176785808436,0.01864661289964702,0.04428593643576881,0.37500012329031535,0.4397905759162304,6.701538072486548,0.14750737570039646,0.0,72.04084293193714,0.4397858160946107,6.302672717875102,0.13906132485204675,0.0
aspartyltryptophan,Peptide,Dipeptide,-0.1280755621410958,-0.13929278985732887,-0.1452254080886119,-0.14017048234354215,-0.14759787311338882,-0.12399008860263058,-0.11139884393035658,-0.12111649815444105,0.37500012329031535,0.041884816753926704,0.06836092748324579,0.4774033667265047,0.0,76.91979057591622,0.04188784878719006,0.06814588763837796,0.4925490027094979,0.0
aspartylvaline,Peptide,Dipeptide,-0.1414083590012042,-0.14106502171658444,-0.13384495546743294,-0.14119036089644518,-0.1342559647537289,-0.12334970255567242,-0.1379502001986605,-0.1364340773054816,0.37500012329031535,0.10078534031413612,6.811868028438495,0.13353838616534336,0.0,75.76680732984293,0.10078585461689588,7.189963975303513,0.09809448487720955,0.0
assymetric dimethylarginine (ADMA),Amino acid,Urea cycle; Arginine and Proline Metabolism,-0.16375516720651906,-0.14863579581164546,,-0.15056481734082372,,-0.15743005318097977,-0.16382582886622493,,0.37500012329031535,0.02356020942408377,0.02750017734516979,0.5551838406548044,1.0,0.0,0.02356022959281945,0.029161032390441738,0.6161444716606226,1.0
atenolol,Xenobiotics,Drug,0.058879085355247746,0.050952841043026637,0.06708000981382738,0.05255702726630637,0.05740612785934224,0.05943295720312666,0.05222117546652391,0.0674767567014691,0.37500012329031535,0.08769633507853403,0.03678983412302754,0.662894424197207,0.0,63.44244293193718,0.0876959821256597,0.03640120922942655,0.6553333719409503,0.0
azelate (nonanedioate),Lipid,"Fatty Acid, Dicarboxylate",-0.16243398611686183,-0.16376993695755923,-0.18510019731290464,-0.16382242109357517,-0.16492436494039445,-0.20053852858295584,-0.1882098019002983,-0.18077246696178725,0.37500012329031535,0.4162303664921466,23.721486709071282,0.13890927679224258,1.0,0.0,0.41622430242561986,37.02901296843378,0.1498160231115234,1.0
behenate (22:0),Lipid,Long Chain Fatty Acid,0.19419021733556238,0.1854324948389771,0.1920209770357348,0.17939946754561353,0.1756453494043801,0.1879703111328609,0.20580109074411235,0.1910464303426998,0.37500012329031535,0.19895287958115182,0.6301425818382544,0.5494749569444574,1.0,0.0,0.19894962569179606,0.6344779992467595,0.5673288974999577,1.0
behenoyl dihydrosphingomyelin (d18:0/22:0),,,-0.0695969397434812,-0.04441216089647584,-0.05533670245036889,-0.04290313997834765,-0.04369985047424863,-0.07002000403872727,-0.07655020315536709,-0.06235166790862235,0.37500012329031535,0.23167539267015708,0.13599902327347474,0.8093905167832196,0.0,52.81004502617803,0.23167302284371508,0.13553093184301937,0.8027041087067904,0.0
behenoyl sphingomyelin (d18:1/22:0),,,0.005224597675892529,0.03314503393916623,0.04156498535225801,0.045805283166253444,0.03758199345412337,0.017573103993268613,0.009122032223970445,0.02048488345435564,0.37500012329031535,0.3285340314136126,0.09207315610865921,0.810130034130621,0.0,57.63569424083768,0.32853730883316,0.09176560200485963,0.8303194024033748,0.0
behenoylcarnitine (C22),,,-0.07341072658059437,-0.06884271663459844,-0.042878718227539615,-0.06836382575093732,-0.04535012455337229,-0.09933398246915312,-0.08476925885295707,-0.04683575298988358,0.37500012329031535,0.23167539267015708,0.10357114428505448,0.8190353290719801,0.0,58.198820942408375,0.23167302284371508,0.10358362479375262,0.8084654774347544,0.0
benzoate,Xenobiotics,Benzoate Metabolism,0.06251400567494812,0.07695669671968022,0.05139038208607562,0.07521303979596086,0.09156265359770498,0.046126246580488264,0.05099850159455836,0.08647641816398172,0.37500012329031535,0.5196335078534031,36.23971801447215,0.165903376188662,1.0,0.0,0.5196219679751403,180.63919432529602,0.1532123641218618,1.0
beta-alanine,Amino acid,Alanine and Aspartate Metabolism,0.04137929981730849,0.04586393245568438,0.016599505654724667,0.04530778325704404,0.015230709790160755,0.007472716959732756,0.025226961519620707,0.05690821646064935,0.37500012329031535,0.6845549738219895,46.80844619316145,0.11622879012730143,1.0,0.0,0.6845499955057335,47.28606308175622,0.09522703006134703,1.0
beta-citrylglutamate,Amino Acid,Glutamate Metabolism,-0.09407953652387574,-0.07791145776588176,-0.048528638813520576,-0.07823909286340805,-0.07583343812490416,-0.07627180798364105,-0.0823334841026721,-0.04873396866016106,0.37500012329031535,0.23167539267015708,0.10295003770981777,0.8227222798151645,0.0,56.00662513089006,0.23167302284371508,0.10292856300797494,0.8136957268599092,0.0
beta-guanidinopropanoate,Xenobiotics,Food Component/Plant,-0.0747295385758214,-0.06920173508546197,-0.04955347279014955,-0.06954210504998048,-0.06361469349006722,-0.07575449981115666,-0.056698991972864245,-0.053348378940903114,0.37500012329031535,0.23167539267015708,0.12141435946181678,0.8244959940071622,0.0,60.66861151832461,0.23167302284371508,0.12226889165016723,0.8143271484531113,0.0
beta-hydroxyisovalerate,Amino acid,"Valine, leucine and isoleucine metabolism",0.030842371080287426,0.08969896893524987,0.06035305152563849,0.08727823439646633,0.0577049114853067,0.03618115502008217,0.04052750083998736,0.06908153522629722,0.37500012329031535,0.5143979057591623,7.009722279186272,0.10211013825202739,1.0,0.0,0.5143867894243487,7.775733797264613,0.09361690333598367,1.0
beta-hydroxyisovaleroylcarnitine,Amino Acid,"Leucine, Isoleucine and Valine Metabolism",0.13087347751223272,0.12513581739714588,0.13106756120019425,0.1253245474524375,0.14345521476412024,0.13501366245211824,0.14186237131114932,0.10300206800177729,0.37500012329031535,0.3717277486910995,3.2141200256648172,0.26160962956445866,0.0,55.5138041884817,0.37172335862963396,3.290409026514226,0.2664677814050597,0.0
beta-tocopherol,Cofactors and Vitamins,Tocopherol Metabolism,-0.05428859706644301,-0.03249305310553109,-0.04523414859693342,-0.03229170137492446,-0.05318945900997104,-0.05501049615391308,-0.05278663715015827,-0.04492091172942268,0.37500012329031535,0.12172774869109948,0.24776722904536785,0.3715720206919634,0.0,76.44184397905764,0.1217342732770908,0.25228980751145097,0.4003060434827724,0.0
betaine,Amino Acid,"Glycine, Serine and Threonine Metabolism",0.05147884666504149,0.07659178960791356,0.04379592852377352,0.07535173223925937,0.03445270614294913,0.012136258987613915,0.014014854900394053,0.019257473075955267,0.37500012329031535,0.6845549738219895,7.591527454440775,0.15137565867143293,1.0,0.0,0.6845499955057335,6.90977901905431,0.15663224319774935,1.0
betaine aldehyde,Amino Acid,"Glycine, Serine and Threonine Metabolism",-0.11175648360322896,-0.0946164111131698,-0.07560820322114949,-0.09777118870281551,-0.083640852357268,-0.09732694745026008,-0.09671626435623364,-0.08552772928385982,0.37500012329031535,0.10471204188481675,0.22861747443714237,0.6470702887766707,1.0,0.0,0.10471384362520386,0.22750482950129722,0.6535785256698267,1.0
betonicine,Xenobiotics,Food Component/Plant,-0.14106075137961363,-0.13322038681903195,-0.16180599232450904,-0.13160356899894138,-0.15040355662378863,-0.13196373646921442,-0.1284383581972333,-0.1676655773373793,0.37500012329031535,0.03664921465968586,0.15481532285158092,0.6899887399105329,0.0,69.10150994764395,0.03665267023639842,0.15862349832121378,0.7022637846983885,0.0
"bilirubin (E,E)",,,-0.02834414820820132,-0.014405616801658822,-0.010235781006918234,-0.014105994054913324,-0.015691569782411065,-0.04049593557527317,-0.03131256425859312,-0.016493920580383594,0.37500012329031535,0.06806282722513088,0.08291049307047085,0.5835649982582429,0.0,67.49228272251307,0.06806117338880542,0.08241476992448205,0.5788220748035506,0.0
"bilirubin (Z,Z)",Cofactors and Vitamins,Hemoglobin and Porphyrin Metabolism,-0.12313641556636364,-0.12281142800743244,-0.10300886920850524,-0.12319883167474571,-0.09811527873928623,-0.12501727329878146,-0.11806776078992103,-0.09446113339179041,0.37500012329031535,0.27356020942408377,0.13910814872985378,0.8955188936435139,1.0,0.0,0.2735608716309051,0.1392375230914433,0.8941458036445232,1.0
"bilirubin degradation product, C17H18N2O4 (1)",Partially Characterized Molecules,Partially Characterized Molecules,-0.036220981237793784,-0.01552053123249045,-0.004508645955195295,-0.012102456252018473,-0.013302422119403117,-0.028961344868243536,-0.03193599411817837,-0.016535201372728826,0.37500012329031535,0.06806282722513088,0.11549808525232065,0.5811724164465386,0.0,62.45969738219894,0.06806117338880542,0.1154532962717898,0.5775247890379218,0.0
"bilirubin degradation product, C17H18N2O4 (2)",Partially Characterized Molecules,Partially Characterized Molecules,-0.03712575291755956,-0.011096682970983197,-0.00461017481904247,-0.006661083243041899,-0.018767234625531537,-0.03106902985528824,-0.03484499851347987,-0.009712959692571185,0.37500012329031535,0.06806282722513088,0.13300001592560634,0.5804156594942992,0.0,58.241996858638714,0.06806117338880542,0.13228853038372299,0.5766461106878018,0.0
"bilirubin degradation product, C17H18N2O4 (3)",Partially Characterized Molecules,Partially Characterized Molecules,-0.03645463986650781,-0.01168385981945893,-0.007518274217706637,-0.007234970308964692,-0.01903988133394463,-0.030815431268338307,-0.03409031034613698,-0.006162097899073216,0.37500012329031535,0.06806282722513088,0.128668927412729,0.5804738090070072,0.0,59.81776439790576,0.06806117338880542,0.12871655180543548,0.5764653936635422,0.0
"bilirubin degradation product, C17H20N2O5 (1)",Partially Characterized Molecules,Partially Characterized Molecules,-0.03251158377875196,-0.011775572006217478,-0.006701079462133211,-0.007103705953128536,-0.01540947115227774,-0.03882793451770754,-0.03355508732542522,-0.007836864243608839,0.37500012329031535,0.06806282722513088,0.13716900527118742,0.5798831488231216,0.0,62.2757434554974,0.06806117338880542,0.13836984106977057,0.5765378495253664,0.0
"bilirubin degradation product, C17H20N2O5 (2)",Partially Characterized Molecules,Partially Characterized Molecules,-0.0326093680778805,-0.011396860780245821,-0.0015626754339339618,-0.006764102846220789,-0.014177961874991188,-0.039554188618621124,-0.03547838265142857,0.0034500941582457124,0.37500012329031535,0.06806282722513088,0.14032692778613925,0.5801708965958133,0.0,70.25384397905763,0.06806117338880542,0.1415935267323295,0.5750746612344706,0.0
biliverdin,Cofactors and Vitamins,Hemoglobin and Porphyrin Metabolism,-0.07948580124907846,-0.07156844602057005,-0.06644722359010893,-0.06884333419611313,-0.06496187586337705,-0.07795832028173393,-0.08163989141888509,-0.07375403364901482,0.37500012329031535,0.23167539267015708,0.12999524770617366,0.815170498158607,1.0,0.0,0.23167302284371508,0.12968002985979524,0.8087710695564124,1.0
biopterin,,,0.1304767617305494,0.1300007740655712,0.1335703106047034,0.12926674781967995,0.1312736322138056,0.13927235905687155,0.14834285791410967,0.14485041999609888,0.37500012329031535,0.18324607329842932,0.15607730561477423,0.62657626289647,0.0,73.3190722513089,0.1832479422679353,0.15618548680015373,0.6454336698363633,0.0
biotin,Cofactors and Vitamins,Biotin Metabolism,-0.026962801171306765,-0.00898683470809578,0.00890313173159851,-0.006043674342011235,0.006143578860649835,-0.0347351830640135,-0.025769367850159968,0.012970227914833186,0.37500012329031535,0.1950261780104712,0.1211239717571036,0.8170911772468954,1.0,0.0,0.19502035260731665,0.12019676503744386,0.8134240883610607,1.0
"branched-chain, straight-chain, or cyclopropyl 12:1 fatty acid",,,-0.11071996043903116,-0.07588171290647538,-0.09555434421141636,-0.0753437488442481,-0.08822492507808986,-0.11304376240569164,-0.10623003617136574,-0.08181849122229179,0.37500012329031535,0.10471204188481675,0.12801450014857146,0.6188655213447356,0.0,64.46128062827222,0.10471384362520386,0.1300937608719144,0.6268303601101031,0.0
butyrate/isobutyrate (4:0),Lipid,Short Chain Fatty Acid,-0.023673299345589278,-0.017455859781494845,-0.011512345501666493,-0.015368935729598365,-0.009431336830309684,-0.03147687265460792,-0.02995656859477867,-0.019366559413667835,0.37500012329031535,0.06806282722513088,0.11276298638573212,0.5835526909984159,1.0,0.0,0.06806117338880542,0.11474221346312945,0.5762802013571955,1.0
butyrylcarnitine,Lipid,Fatty acid metabolism (also BCAA metabolism),0.056862805161433105,0.023073806426885765,0.0467239539416573,0.022108338440290292,0.0294508269243053,0.003278624065867613,-0.002720087719195443,0.02916988805237836,0.37500012329031535,0.6714659685863875,14.777457873551478,0.09995986504936794,1.0,0.0,0.6714588389383259,17.373429601061826,0.08532721737674008,1.0
cadaverine,,,-0.10870151714757313,-0.1099293686086809,-0.12107440880876436,-0.10868477707450254,-0.10928819540256522,-0.11917111602440673,-0.11362094237522345,-0.0988506397720474,0.37500012329031535,0.048429319371727744,4.624019137635148,0.1160933029985685,0.0,85.66004712041885,0.04842893280429395,5.103820598901305,0.11922866804593459,0.0
caffeine,Xenobiotics,Xanthine Metabolism,0.17827086913953433,0.21653982736887933,0.20097724338059345,0.2174001657219079,0.22247858359225028,0.21023588873920498,0.23104954698465674,0.22093630578780865,0.37500012329031535,0.6151832460732984,1.067027033324488,0.44288027095179217,0.0,76.81267643979052,0.6151764962697587,1.0717084631410374,0.46531888482026007,0.0
campesterol,Lipid,Sterol/Steroid,0.06928710800647184,0.06445087122133379,0.08636642752032318,0.05651528601446931,0.09765693289059435,0.08250372717374231,0.09310723081133436,0.07487136120217422,0.37500012329031535,0.2238219895287958,0.15577576619023384,0.7532513663591391,0.0,58.20056649214659,0.22382346520795612,0.15653237680974974,0.7518836726705483,0.0
caprate (10:0),Lipid,Medium Chain Fatty Acid,0.08048209798980671,0.14168075761040425,0.08148076035777684,0.13897441511204672,0.13816841029498256,0.07718073418406882,0.07620029387554621,0.12964258605713702,0.37500012329031535,0.6884816753926701,10.552391955233556,0.18651000295635514,1.0,0.0,0.68847670043787,11.353184965299583,0.1631020501374075,1.0
caproate (6:0),Lipid,Medium Chain Fatty Acid,0.020444423797947024,0.04733088654083743,0.03959646000935457,0.046459114427110745,0.06676922124369747,0.02003952180875427,0.04080620833319201,0.05118085432299668,0.37500012329031535,0.5078534031413613,8.79552729253096,0.12794945347669257,1.0,0.0,0.5078469894834162,9.471476651669631,0.15374944355113113,1.0
caprylate (8:0),Lipid,Medium Chain Fatty Acid,-0.019588741895341266,-0.0212850577996497,-0.02524240841110481,-0.020964129742970208,0.0006122644143093415,-0.005334552125852729,-0.008565106650758407,-0.008010018923109308,0.37500012329031535,0.34685863874345546,13.553956777125283,0.09828977131973712,1.0,0.0,0.3468482350373024,34.074678205319096,0.11078925317436701,1.0
carboxyethyl-GABA,Amino Acid,Glutamate Metabolism,-0.08387774568762342,-0.07846519523372436,-0.05407248853085787,-0.08051447019329112,-0.06397795065859971,-0.06264140617625923,-0.0674732881870585,-0.04874797607815327,0.37500012329031535,0.23167539267015708,0.11549211194042705,0.8210136415596281,0.0,58.38296544502616,0.23167302284371508,0.1149256407880036,0.8106789930123446,0.0
carnitine,Lipid,Carnitine Metabolism,0.006318951568063598,-0.0007212853884648348,-0.011946199652489215,-0.002874537744361839,-0.021357066863785332,-0.01645432995047472,-0.01999169810157719,0.009856529000370885,0.37500012329031535,0.7198952879581152,3.2446479054319823,0.20720799134877782,1.0,0.0,0.7198877717426199,3.3180523026184314,0.19579812273710995,1.0
carnitine(12:0),Lipid,,0.10778020606926764,0.10211208350126687,0.09807228073943798,0.10500810335924442,0.11037060441293342,0.10687362380664947,0.10872627942864478,0.09949340188244021,0.37500012329031535,0.09685863874345549,0.06481706709334963,0.9145051301199145,0.0,66.13637172774871,0.0968642859894449,0.06526387259883147,0.9166159478946221,0.0
carnitine(14:0),Lipid,,0.10636355924420623,0.10158602064902732,0.10183187052865644,0.10440169504952448,0.11385681373557784,0.10564408829444312,0.10644057617803346,0.11258634199670794,0.37500012329031535,0.09685863874345549,0.05401342915151766,0.9152179788671518,0.0,63.49168272251311,0.0968642859894449,0.05488748597844687,0.9173521209176586,0.0
carnitine(14:1),Lipid,,0.113355010430442,0.10236479262863896,0.0956442674886709,0.10520798424522775,0.11395317747531175,0.10568683269271723,0.10862323608269667,0.10172543853638755,0.37500012329031535,0.09685863874345549,0.06774532702972393,0.9142142415083169,0.0,73.50147853403143,0.0968642859894449,0.06766360069703121,0.9165500834665373,0.0
carnitine(16:0),Lipid,,0.10830875469582944,0.09686243244943077,0.1065095031054605,0.099540574252883,0.11219553869645232,0.11621741117003884,0.11542569036907678,0.10971195617936998,0.37500012329031535,0.09685863874345549,0.04073430208161268,0.9160000349201661,0.0,68.90197591623037,0.0968642859894449,0.04096891054170124,0.9178200542532472,0.0
carnitine(16:1),Lipid,,0.11015648388981614,0.10115268466442402,0.09890222297462914,0.10398336116232393,0.11764671524922767,0.10666105706928639,0.10885793854914425,0.11664144101471217,0.37500012329031535,0.09685863874345549,0.05395854172997536,0.9152273083852616,0.0,61.411967539267025,0.0968642859894449,0.05415041089819559,0.9172281918084741,0.0
carnosine,Peptide,Dipeptide Derivative,0.13870970541887184,0.16696563619916885,0.14940754808725856,0.1624652558144233,0.17801470393619734,0.13407596965575022,0.1307029022793965,0.18842959139711876,0.37500012329031535,0.606020942408377,2.0768386007346873,0.3231831972332506,1.0,0.0,0.6060133287106592,2.0917677901886154,0.3169446398534905,1.0
carotene diol (1),Cofactors and Vitamins,Vitamin A Metabolism,-0.07795435445935088,-0.06212774571759275,-0.034381717417951235,-0.06597444282264611,-0.04712202082291853,-0.06735320160274932,-0.06289046538147887,-0.03523702140180621,0.37500012329031535,0.23167539267015708,0.11835460982449261,0.8231616122464291,0.0,57.938624083769625,0.23167302284371508,0.11853290120866593,0.8120493947086317,0.0
carotene diol (2),Cofactors and Vitamins,Vitamin A Metabolism,-0.10928612132269504,-0.09588843259773856,-0.08201933533841999,-0.09145314253142173,-0.10071100114464497,-0.10578763371007843,-0.10998604434256218,-0.08782044151149376,0.37500012329031535,0.10471204188481675,0.08517427637744719,0.6012529261218933,0.0,63.466334031413595,0.10471384362520386,0.08554272252267041,0.609818907714743,0.0
carotene diol (3),Cofactors and Vitamins,Vitamin A Metabolism,-0.1092107352279208,-0.09859982816546903,-0.07041938025756084,-0.09771633190685262,-0.09857683555625206,-0.10401440813165741,-0.10165067758359769,-0.07675717750022834,0.37500012329031535,0.10471204188481675,0.08673284254693833,0.6042539338259543,0.0,62.443531937172764,0.10471384362520386,0.08680856060620674,0.614533561188174,0.0
catechol sulfate,Xenobiotics,Benzoate Metabolism,0.027845476730189167,0.06252833495857074,0.04039369616104222,0.062224307837950105,0.0714819765218144,0.0167907067061547,0.011390607468357693,0.025615656463207792,0.37500012329031535,0.5549738219895288,42.89942644859724,0.0778671178646352,0.0,69.48567434554974,0.5549687327452265,106.37263023887708,0.05290748594564353,0.0
cefazolin,Xenobiotics,Drug - Antibiotic,-0.07521425843680768,-0.06709844220734544,-0.05276380082529681,-0.06613842411878058,-0.06695525214887209,-0.07693587011617857,-0.08291846143605232,-0.055735113840275255,0.37500012329031535,0.23167539267015708,0.11523579139955442,0.8199474206688657,0.0,53.07919476439792,0.23167302284371508,0.11524866770992415,0.8116819637410867,0.0
"ceramide (d16:1/24:1, d18:1/22:1)",,,-0.06795827676030906,-0.07342801731121641,-0.055063908686745267,-0.07412269915929715,-0.06473022479642124,-0.10001421366724773,-0.09742986883264072,-0.04449008593123805,0.37500012329031535,0.23167539267015708,0.12936446433935456,0.8175740510623692,0.0,49.58041570680626,0.23167302284371508,0.12924745994903628,0.8090485855042667,0.0
"ceramide (d18:1/14:0, d16:1/16:0)",,,-0.08172190425512896,-0.07153027884756392,-0.06500196121987577,-0.073270445555045,-0.06947033691637985,-0.0833923123492458,-0.08314008419249577,-0.06735986722490325,0.37500012329031535,0.23167539267015708,0.09804414278781244,0.8201551990689278,0.0,60.426392670157085,0.23167302284371508,0.09759307250964856,0.8118589882292536,0.0
"ceramide (d18:1/17:0, d17:1/18:0)",,,-0.090236339592735,-0.06992221416226979,-0.06930143384211318,-0.06827627237074159,-0.05711294972149587,-0.08170491978683893,-0.08420323963311827,-0.059164498430275804,0.37500012329031535,0.23167539267015708,0.12410969054198914,0.8118430626736334,0.0,48.3427842931937,0.23167302284371508,0.12369307692177565,0.804674973185484,0.0
"ceramide (d18:1/20:0, d16:1/22:0, d20:1/18:0)",,,-0.07199078391424396,-0.06428563029523687,-0.03534831389039982,-0.0638565715247873,-0.057013646104087455,-0.07351062609966304,-0.07789143740532685,-0.0376154178058657,0.37500012329031535,0.16361256544502617,0.055412389986076435,0.6818546092029034,0.0,51.61410890052356,0.16361184945490967,0.05566165772767181,0.6672804107210822,0.0
"ceramide (d18:2/24:1, d18:1/24:2)",,,-0.07271943490402696,-0.07431582016208567,-0.03884700135481063,-0.07434913914599435,-0.0668643405966326,-0.08958067541015567,-0.08312446566684012,-0.0468248539907534,0.37500012329031535,0.16361256544502617,0.04587057882608725,0.6813531623814334,0.0,59.4185602094241,0.16361184945490967,0.045912432946767244,0.6634441028632576,0.0
cerotoylcarnitine (C26),,,-0.0770958743706424,-0.07277014587220806,-0.051376055888863285,-0.06790318100293735,-0.06601100994990965,-0.09025184151060145,-0.08408689648862859,-0.053361619085498274,0.37500012329031535,0.23167539267015708,0.09745718331811143,0.8212304175272893,0.0,57.065763350785346,0.23167302284371508,0.0972007772548959,0.8119399803608855,0.0
chenodeoxycholate,Lipid,Bile Acid Metabolism,0.1059295196728425,0.09896193894798563,0.12561235533350565,0.10105471566747139,0.11479032144376447,0.12422972303104028,0.12715940140687024,0.14980006648061486,0.37500012329031535,0.4594240837696335,0.7600692572745298,0.49464735683910305,1.0,0.0,0.45942062483146495,0.7607844020755984,0.5412782973402039,1.0
chiro-inositol,Lipid,Inositol Metabolism,0.0375946294257095,0.045496285756880424,0.042655180321055836,0.04272728153052225,0.04443740119112983,0.05195405042285948,0.06969573550208806,0.030370819491273984,0.37500012329031535,0.30497382198952877,1.3343795438536696,0.35968214906386864,0.0,55.01653193717281,0.30496680663096937,1.3352904389574685,0.3016675649073137,0.0
cholate,Lipid,Bile Acid Metabolism,0.07404207156640134,0.07122271801254265,0.042127319287338004,0.07173751314548267,0.061870044911040575,0.05767948842400027,0.06385723904349845,0.08881247642588283,0.37500012329031535,0.4018324607329843,0.7037705717759994,0.5093418670552765,1.0,0.0,0.40182852446807144,0.7042435028116875,0.5529426648620244,1.0
cholesterol,Lipid,Sterol/Steroid,0.10701146153434941,0.13503797829556122,0.14749403127576968,0.13094024521565686,0.12243348570105002,0.07762093573340492,0.09310302173771401,0.11319011392942763,0.37500012329031535,0.7683246073298429,1.4880078227452946,0.23346842538529256,1.0,0.0,0.7683231249277708,1.4530322739620047,0.2465859715984843,1.0
cholesterol sulfate,Lipid,Sterol,-0.03274235346863495,0.0011366411636449106,0.010230944033554694,5.958199648138645e-05,-0.014381368499124875,-0.036419721388463194,-0.03709560746888796,-0.009021224924797665,0.37500012329031535,0.06806282722513088,0.06570150616528951,0.5854623718162296,1.0,0.0,0.06806117338880542,0.06579025344486794,0.5782743431341935,1.0
choline,Lipid,Phospholipid Metabolism,-0.002332296830814741,0.02450305460331262,0.015142731931465344,0.020802072900587495,0.01905922972633574,-0.015250297731708069,0.013063449409051889,0.05121536471549282,0.37500012329031535,0.6845549738219895,3.6361159912781367,0.3312457147090411,1.0,0.0,0.6845499955057335,3.9435297245689647,0.26390803815018365,1.0
ciliatine (2-aminoethylphosphonate),Xenobiotics,Food Component/Plant,-0.14485361706638766,-0.12016039791736767,-0.15558442522590166,-0.11874404077168563,-0.1555391774651845,-0.14176950838767977,-0.13764326376961136,-0.15013207005948573,0.37500012329031535,0.03664921465968586,0.0870840765524547,0.695087986827612,1.0,0.0,0.03665267023639842,0.09076756038590326,0.7095990478698417,1.0
"cis-3,4-methyleneheptanoylcarnitine",Lipid,"Fatty Acid Metabolism (Acyl Carnitine, Medium Chain)",-0.026387284669041774,-0.026536301947405503,0.008849631312359921,-0.027568020436384226,-0.009266277096644987,-0.02846416477572517,-0.02642754140362199,-0.007111508546226446,0.37500012329031535,0.06806282722513088,0.06967028520139998,0.5828176911950422,0.0,66.9456219895288,0.06806117338880542,0.0715750826853362,0.5788765363981186,0.0
cis-4-decenoate (10:1n6),,,-0.03451373395784917,-0.018737248197137176,-0.005745298436524852,-0.017071154674972958,-0.01703591657037721,-0.03396994864882289,-0.03339401478952037,0.00023951928659218108,0.37500012329031535,0.1950261780104712,0.11341799292249855,0.8168090309841218,0.0,51.60191308900523,0.19502035260731665,0.11294686882898747,0.8155959017449549,0.0
cis-4-decenoylcarnitine (C10:1),Lipid,"Fatty Acid Metabolism (Acyl Carnitine, Monounsaturated)",-0.08685290934576381,-0.0650867917152113,-0.048282007201337296,-0.06443882933141586,-0.06400805210394435,-0.08083537616559457,-0.08537775314243116,-0.042455988013744325,0.37500012329031535,0.23167539267015708,0.10562083030801114,0.8314940559622748,0.0,55.54678952879583,0.23167302284371508,0.10636535905374962,0.8216015656801661,0.0
cis-aconitate,Energy,TCA Cycle,0.07963005068560794,0.10074488507652218,0.0729422624221845,0.0911986574015613,0.09388207838338114,0.08042654203348092,0.07266072376440073,0.07693842841483241,0.37500012329031535,0.2905759162303665,1.9263447436662875,0.22902349148012058,1.0,0.0,0.2905723127495923,2.044794077282418,0.214377587644106,1.0
cis-urocanate,Amino acid,Histidine Metabolism,-0.15653698640579528,-0.14482679448607116,,-0.14296304049726416,,-0.1692633304151976,-0.16779137531954247,,0.37500012329031535,0.02356020942408377,0.08764314841199287,0.5556821117705728,0.0,85.12589109947643,0.02356022959281945,0.08701373588502716,0.6157200196397334,0.0
cis-vaccenate (18:1n7),Lipid,Long Chain Fatty Acid,0.046641022876967905,0.06856058733828707,0.09826128374135545,0.06288613790158804,0.054550417311092315,0.07336793774525538,0.07466181574895837,0.09907515621962469,0.37500012329031535,0.4044502617801047,9.596607323209037,0.0959895109776919,1.0,0.0,0.4044480398577243,9.712179973846082,0.10328742293251653,1.0
citraconate/glutaconate,Energy,TCA Cycle,-0.03540283062069534,-0.013330333834550104,-0.005560283259074373,-0.011153077322723364,-0.008166650673427958,-0.03153333256784913,-0.03228291798997417,-0.008280311618006637,0.37500012329031535,0.06806282722513088,0.05418608496754669,0.5868570359670431,0.0,78.9520083769633,0.06806117338880542,0.05457846871294908,0.5795522534052163,0.0
citramalate,Amino acid,"Valine, leucine and isoleucine metabolism",-0.12244563763489025,-0.11253849665867662,-0.1203462314848446,-0.11544997352785044,-0.1352639962674838,-0.11606307905244373,-0.11670798538852063,-0.12681457860459572,0.37500012329031535,0.041884816753926704,0.09637461058088234,0.47747059824415616,0.0,76.76906806282727,0.04188784878719006,0.09582176893982176,0.4922177308921036,0.0
citrate,Energy,TCA Cycle,0.06493980668398644,0.03902597205231119,0.08686623775140603,0.03439731777441067,0.05191202299174732,0.09692854722136539,0.10269609227528723,0.07478230566299104,0.37500012329031535,0.8167539267015707,10.111334272676897,0.11603755594143754,1.0,0.0,0.8167520577320646,10.622159767063481,0.1008696939642082,1.0
citrulline,Amino acid,Urea cycle; Arginine and Proline Metabolism,-0.038626898063772286,-0.009899691854942532,0.0060094038130947165,-0.008941048490106095,-0.043881869674898245,-0.02760186253345417,-0.038351380528563316,-0.014700137925703223,0.37500012329031535,0.7198952879581152,2.6690516122959793,0.3064138243759431,1.0,0.0,0.7198877717426199,2.7037395536818614,0.28879511052422363,1.0
clindamycin,Xenobiotics,Drug - Antibiotic,-0.10543316731659315,-0.07657048483733685,-0.06112024918121943,-0.07397313096762047,-0.06588942140098862,-0.10838963500807478,-0.10907134202415916,-0.057734988079961184,0.37500012329031535,0.10732984293193717,0.15469776528749646,0.5553787280077842,0.0,62.68970471204188,0.10732437048165695,0.15566601323796955,0.5605680778163912,0.0
coenzyme A,Cofactors and Vitamins,Pantothenate and CoA Metabolism,0.08644066643818249,0.10206273394457951,0.11762300311134538,0.1011771627439854,0.11061545323710177,0.1019522704837598,0.11355848014245411,0.09111662479647512,0.37500012329031535,0.2827225130890052,5.25870082021547,0.14137607639867827,1.0,0.0,0.2827137665806336,5.89590549063994,0.11275651683386075,1.0
"conjugated linoleate (18:2n7; 9Z,11E)",Lipid,Long Chain Fatty Acid,0.02185061266735839,0.013672447904915348,0.006779192605360055,0.014038642239802106,0.01643673046218114,0.02557276483250536,0.023068752522104153,0.012543508796245797,0.37500012329031535,0.07984293193717278,0.07167189840716096,0.4383934927833957,0.0,80.26828062827224,0.07984642448990074,0.07378502223902948,0.4819429685000352,0.0
cortisol,Lipid,Sterol/Steroid,-0.09321859130862098,-0.06108814705546255,-0.0735963049304848,-0.062202829912892985,-0.07813664221247837,-0.08053164784919903,-0.0767672994794116,-0.046616149644600965,0.37500012329031535,0.23036649214659688,0.5900511158139269,0.42249885059654335,1.0,0.0,0.23035812884420304,0.5878224300580918,0.41412538542116845,1.0
cortisone,Lipid,Corticosteroids,0.08222420188855799,0.10127520090376542,0.11584837052744003,0.10558826995649874,0.13323656170805862,0.08877743779595053,0.08998363568240061,0.14437316665439526,0.37500012329031535,0.3782722513089005,0.7299437305496197,0.5524571690511277,0.0,66.89359685863874,0.378268294875252,0.7303181261443651,0.5882085210498483,0.0
creatine,Amino Acid,Creatine Metabolism,-0.006960449471109893,0.00729037280763719,-0.012097616016309924,0.003837488478127403,-0.020336926890957573,-0.02681163041673789,-0.0377047828542527,0.004553259336944121,0.37500012329031535,0.7198952879581152,4.257811162749971,0.26074337634179956,1.0,0.0,0.7198877717426199,4.180329787274093,0.238435262628769,1.0
creatine phosphate,Amino Acid,Creatine Metabolism,-0.043857052286838685,-0.007040443526174046,0.01499750701787088,-0.007050765395905492,0.007948508518428123,-0.028584967558937427,-0.02495797800863431,0.0012438851272981541,0.37500012329031535,0.1950261780104712,0.16099481673183164,0.8171782344233339,1.0,0.0,0.19502035260731665,0.1608803303863022,0.8096277346132931,1.0
creatinine,Amino acid,Creatine Metabolism,0.053175204730141035,0.06484994517881683,0.1401315183826076,0.06257660365041161,0.10844677250637008,0.09674692732093798,0.062185711902831474,0.12304822351038916,0.37500012329031535,0.8167539267015707,2.4117924090128993,0.23131929681448543,1.0,0.0,0.8167520577320646,2.7135752870434344,0.15980087262139606,1.0
"cys-gly, oxidized",Amino Acid,Glutathione Metabolism,0.20133661750880344,0.20224285841010198,0.20428923624096829,0.2022284738214002,0.20144614172270037,0.21686417129974483,0.20985241163588006,0.20215936947973168,0.37500012329031535,0.11910994764397906,1.185685477368743,0.34774154409762836,0.0,77.17111727748693,0.11910320120189528,1.1880622315013676,0.3603854493560501,0.0
cystathionine,Amino acid,"Cysteine, methionine, SAM, taurine metabolism",-0.0794471433091174,-0.07429738382721923,-0.10256336061962036,-0.07395570403490255,-0.09055288557107959,-0.11047607874824222,-0.10671763594511446,-0.08050988501469782,0.37500012329031535,0.3481675392670157,11.466120084599599,0.07990556281700034,1.0,0.0,0.3481708334938429,26.8725195164904,0.09195604690619368,1.0
cysteine,Amino Acid,"Methionine, Cysteine, SAM and Taurine Metabolism",0.1020789844760979,0.11291803707958752,0.12150336584348846,0.1132106043318792,0.13135476033519866,0.09471229690168599,0.11981822329230822,0.13158874465494924,0.37500012329031535,0.7683246073298429,4.958764337748802,0.1345729606963619,1.0,0.0,0.7683231249277708,4.783099520310441,0.1373707775475555,1.0
cysteine s-sulfate,Amino Acid,"Methionine, Cysteine, SAM and Taurine Metabolism",-0.09390174647438894,-0.09736702010346895,-0.07289284431552889,-0.09736401479096286,-0.08029474528715753,-0.10429265111855839,-0.10281673212432438,-0.08571140768488768,0.37500012329031535,0.10471204188481675,0.09698901472763098,0.5875466520875037,1.0,0.0,0.10471384362520386,0.09551411530611492,0.5989320304120026,1.0
cysteine sulfinic acid,Amino Acid,"Methionine, Cysteine, SAM and Taurine Metabolism",-0.05090322347863401,-0.029748777151409573,-0.031947434303066534,-0.03276156413446202,-0.014053794272930166,-0.06035253120783821,-0.06089879662428464,-0.013624484709280746,0.37500012329031535,0.31282722513089,0.16967863753221013,0.8820410108509076,1.0,0.0,0.31282535279992807,0.16927758114222288,0.8752286761448054,1.0
cysteine-glutathione disulfide,Amino acid,Glutathione Metabolism,0.025320118225787,-0.005423025493844847,-0.005683724197072847,-0.009376161340625128,-0.019431782694349146,-0.0027992753848325247,-0.008766739232619605,0.0010375752145759158,0.37500012329031535,0.7198952879581152,23.399475959042064,0.10174880588330187,0.0,60.17156439790577,0.7198877717426199,15.400176702618595,0.12492758682606438,0.0
cysteinylglycine,Peptide,Dipeptide,0.19714633052290048,0.2222815142985029,0.2244324211588989,0.21832413939840012,0.20595698568209422,0.15460685517786313,0.1595540222722984,0.22238003865880496,0.37500012329031535,0.5471204188481675,42.9523719444467,0.18933228223263698,1.0,0.0,0.5471153228809532,20.45296758770571,0.16808997942331813,1.0
cysteinylglycine disulfide,,,-0.0902130542851448,-0.06514891278939312,-0.04253106852274192,-0.06477540971391244,-0.05826387853103258,-0.0800237076065103,-0.07878706596850968,-0.042196967743296725,0.37500012329031535,0.23167539267015708,0.18368081107819337,0.8021341132863786,0.0,50.47357486910995,0.23167302284371508,0.1835560563962375,0.7936138016896114,0.0
cystine,Amino acid,"Cysteine, methionine, SAM, taurine metabolism",0.1566916508651748,0.14897948109620085,0.19039606336623682,0.14621268361751744,0.17097331755737888,0.1747151569617455,0.15820983259776591,0.18487174236362397,0.37500012329031535,0.8547120418848168,6.537666416855202,0.13498718873151794,1.0,0.0,0.8547067812062612,7.508579241666612,0.13864785234291552,1.0
cytidine,Nucleotide,"Pyrimidine Metabolism, Cytidine containing",-0.050889092984194695,0.008488040853701563,0.03537747042168081,0.007096939020154328,0.01750834356033005,-0.021708188137446006,-0.035194116240515445,-0.007283856883301728,0.37500012329031535,0.7198952879581152,8.111353931240217,0.1297051256555745,1.0,0.0,0.7198877717426199,8.87025417416122,0.11298470122055959,1.0
cytidine 2' or 3'-monophosphate (2' or 3'-CMP),Nucleotide,"Pyrimidine Metabolism, Cytidine containing",-0.024532790049329574,-0.02241702441851071,-0.00529107793826747,-0.019766236143857856,-0.004432586531419748,-0.030406819132047316,-0.039887766849077924,-0.0014367396782622318,0.37500012329031535,0.06806282722513088,0.07546506848062039,0.5846616982404748,0.0,69.66400942408376,0.06806117338880542,0.07810971949254743,0.5796311521350708,0.0
"cytidine 2',3'-cyclic monophosphate",Nucleotide,"Pyrimidine Metabolism, Cytidine containing",-0.1730874825627995,-0.17861133855536976,-0.1642540866187721,-0.17800896797062338,-0.17839507494575713,-0.17560619233025987,-0.19026375836475506,-0.16757714022893203,0.37500012329031535,0.20549738219895286,28.9838037356509,0.07714018387808128,0.0,64.99492356020943,0.2054996982420997,8.821858015845905,0.09190112574034158,0.0
cytidine 3'-monophosphate (3'-CMP),Nucleotide,"Pyrimidine Metabolism, Cytidine containing",0.04108030493891743,0.039481992879803744,0.03315082376081053,0.03624015091495737,0.018190508663150907,-0.011963550954919815,0.0011049557644995291,0.05964625973040204,0.37500012329031535,0.4921465968586387,0.6649366184364336,0.4863337056847066,0.0,62.81228167539267,0.4921453060595555,0.66506643592072,0.5461360668551002,0.0
cytidine 5'-diphosphocholine,Lipid,Phospholipid Metabolism,-0.007260228518674189,0.02249679119533814,0.007780774990859557,0.021286159889280058,0.024200979763770503,-0.015457994611442103,-0.004394813338959229,0.023365425639064814,0.37500012329031535,0.7198952879581152,4.074828303920935,0.18795572887941359,1.0,0.0,0.7198877717426199,4.303805710244525,0.17881580595576016,1.0
cytidine 5'-monophosphate (5'-CMP),Nucleotide,"Pyrimidine Metabolism, Cytidine containing",0.026969023662500414,0.06611548806220874,0.045108232914576954,0.06579919038462347,0.04516730973915506,0.029960301774433058,0.04670168006644342,0.027334643875641065,0.37500012329031535,0.6832460732984293,6.270656304816342,0.12414929489095497,1.0,0.0,0.6832351015062214,5.520303688108509,0.10966733715278748,1.0
cytidine 5'-monophospho-N-acetylneuraminic acid,Carbohydrate,Nucleotide Sugar,-0.09757282375723349,-0.07647816298924381,-0.02898808486056501,-0.07571668157065789,-0.059421263665495536,-0.08024356983432578,-0.08674282071087358,-0.03816343020907286,0.37500012329031535,0.23167539267015708,0.11987392769307384,0.8297420261822327,1.0,0.0,0.23167302284371508,0.12016698763167537,0.817325093357456,1.0
cytidine diphosphate,Nucleotide,"Pyrimidine Metabolism, Cytidine containing",-0.08258859411100376,-0.06751675513731865,-0.07193788487238603,-0.06614670401847125,-0.05603304870036698,-0.08417429485625925,-0.07613617805088141,-0.07429889925724747,0.37500012329031535,0.24345549738219896,0.7087355497318113,0.5784432348297448,1.0,0.0,0.2434492854116106,0.702330298945241,0.5812037110744951,1.0
cytidine triphosphate,Nucleotide,"Pyrimidine Metabolism, Cytidine containing",-0.0418865200012874,-0.020906350412967078,0.003112743019264596,-0.022828944241935656,-0.016383447280546134,-0.02342894850304954,-0.03263624776961269,-0.015575371409182661,0.37500012329031535,0.06806282722513088,0.08847728997681298,0.5830768124986905,1.0,0.0,0.06806117338880542,0.08888268098131308,0.5782743086378829,1.0
cytidine-5'-diphosphoethanolamine,Lipid,Glycerolipid Metabolism,-0.0857664289312907,-0.0764229022210521,-0.04038249720284751,-0.08383551701746049,-0.052706027380597306,-0.0843201180718152,-0.08843082858056014,-0.07023465651328892,0.37500012329031535,0.33638743455497383,0.3373573275451738,0.8883836181186853,1.0,0.0,0.3363855823927476,0.3371972066052928,0.8819363268997288,1.0
cytosine,Nucleotide,"Pyrimidine Metabolism, Cytidine containing",-0.0596650001343173,-0.027628966453775963,-0.025773026769224727,-0.03262030873589364,-0.022206388664463266,-0.050808008083382344,-0.0655773088574968,-0.025150553441619216,0.37500012329031535,0.31282722513089,0.20152522540535384,0.8896888755306033,1.0,0.0,0.31282535279992807,0.20130303313756323,0.8790009376974403,1.0
decanoylcarnitine,Lipid,Carnitine Metabolism,0.0552085085787506,0.050842171594669035,0.06731351791092091,0.05063335423759468,0.05769628505146491,0.050329454680953616,0.05225982597148553,0.0803916388994264,0.37500012329031535,0.3861256544502618,1.443421957286559,0.24756787028504001,1.0,0.0,0.38611400028249676,1.4511740082584235,0.22662234568284403,1.0
dehydroascorbate,Cofactors and Vitamins,Ascorbate and Aldarate Metabolism,-0.043485692506904046,-0.044049795586254055,-0.016482760777970524,-0.04787104342774384,-0.04211432280693714,-0.04732789078604502,-0.046988843241477084,-0.0274811209788146,0.37500012329031535,0.31282722513089,0.1926920268439764,0.876275604047535,1.0,0.0,0.31282535279992807,0.19251128593284264,0.8679059208331873,1.0
dehydroisoandrosterone sulfate (DHEA-S),Lipid,Sterol/Steroid,0.0681266887686041,0.12345604231974854,0.11934310799987466,0.12393275192488011,0.08792473615494117,0.0714942982174696,0.07833391474696129,0.06899289326768135,0.37500012329031535,0.45418848167539266,1.4336460851749508,0.3036606987236823,1.0,0.0,0.4541828781283306,1.4457853870444044,0.29775309560587443,1.0
delta-tocopherol,Cofactors and Vitamins,Tocopherol Metabolism,-0.02857683339013532,-0.025016667646942523,-0.020534569538994987,-0.021938179914449227,-0.01621329683065292,-0.034014381497295354,-0.03800323668597573,-0.025405005242854075,0.37500012329031535,0.06806282722513088,0.08856166143283352,0.5846285885021214,0.0,52.26378534031413,0.06806117338880542,0.08791103512909819,0.5787838635867141,0.0
deoxycarnitine,Lipid,Carnitine Metabolism,-0.019592090689706097,0.0011177553782407148,-0.012981072473182845,0.0018633760293815724,0.012666908896065442,-0.006758318054563756,-0.003908564504830776,0.01218807762268931,0.37500012329031535,0.7198952879581152,5.604255080704981,0.12118652088335352,1.0,0.0,0.7198877717426199,5.863477743604143,0.11236967838608865,1.0
deoxycholate,Lipid,Bile Acid Metabolism,-0.046135163548478186,-0.020075713989989533,-0.012964502209845482,-0.02382092333043577,-0.027461678738911196,-0.0484178802571873,-0.04415263630250642,-0.019818670555932047,0.37500012329031535,0.2997382198952879,0.25896722383335835,0.8439216321310788,1.0,0.0,0.2997329121563492,0.2592658712820293,0.8475839525027448,1.0
desmosterol,Lipid,Sterol/Steroid,-0.03273407795097969,-0.01855920887342605,-0.019264122265298365,-0.03527649502931591,-0.012347211074774742,-0.048237080641891486,-0.0629149214501658,-0.016997240402289445,0.37500012329031535,0.24476439790575916,0.2785324408277781,0.8000229542542099,1.0,0.0,0.2447641794111227,0.27842308485801565,0.8131721039333839,1.0
dexamethasone,Xenobiotics,"Drug - Antiinflammatory, Immunosuppressant",-0.03199316056537282,-0.010703889016005563,-0.00010232181030021436,-0.010430607950430035,-0.015914657337509193,-0.031990554240123086,-0.018627029741734056,-0.006706963124814764,0.37500012329031535,0.06806282722513088,0.04879823241533396,0.584451714983258,0.0,74.14927434554976,0.06806117338880542,0.04866576867679748,0.5803480120460227,0.0
dexpanthenol,Xenobiotics,Chemical,-0.14750133470523624,-0.14738195700888215,-0.14821748581632238,-0.14981692317764292,-0.16308026832923853,-0.13954385716040504,-0.14584083534445857,-0.14238356152818327,0.37500012329031535,0.03534031413612565,0.12473680702589027,0.3548295634336089,0.0,71.91133612565449,0.03533777623688637,0.11837784214428687,0.36847044178521465,0.0
diacetylspermidine,,,-0.14124694044851813,-0.14063653588293376,-0.14409149400374693,-0.14223202716953592,-0.1557201685080531,-0.13438166584499064,-0.14214921494781194,-0.1444534760894841,0.37500012329031535,0.03664921465968586,0.04594846482673439,0.6967807470304918,0.0,75.41675183246076,0.03665267023639842,0.06864213711162594,0.7060268927842553,0.0
dihomo-linoleate (20:2n6),Lipid,Long Chain Polyunsaturated Fatty Acid (n3 and n6),0.022460994536819552,0.02324526380223846,0.06714737159631388,0.023427926637816718,-0.004278251631072311,-0.0008847787387615147,0.016347937704669573,0.03713289618876104,0.37500012329031535,0.6714659685863875,8.76374001110752,0.06899098522251294,1.0,0.0,0.6714588389383259,9.043332787561502,0.06516454882264205,1.0
dihomo-linolenate (20:3n3 or n6),Lipid,Essential fatty acid,0.013062105917984018,0.03683804732886274,0.024708344143208945,0.03712320554075116,0.014802343788466697,0.01479918730734743,0.02419995020922549,0.040881440813948074,0.37500012329031535,0.6714659685863875,6.613217834993928,0.08226733583418529,1.0,0.0,0.6714588389383259,6.922549363865644,0.08559690081189707,1.0
dihomo-linolenoylcarnitine (C20:3n3 or 6),,,-0.0745022080002472,-0.06783638143243212,-0.05527043622844454,-0.06736706275224862,-0.055875450015991354,-0.08628117304085411,-0.09306496240744562,-0.061056912765112305,0.37500012329031535,0.23167539267015708,0.09328398602593133,0.8235091282697824,0.0,58.25805654450262,0.23167302284371508,0.09336816868686171,0.8122258703455946,0.0
dihomo-linoleoylcarnitine (C20:2),,,-0.07941694604784377,-0.07796001120072582,-0.058597371105955726,-0.07661072350407046,-0.06578366309957136,-0.09084289730071832,-0.09137077791091078,-0.07101905019731558,0.37500012329031535,0.23167539267015708,0.09172112000146837,0.8269536500796506,0.0,52.566344502617795,0.23167302284371508,0.09195321685974363,0.8164739637674346,0.0
dihydrocholesterol,Lipid,Sterol/Steroid,-0.18795526273269827,-0.1835847021402156,-0.17983003577370668,-0.18188673805576772,-0.19299883178654645,-0.20009416578998354,-0.19929818258450813,-0.173629754686603,0.37500012329031535,0.06544502617801047,0.2774636283108627,0.6092585647075559,0.0,84.41054764397906,0.0654480783800095,0.28553486475719425,0.5811198593057441,0.0
dihydroorotate,Nucleotide,"Pyrimidine Metabolism, Orotate containing",0.11451576166892398,0.1155067645369298,0.13254491747951283,0.11574839604967706,0.12065996550404612,0.09934843462489115,0.10178628194093502,0.11885674512536555,0.37500012329031535,0.2513089005235602,0.5010715665829563,0.6044188938687329,1.0,0.0,0.25130911565674074,0.500069203917639,0.6295864382216853,1.0
dihydroxyacetone phosphate (DHAP),Carbohydrate,"Glycolysis, Gluconeogenesis, and Pyruvate Metabolism",-0.13412057382808537,-0.11210502199851985,-0.10845899417216948,-0.11310427141567424,-0.09487044687884262,-0.10305801808294165,-0.11656377782517943,-0.09405523833361913,0.37500012329031535,0.4201570680628272,12.978189254253051,0.06640754128977158,1.0,0.0,0.4201522914339279,15.020190300691453,0.06822144798665881,1.0
dimethylarginine (SDMA + ADMA),Amino Acid,Urea cycle; Arginine and Proline Metabolism,0.03395085645201197,0.06699670096614267,0.009076181292058748,0.06665568835416331,0.04108209786067128,-0.016851495639290066,-0.008177626551398271,0.06185588720387312,0.37500012329031535,0.6479057591623036,3.677431134218114,0.125266844642519,1.0,0.0,0.6478986093455065,3.231249498729014,0.11961194134362885,1.0
dimethylglycine,Amino Acid,"Glycine, Serine and Threonine Metabolism",-0.12923299236995955,-0.13501714892276526,-0.09441884940027635,-0.14329854152842147,-0.0924781034457139,-0.12991478053277492,-0.12311395129340942,-0.11692490679575336,0.37500012329031535,0.40314136125654454,0.34493635194445244,0.8000669079656434,1.0,0.0,0.4031421343914121,0.34411111096157176,0.8065868159583646,1.0
docosadienoate (22:2n6),Lipid,Long Chain Polyunsaturated Fatty Acid (n3 and n6),0.01333364956451617,0.031432554066901396,0.04685364676834209,0.029533429150239692,0.014059760706098663,-0.009234978432318922,-0.005057036152617273,0.04351111331866146,0.37500012329031535,0.6714659685863875,12.8545497703931,0.06275285000978537,1.0,0.0,0.6714588389383259,13.460235503497382,0.060172820509773635,1.0
docosadienoylcarnitine (C22:2),,,-0.07877058186098759,-0.05936589834000466,-0.04818839984689911,-0.05861699271953598,-0.04856473809115178,-0.09586687151671155,-0.09149786954597133,-0.06599296031109407,0.37500012329031535,0.23167539267015708,0.10743676307752537,0.8217378755002214,0.0,55.807374869109985,0.23167302284371508,0.10768456035861525,0.812017184121525,0.0
docosahexaenoate (DHA; 22:6n3),Lipid,Essential fatty acid,0.12649156621353755,0.1192067990844053,0.09461751914213447,0.11545375163084755,0.160062570298426,0.1050939048556785,0.1227041755467067,0.12759714205050893,0.37500012329031535,0.7683246073298429,5.282243775555235,0.09915847115953119,1.0,0.0,0.7683231249277708,5.052670966239948,0.09707138483230353,1.0
docosahexaenoyl ethanolamide,Lipid,Endocannabinoid,-0.1414095585684303,-0.14202807034209652,-0.14422723728589837,-0.1418534156472472,-0.15544868194375022,-0.1290377245738392,-0.13881542563486812,-0.1494986014094457,0.37500012329031535,0.03664921465968586,0.07069097009094294,0.6961414174027032,0.0,63.64398952879584,0.03665267023639842,0.07127889917997778,0.7053115308229523,0.0
docosahexaenoylcarnitine (C22:6),,,-0.023826754605237428,-0.01578956577400394,0.008397120535576268,-0.01592951994579782,6.551492364359775e-05,-0.02974372001323239,-0.03105173076756369,9.393500403569325e-06,0.37500012329031535,0.1950261780104712,0.10528977726350824,0.821762218441813,0.0,61.69345968586387,0.19502035260731665,0.1078713545712563,0.8172570950424688,0.0
docosapentaenoate (n3 DPA; 22:5n3),Lipid,Essential fatty acid,0.007641369275412839,0.02794993853049965,0.06995586802893566,0.029078611970195286,0.00941901935368001,0.010131864212645563,0.018856279675285154,0.05288652129782159,0.37500012329031535,0.6714659685863875,10.63544087654179,0.07132074384207501,1.0,0.0,0.6714588389383259,9.905682259386552,0.0669963896643648,1.0
docosapentaenoate (n6 DPA; 22:5n6),Lipid,Long Chain Polyunsaturated Fatty Acid (n3 and n6),0.02884150273714869,0.077877432618855,0.05274262763350326,0.07919942253570346,0.06876038861741335,0.06003616908837618,0.05985431188690352,0.05346379349905711,0.37500012329031535,0.6361256544502618,30.60112739714859,0.07628009182124529,1.0,0.0,0.6361210627014394,23.331582757015138,0.0711525155280613,1.0
docosapentaenoylcarnitine (C22:5n3),,,-0.021330780729237102,-0.017694469827682066,0.0030925579506114486,-0.016387974674314635,-0.0085524676697743,-0.0335153087967472,-0.0317085009200531,-0.007936359857438598,0.37500012329031535,0.1950261780104712,0.09760055957638687,0.8222427381934556,0.0,52.730471204188504,0.19502035260731665,0.09919898833748587,0.8191470879414289,0.0
docosatrienoate (22:3n3),Lipid,Long Chain Fatty Acid,0.04992667172334673,0.011454868504177854,0.055631649305276504,0.0128804758215565,0.014632764465607889,-0.017694679773852275,-0.024486240010797425,0.05142195214542679,0.37500012329031535,0.6989528795811518,5.10746411191043,0.14618013040174593,1.0,0.0,0.6989509097679675,5.168591607480903,0.12287261585073518,1.0
docosatrienoylcarnitine (C22:3),,,-0.07715993908082092,-0.06625654679395326,-0.04943315122170487,-0.06479097974967664,-0.05400082332417634,-0.08764120920379653,-0.08598842492783988,-0.06437304031611649,0.37500012329031535,0.23167539267015708,0.10458498608559255,0.8239676785736871,0.0,60.03797382198954,0.23167302284371508,0.10496549385834458,0.8133989749501231,0.0
dodecadienoate (12:2),,,-0.07542658745528337,-0.0683338459464971,-0.06272290659188252,-0.06294895282024295,-0.05860801000659509,-0.09628561788384896,-0.09806188934414886,-0.0605668028472677,0.37500012329031535,0.23167539267015708,0.10264100877661282,0.8195610307197021,0.0,48.885584293193716,0.23167302284371508,0.10227766661802185,0.8111479128641297,0.0
dodecanedioate,Lipid,"Fatty Acid, Dicarboxylate",-0.08913388143201771,-0.08776632988681489,-0.10454355861747786,-0.08948980167642312,-0.08531328594848903,-0.09754691204509283,-0.08454744411518725,-0.08913770426403264,0.37500012329031535,0.22774869109947643,11.111813341172645,0.11004095375781826,0.0,65.6276879581152,0.22774503383540712,39.492041155477914,0.08619201132881238,0.0
dopamine 3-O-sulfate,Amino Acid,Tyrosine Metabolism,-0.030078076733981586,-0.02142496911111302,-0.007691802619489796,-0.016735674094986268,-0.010743441185083169,-0.03487913195379867,-0.030406536518466025,-0.016319218617849934,0.37500012329031535,0.06806282722513088,0.06623775856512329,0.5850731612297521,1.0,0.0,0.06806117338880542,0.06749177689151874,0.5788617297603698,1.0
eicosanoylsphingosine (d20:1),,,-0.07056072062597206,-0.06623792428374962,-0.057230214106327046,-0.06278030039063706,-0.0552666483993991,-0.0828242108211066,-0.09056459581110737,-0.05624757913252355,0.37500012329031535,0.16361256544502617,0.039777558976832904,0.6804170381383698,0.0,55.620920418848186,0.16361184945490967,0.039627904797527695,0.6644546909086606,0.0
eicosapentaenoate (EPA; 20:5n3),Lipid,Essential fatty acid,0.02257638008662494,0.03779324364358478,0.019899569306062084,0.037744382303440696,0.01995895824525759,0.010676398562470641,-0.007138041589537369,0.030348259783259612,0.37500012329031535,0.6714659685863875,10.334726355117397,0.12497427386031379,1.0,0.0,0.6714588389383259,10.386173037629963,0.12449218385925637,1.0
eicosenoate (20:1),Lipid,Long Chain Monounsaturated Fatty Acid,-0.006502480478713236,0.014681124226458633,0.022540986793160047,0.015627681269685775,-0.022839259543682825,-0.0059150581227974605,-0.0017673937831283505,0.04016008585345181,0.37500012329031535,0.6714659685863875,17.64255276049015,0.10296692531843638,1.0,0.0,0.6714588389383259,16.292119337880685,0.08257965296506407,1.0
eicosenoylcarnitine (C20:1),,,-0.08227876872610221,-0.07965636846863478,-0.06323957165485865,-0.07803504492476018,-0.0641645290919761,-0.08771717138112421,-0.08877320131377342,-0.06364244633025751,0.37500012329031535,0.23167539267015708,0.0861901301308996,0.8257792642559656,0.0,45.53352670157068,0.23167302284371508,0.08631421581625705,0.8152341487072693,0.0
epiandrosterone sulfate,Lipid,Sterol/Steroid,-0.029887982923148884,-0.025966679767562412,0.005178344286237158,-0.02494099137971295,-0.007339438344545681,-0.03187019329015012,-0.02610232791240552,-0.011717687989607406,0.37500012329031535,0.1950261780104712,0.12451590650540031,0.8181581798015986,0.0,50.55767958115184,0.19502035260731665,0.12402843952086164,0.8173725205187975,0.0
ergothioneine,Xenobiotics,Food Component/Plant,0.013476253562917036,0.002051851189365727,0.038337496996911025,0.0007747953220411626,0.008462308226742292,0.02223508141347709,0.04225030884846474,0.0363074895380344,0.37500012329031535,0.6714659685863875,6.048109803528541,0.0765479585976549,0.0,52.67039267015708,0.6714588389383259,6.383300331077535,0.11180301950814646,0.0
erucate (22:1n9),Lipid,Long Chain Monounsaturated Fatty Acid,-0.11579106567123659,-0.11848685456508111,-0.10332369799304798,-0.11655838843860816,-0.11460329684240034,-0.12923238981077084,-0.13259675030191648,-0.10999075789128902,0.37500012329031535,0.27356020942408377,0.10525261724878149,0.9061537899697141,1.0,0.0,0.2735608716309051,0.1052878798229208,0.9009624101989067,1.0
erucoylcarnitine (C22:1),,,-0.0759615101799878,-0.07028974747644186,-0.04904257163464384,-0.07042301912270965,-0.05555198813718553,-0.10093821321873786,-0.0834119746742384,-0.07137008713345139,0.37500012329031535,0.23167539267015708,0.10114793334449282,0.8219153854736608,0.0,50.5879277486911,0.23167302284371508,0.10120870975676256,0.811474577638923,0.0
erythritol,Xenobiotics,"Sugar, sugar substitute, starch",0.006049550039148186,-0.011750391034608034,0.0021779488523873476,-0.008800552233583213,-0.0032263822171219323,0.015557658974307156,-0.0023911123348779413,-0.0025442446149261055,0.37500012329031535,0.5916230366492147,4.778248105312657,0.1527828444952613,0.0,63.44477382198956,0.591612414448425,4.646850068946231,0.12956142398142714,0.0
erythronate,,,0.012651369192558532,0.06202563932218814,0.05959633704698971,0.05850542324147393,0.028351571276177153,0.017216523189203397,0.0594974751872641,0.021403335151382444,0.37500012329031535,0.6714659685863875,5.905380597812998,0.1438543996805243,0.0,54.4921057591623,0.6714588389383259,5.2673734498103615,0.1067122497053916,0.0
ethanolamine,Lipid,Glycerolipid Metabolism,0.044289385110285906,0.053145536964495886,0.023351043044492998,0.052373546937733446,0.06677645814066913,0.025609276300662225,0.052019951140700134,0.06885658761822139,0.37500012329031535,0.5667539267015707,6.821036104544742,0.09271364656333755,1.0,0.0,0.5667449953131221,7.50956630320866,0.08766704943217336,1.0
ethyl alpha-glucopyranoside,Xenobiotics,Food Component/Plant,-0.1353798955348189,-0.12743759674924812,-0.14449872385020127,-0.12893318546299265,-0.17316318026451233,-0.14366071276601752,-0.14180353626677059,-0.15590115955092168,0.37500012329031535,0.03664921465968586,0.07738498318244022,0.6973124925429817,0.0,65.66605654450261,0.03665267023639842,0.07459688048603051,0.7119547838347341,0.0
ethyl beta-glucopyranoside,Xenobiotics,Food Component/Plant,-0.026146215284195976,-0.014549140109658968,0.009365205096126192,-0.015260508231609744,0.007364173004022945,-0.03701377513634814,-0.01813198495182993,0.009989571133249478,0.37500012329031535,0.06806282722513088,0.17891962744330003,0.5751118187825079,0.0,74.94132460732982,0.06806117338880542,0.1774890485711458,0.5699626744453595,0.0
ethylmalonate,Amino Acid,"Leucine, Isoleucine and Valine Metabolism",-0.08671013047403385,-0.0579043267315882,-0.052686558850997815,-0.05608471915653613,-0.05175652992386581,-0.08300673804783577,-0.08887155926843715,-0.05327424348816283,0.37500012329031535,0.23167539267015708,0.08626023497294569,0.8211660256955287,0.0,64.01680418848166,0.23167302284371508,0.08619613791484183,0.8118827836613595,0.0
etiocholanolone glucuronide,Lipid,Androgenic Steroids,-0.029222840934715253,-0.017951863646800098,0.0054793868619352855,-0.013296046829920676,-0.016092198048344733,-0.03181131442656313,-0.028756889642930137,0.005793996296643229,0.37500012329031535,0.06806282722513088,0.10104390950015896,0.5838981069149792,1.0,0.0,0.06806117338880542,0.10122883531848838,0.5780496473348168,1.0
flavin adenine dinucleotide (FAD),Cofactors and Vitamins,Riboflavin metabolism,0.022217482446967505,-0.0072956261426395655,0.03978180473352832,-0.010509711816771575,0.02756593017534977,0.0121096255950578,0.012349402900317762,0.05332177734112655,0.37500012329031535,0.6714659685863875,4.938397654346723,0.11106223291002029,1.0,0.0,0.6714588389383259,4.4939452271181715,0.10205155355562605,1.0
flavin mononucleotide (FMN),Cofactors and Vitamins,Riboflavin Metabolism,-0.10234393290159388,-0.09538773797699045,-0.08846918529813506,-0.0959582077147504,-0.10516997300952159,-0.11350126442130956,-0.10348379356336447,-0.10485164934683128,0.37500012329031535,0.2905759162303665,12.696536816659009,0.06583171127392025,1.0,0.0,0.2905710286734209,18.398160709940488,0.07516307495515213,1.0
folate,Cofactors and Vitamins,Folate Metabolism,-0.030464896223003725,-0.014855804220907454,-0.005553717662443207,-0.013006209042405688,-0.004613949244158938,-0.03235060394269465,-0.028237351675980325,-0.0033980610119972612,0.37500012329031535,0.06806282722513088,0.08727096337470211,0.586214539821571,1.0,0.0,0.06806117338880542,0.08561203069820811,0.577907884947593,1.0
formiminoglutamate,Amino Acid,Histidine Metabolism,-0.11228254039523103,-0.08610174397252494,-0.0914275383187606,-0.08674594386329754,-0.09257114503096171,-0.10424261403553907,-0.10646249282977481,-0.08835373355951943,0.37500012329031535,0.10471204188481675,0.14307043832288188,0.6312811635122266,1.0,0.0,0.10471384362520386,0.14322669096775908,0.6339492554024858,1.0
fructose,Carbohydrate,"Fructose, mannose, galactose, starch, and sucrose metabolism",0.09613672137648771,0.07781448313996589,0.09296372295649868,0.07681927491956361,0.11129874351643089,0.10948385563830473,0.0764681446820982,0.1475735882605543,0.37500012329031535,0.7683246073298429,5.068144227173631,0.1385761807127157,1.0,0.0,0.7683231249277708,5.317566817424159,0.11187009115636776,1.0
"fructose 1,6-diphosphate/glucose 1,6-diphosphate/myo-inositol diphosphates",Carbohydrate,"Glycolysis, Gluconeogenesis, and Pyruvate Metabolism",-0.12349560821793111,-0.13012326397351956,-0.09694928323138279,-0.13040874746175116,-0.10646245844635706,-0.1264878855380482,-0.1337546743164656,-0.08965519407055139,0.37500012329031535,0.2801047120418848,0.8646814509361261,0.600671362135977,1.0,0.0,0.28010195564800905,0.8634893036544952,0.5828395911744496,1.0
fructose 1-phosphate,Carbohydrate,"Glycolysis, Gluconeogenesis, and Pyruvate Metabolism",-0.07573973529010815,-0.07748870315517983,-0.08291872983188339,-0.07733458126373821,-0.07604374740999256,-0.07836699328319666,-0.08644887381775627,-0.08065952368005234,0.37500012329031535,0.18193717277486912,12.89493894851078,0.11760252983501356,1.0,0.0,0.18193818457310887,16.002014505902256,0.13473415031481598,1.0
fructose-6-phosphate,Carbohydrate,"Glycolysis, Gluconeogenesis, and Pyruvate Metabolism",0.2859199344279742,0.24428127936965133,0.23823342878532142,0.24011480772135146,0.232827576460128,0.219940969885348,0.20520432184371812,0.23036437654195865,0.37500012329031535,0.7198952879581152,3.4913149530347543,0.2100349690256791,0.0,83.36575287958121,0.719898044351991,3.465095166658106,0.20596961517211435,0.0
fructosyllysine,Amino Acid,Lysine Metabolism,-0.08131615800201823,-0.06650369304073211,-0.06818743708255325,-0.06526958992355839,-0.05320914689031933,-0.0840102856954906,-0.08834945133895646,-0.06707095136294927,0.37500012329031535,0.23167539267015708,0.12094559533807431,0.8272579041045058,0.0,55.7589340314136,0.23167302284371508,0.12061412746330602,0.817458329015145,0.0
fucose,Carbohydrate,Aminosugar Metabolism,0.10445896700065394,0.10973365462324719,0.10279929661259264,0.11173956263889982,0.08388075693235783,0.12134173895819556,0.12618362817447587,0.09603892099720707,0.37500012329031535,0.3455497382198953,1.925837581817825,0.2365029447625479,1.0,0.0,0.3455500340280186,1.951620859426139,0.2325610219246306,1.0
fumarate,Energy,TCA Cycle,0.0715250608603594,0.07082658044467328,0.03872206269885875,0.07044346706011957,0.08718386097289126,0.08118140211894626,0.04025911176440488,0.09744577479421325,0.37500012329031535,0.8167539267015707,3.5126057402709474,0.17407113369968455,1.0,0.0,0.8167520577320646,3.763079770409733,0.17369014059637441,1.0
gabapentin,Xenobiotics,Drug,0.02563839173673673,0.030540427686895428,0.06714120530430019,0.03289947404631352,0.05853037581643247,0.02773864316722845,0.02907999412564622,0.07493496741015417,0.37500012329031535,0.15575916230366493,0.17760573365443072,0.8969778916788185,0.0,61.1827895287958,0.15575715551446512,0.17651095147743964,0.8832013126185524,0.0
galactitol (dulcitol),Carbohydrate,"Fructose, Mannose and Galactose Metabolism",0.10487042016337943,0.11593890038994252,0.12350936111542567,0.10792398927116824,0.10106119044104447,0.09932430447530531,0.09430110149363029,0.10576853551784252,0.37500012329031535,0.1780104712041885,0.11887193134367237,0.8762302219083494,1.0,0.0,0.1780166159456579,0.11912324676339658,0.8746832349739613,1.0
galactose,Carbohydrate,"Fructose, mannose, galactose, starch, and sucrose metabolism",0.12079156902741836,0.16337870683083786,0.13797257097780224,0.15440121686020822,0.14635681160658062,0.1392681374724341,0.14845123241520414,0.1538250531120174,0.37500012329031535,0.3730366492146597,1.0653314560425202,0.4760272725179643,1.0,0.0,0.3730395367053174,1.072918690270548,0.4454494054507814,1.0
galactose 1-phosphate,Carbohydrate,"Fructose, Mannose and Galactose Metabolism",-0.016120727320300846,-0.03393889664248201,-0.0034862763878241772,-0.03380174754360354,-0.014147090766138178,-0.03524843219620817,-0.033285461500064555,0.0017037174361079492,0.37500012329031535,0.1950261780104712,0.10960472500380963,0.8256372511139844,1.0,0.0,0.19502035260731665,0.10966992381601703,0.8242107434851489,1.0
galactose 6-phosphate,Carbohydrate,"Fructose, Mannose and Galactose Metabolism",-0.031197650436287118,-0.01306372937810917,-0.012488589456790575,-0.015424790877750462,-0.02630311225449565,-0.03310309400440524,-0.040542708122977715,-0.021724687011432882,0.37500012329031535,0.06806282722513088,0.052560671673510806,0.5840391449100977,0.0,69.05567120418851,0.06806117338880542,0.05451266163337675,0.5796690150892513,0.0
galactosylsphingosine,Lipid,Sphingosines,-0.0840318864449261,-0.07300608023278289,-0.05983898735493354,-0.0708551133306707,-0.0645602323660034,-0.10936827104503252,-0.10590801036554713,-0.06643059946588499,0.37500012329031535,0.10732984293193717,0.22023353036002535,0.5563822458080239,1.0,0.0,0.10732437048165695,0.2198928667706558,0.5551825018471651,1.0
galacturonate 1-phosphate,Xenobiotics,Food Component/Plant,0.001902183458514257,-0.01765949499822679,0.01331473024914624,-0.01825741927208482,-0.0020167448828535962,-0.02201185024507874,-0.01954343465975834,0.005243021914284584,0.37500012329031535,0.12696335078534032,0.06642491188602712,0.6375807332447809,0.0,63.63794031413617,0.12695917921851127,0.06627754709892963,0.6186373338832353,0.0
gamma-aminobutyrate (GABA),Amino acid,Glutamate Metabolism,0.04174323669685379,0.03697526347856001,0.0392504827198984,0.03569518806396008,0.025667932985941406,0.005905085759571067,0.027562812133992542,0.025340533610742226,0.37500012329031535,0.6151832460732984,52.185359380434384,0.06363285999100991,1.0,0.0,0.6151739281174159,337.35283365592915,0.06559386622658274,1.0
gamma-carboxyglutamate,Amino Acid,Glutamate Metabolism,-0.08834273353234966,-0.08371705063852689,-0.03552334537679705,-0.0853789835304884,-0.0752532671528345,-0.08713553905213718,-0.08938732002891693,-0.03968267832016394,0.37500012329031535,0.23167539267015708,0.10204180658233278,0.8278493872429986,0.0,63.87609005235604,0.23167302284371508,0.10219578616794535,0.816583738889641,0.0
gamma-glutamyl-alpha-lysine,Peptide,Gamma-glutamyl Amino Acid,-0.0914029399891621,-0.08072432882437264,-0.03759215773701026,-0.08212332086596759,-0.06973132215528326,-0.07995025649896255,-0.0822448461192229,-0.03547239655183545,0.37500012329031535,0.23167539267015708,0.12724449892118084,0.8212304820390146,0.0,45.21402513089004,0.23167302284371508,0.1260558310479308,0.8118151312118943,0.0
gamma-glutamylalanine,Peptide,gamma-glutamyl,0.0747475188719322,0.09925842522817804,0.07017144609843716,0.09769359536503149,0.08869855708693355,0.06810016892914741,0.08429944546126389,0.08590019604809086,0.37500012329031535,0.36256544502617805,100.68754633636921,0.07745279497668292,0.0,74.57484502617805,0.3625614751467057,50.823804387425405,0.08898020375689375,0.0
gamma-glutamylcitrulline,,,-0.03802033480764416,-0.018591485973679864,-0.0004783370183315352,-0.01802015219533586,-0.017515108740465954,-0.0347356427582727,-0.02980190046203698,-0.02235415962371374,0.37500012329031535,0.06806282722513088,0.14452623765479372,0.5769870650005755,0.0,73.19039057591624,0.06806117338880542,0.14483848125779386,0.5746625008329621,0.0
gamma-glutamylcysteine,Peptide,Gamma-glutamyl Amino Acid,-0.16034365552736105,-0.14920223353198134,-0.11382498843711404,-0.1474844624429566,-0.15263608058450231,-0.1498421417866929,-0.14997298190162897,-0.13391523767849575,0.37500012329031535,0.3324607329842932,50.976919238368666,0.15355991363181504,1.0,0.0,0.3324588774606109,10.88424738835282,0.09018206951921197,1.0
gamma-glutamylglutamate,Peptide,Gamma-glutamyl Amino Acid,-0.030563237609045397,0.017443394677174564,0.0304337117929057,0.018395277772484227,0.03837369340021991,0.008192684119774108,0.05889129621943013,0.04445520101046852,0.37500012329031535,0.6714659685863875,6.627125966249196,0.17125620082878606,0.0,68.1187413612565,0.6714588389383259,7.63491851123064,0.13611920111424836,0.0
gamma-glutamylglutamine,Peptide,Gamma-glutamyl Amino Acid,0.010106106602303818,-0.001974159998468461,0.010280138221162579,-0.0019710819553818088,0.012296360197181454,0.02268089892923158,0.00811741649597451,0.009879729775768977,0.37500012329031535,0.6714659685863875,7.62199830397943,0.13572585077639898,0.0,69.5970554973822,0.6714588389383259,7.277375507819493,0.1221063580229601,0.0
gamma-glutamylglycine,Peptide,Gamma-glutamyl Amino Acid,-0.08734819237851803,-0.06842918434457493,-0.027709161748613285,-0.06785561005232121,-0.07562754685870486,-0.08495436453927996,-0.07906913045253405,-0.03494985529747717,0.37500012329031535,0.23167539267015708,0.12196384279407405,0.8184137952164219,0.0,45.322154973821995,0.23167302284371508,0.1219965120972087,0.8108097956768873,0.0
gamma-glutamylhistidine,Peptide,Gamma-glutamyl Amino Acid,-0.08081050638223918,-0.07601962356458937,-0.03181336329130548,-0.07944825023818554,-0.07069849834322289,-0.07164036679010846,-0.06626076579126132,-0.04393807950703513,0.37500012329031535,0.23167539267015708,0.11407906575224895,0.8248304553000008,0.0,48.43705759162299,0.23167302284371508,0.1134491701670945,0.8160257974008868,0.0
gamma-glutamylisoleucine,,,-0.09533903073533835,-0.10734406210198105,-0.06660365900925622,-0.11466999131615939,-0.08118776333456976,-0.10083116969614203,-0.0671192289054626,-0.07215522624749138,0.37500012329031535,0.45811518324607325,0.27879176077172496,0.7251763734174672,0.0,64.96068586387433,0.4581198556698383,0.278571395070434,0.717703173960761,0.0
gamma-glutamylleucine,Peptide,gamma-glutamyl,-0.004365418819179414,0.019627670888773922,0.018015523342049602,0.018534654330228165,0.05220134890673269,-0.024816637565441266,0.016458265446558734,0.016197755600186124,0.37500012329031535,0.6714659685863875,10.673895619110839,0.13636435410949083,0.0,52.73269947643982,0.6714588389383259,8.091188858054572,0.1279168029886115,0.0
gamma-glutamyllysine,Peptide,Gamma-glutamyl Amino Acid,0.07731021225617463,0.0838465210732449,0.11051990055707578,0.08612841089042296,0.09256027854273916,0.05180821351135695,0.06329148036569843,0.1253134664776165,0.37500012329031535,0.49607329842931935,0.8059264136780139,0.5083976748799708,0.0,62.559922513088985,0.49607329506786346,0.806024307958745,0.5523579559216708,0.0
gamma-glutamylmethionine,Peptide,Gamma-glutamyl Amino Acid,-0.09500851913485327,-0.08543725101322866,-0.06992719948320135,-0.08516690491532801,-0.05813751416190255,-0.09702611903512415,-0.07815812157480222,-0.0753738453427815,0.37500012329031535,0.475130890052356,5.585071794193091,0.10717176704278697,0.0,65.04694869109949,0.47513001271235406,5.828380094026325,0.09931760722409151,0.0
gamma-glutamylphenylalanine,Peptide,Gamma-glutamyl Amino Acid,0.00254648502959576,0.0351179677148291,0.023466479090021496,0.0345430655425681,0.025166573821833276,-0.01744365793372607,0.011927094481441806,0.014969501832752554,0.37500012329031535,0.5327225130890052,1.0698605819457487,0.3962258221035637,0.0,50.06445549738223,0.5327144086187192,1.0764232622660352,0.2933737212816064,0.0
gamma-glutamylserine,Peptide,Gamma-glutamyl Amino Acid,-0.1078938436995583,-0.09994955469522825,-0.0743983352738248,-0.10234064169380422,-0.08485552355514828,-0.10691474460033296,-0.09304475289088696,-0.07582234157993567,0.37500012329031535,0.10471204188481675,0.16200501631465575,0.6324142884750428,0.0,69.4703486910995,0.10471384362520386,0.16527213139084895,0.640598679594086,0.0
gamma-glutamylthreonine,Peptide,Gamma-glutamyl Amino Acid,-0.16979300199284336,-0.14869569198604096,-0.14465141558874958,-0.14804742914491387,-0.13704316567806601,-0.16536784474432442,-0.16256921713316907,-0.1436137035659148,0.37500012329031535,0.1400523560209424,0.48050932602213836,0.3047456541233351,0.0,62.7409811518325,0.14005161986209022,0.48231539845746324,0.31356753502943513,0.0
gamma-glutamyltryptophan,Peptide,Gamma-glutamyl Amino Acid,0.09920353908682225,0.10225870993741898,0.11878352863548607,0.10330150279045035,0.09956712888166895,0.09376909829871051,0.08030591619220384,0.135064169395018,0.37500012329031535,0.2513089005235602,0.49634542358432765,0.6043056208557326,0.0,65.07072251308901,0.25130911565674074,0.4956882127659578,0.6300474753898221,0.0
gamma-glutamyltyrosine,Peptide,Gamma-glutamyl Amino Acid,0.1308792447917308,0.18219661302178414,0.17183055704731848,0.1762647255653325,0.19568169652919554,0.15954595798221807,0.1682372353999556,0.23707782710294742,0.37500012329031535,0.7539267015706806,0.7438947149934361,0.6103064693112722,0.0,84.17084712041887,0.7539209265893653,0.7441974581629495,0.6069393121853482,0.0
gamma-glutamylvaline,Peptide,gamma-glutamyl,-0.12046387965863888,-0.11983308269361993,-0.10033631350339071,-0.12570015770959037,-0.09230097970820061,-0.14059311583219233,-0.12220328887571107,-0.08036937255152049,0.37500012329031535,0.3782722513089005,0.23019364523893418,0.9700631057207885,0.0,60.40736649214656,0.3782734311799376,0.22947416036580137,0.9676118836232988,0.0
gamma-tocopherol,Cofactors and Vitamins,Tocopherol Metabolism,0.08615548349711795,0.05442755713985387,0.05994826748210568,0.054825651549453326,0.07300324228682528,0.06505409018580174,0.07707898205728739,0.09549861496459454,0.37500012329031535,0.4044502617801047,7.887951039047312,0.10393306192200366,0.0,72.08979685863876,0.4044480398577243,10.558729437218924,0.12923214476091174,0.0
gamma-tocopherol/beta-tocopherol,Cofactors and Vitamins,Tocopherol Metabolism,-0.07984192839270032,-0.07378445323210944,-0.039218243990142045,-0.07105167803067483,-0.05991864396662668,-0.08815846178064003,-0.08602512731676339,-0.04146613983262158,0.37500012329031535,0.23167539267015708,0.10980408661017345,0.8227813106748786,0.0,50.73578324607332,0.23167302284371508,0.10987427179711118,0.812202268966392,0.0
glucarate (saccharate),Cofactors and Vitamins,Ascorbate and Aldarate Metabolism,-0.11975780451592838,-0.12420195920561096,-0.13614179449388497,-0.1205762777986721,-0.11522228363926817,-0.10820365435818233,-0.11989813459854834,-0.13855874278285127,0.37500012329031535,0.041884816753926704,0.056242439090917036,0.4798049907042097,1.0,0.0,0.04188784878719006,0.05777034833575717,0.4943618812876081,1.0
gluconate,Carbohydrate,"Nucleotide sugars, pentose metabolism",0.23660645852784673,0.24661228902854163,0.22404946463066913,0.24990899890407653,0.2002711506354395,0.21675885510998333,0.2368272755146042,0.2260385983797894,0.37500012329031535,1.0,8.930962830956874,0.20688958017265352,1.0,0.0,1.0,9.32673828450319,0.13812314110895454,1.0
glucosamine-6-phosphate,Carbohydrate,Aminosugar Metabolism,0.1034460285973021,0.11771898768659148,0.12408650082959563,0.11759836988557945,0.13284374009582087,0.10245992552116244,0.09469501743544127,0.1456537104821372,0.37500012329031535,0.2513089005235602,0.487167655076723,0.6045773920983926,1.0,0.0,0.25130911565674074,0.487669618910249,0.6269517617897541,1.0
glucose,Carbohydrate,"Glycolysis, Gluconeogenesis, and Pyruvate Metabolism",0.23651215744579768,0.2510565444323334,0.263866300418605,0.24695257568698273,0.27867028697045254,0.27898266721331305,0.20441854440340584,0.2851034738687433,0.37500012329031535,1.0,3.766367219277441,0.22844745535722613,1.0,0.0,1.0,4.391297140502973,0.1917403805814466,1.0
glucose 1-phosphate,Carbohydrate,"Glycolysis, Gluconeogenesis, and Pyruvate Metabolism",0.07814716502603829,0.08862584652007684,0.07765621879602348,0.08068003414423353,0.0929207857348868,0.07058219121908395,0.0730168859379186,0.07108670824151361,0.37500012329031535,0.2094240837696335,1.4798283690762895,0.3129159856020721,1.0,0.0,0.20941998279337928,1.4755139750775879,0.31638444501161017,1.0
glucose 6-phosphate,Carbohydrate,"Glycolysis, Gluconeogenesis, and Pyruvate Metabolism",0.2569291901767309,0.28827908041889133,0.23433222441169588,0.28962345340273304,0.2865484617848387,0.2324899173126847,0.15997003509718732,0.2679031475969818,0.37500012329031535,1.0,4.296728375108051,0.186526120947991,0.0,79.32402513089006,1.0,4.20852593464415,0.16669155270568994,0.0
glucuronate,Carbohydrate,Aminosugar Metabolism,-0.13683196380840199,-0.09468047881454612,-0.10391779323217047,-0.10275523929635216,-0.09086558178472123,-0.14105297483395005,-0.14347412934309167,-0.11314658145848765,0.37500012329031535,0.4018324607329843,0.514478709021791,0.5849260267163814,1.0,0.0,0.40183622892509985,0.5147314685674806,0.5899652014224173,1.0
glutamate,Amino acid,Glutamate Metabolism,0.05258608710543702,0.0773399623980897,0.026043211892163194,0.07447073906077056,0.07138863878183674,0.07494774804491348,0.11574638690453687,0.09313544231762357,0.37500012329031535,0.8167539267015707,4.037199998750526,0.2961923932134415,1.0,0.0,0.8167520577320646,4.209238678231112,0.2437185441663098,1.0
"glutamate, gamma-methyl ester",Amino Acid,Glutamate Metabolism,0.011075198217386695,0.04679530647098464,0.054173926385539896,0.046402949205423205,0.02954256076617602,-0.005229121252206053,0.01688128323442394,0.026673739657694488,0.37500012329031535,0.5562827225130891,22.183876716923017,0.17289662324360294,0.0,55.25755497382199,0.5562746382115387,27.84675639517798,0.13454035670291264,0.0
glutamine,Amino acid,Glutamate Metabolism,-0.014469575539331845,0.02044043406374333,0.04908706438877472,0.019509411359221535,0.014823549532616885,-0.015139498172829939,-0.030603132611742634,0.0446159948637378,0.37500012329031535,0.7198952879581152,2.531717129344292,0.3284135094420098,1.0,0.0,0.7198877717426199,2.555830365044827,0.3229598982622493,1.0
glutamine conjugate of C6H10O2 (1),,,-0.040960065579534376,-0.014463787353453795,0.005346092563179349,-0.012699338765079409,-0.013080857021494825,-0.036282496793989295,-0.03205214830009118,-0.018521341930443993,0.37500012329031535,0.06806282722513088,0.08048609247183289,0.5844442227595281,0.0,64.93541256544506,0.06806117338880542,0.08018392301302577,0.5780999253255403,0.0
glutamine conjugate of C6H10O2 (2),,,-0.03215338676521334,-0.018057737857209932,-0.009551801255455442,-0.014013187602049584,-0.01966294693888493,-0.03024013992210053,-0.031388571611207325,-0.001271981264249689,0.37500012329031535,0.06806282722513088,0.07215250169817095,0.5846250849760439,0.0,72.6420827225131,0.06806117338880542,0.07165715707310816,0.5791446310537992,0.0
glutamine conjugate of C7H12O2,,,-0.03996339738358373,-0.014159708247642218,0.0006112824206481343,-0.011927976314491665,-0.013554531514682487,-0.03632383688063114,-0.031308639069964,-0.004738251530137406,0.37500012329031535,0.06806282722513088,0.09991100122328062,0.5833487636197544,0.0,69.95651204188479,0.06806117338880542,0.09975632176121203,0.5771925268303082,0.0
glutamine-isoleucine,Peptide,Dipeptide,0.2061475874600071,0.20180963201777444,0.20139185933898462,0.20246233273011643,0.21350531101140546,0.20774113570236186,0.20655973262776262,0.19669407621327628,0.37500012329031535,0.11910994764397906,1.2026890427220511,0.34740525781062426,0.0,69.06842094240832,0.11910320120189528,1.2068567664255123,0.35963059231929706,0.0
glutamine-leucine,Peptide,Dipeptide,0.18930240963467268,0.18341991828190155,0.18856908625391855,0.182596637198769,0.17847002153138566,0.183485934683057,0.19616511790693122,0.19119683109512273,0.37500012329031535,0.20026178010471204,1.1208373414034263,0.37411306499199737,0.0,68.37628795811516,0.20025553115810832,1.1360369036666425,0.3461766759990388,0.0
glutarate (C5-DC),Lipid,"Fatty Acid, Dicarboxylate",-0.0012767515086666685,0.04792214033051078,-0.01401907522395044,0.05172286210167173,0.03555992565162429,0.009092443817554093,0.011347097299186822,0.05934585739217817,0.37500012329031535,0.5458115183246073,1.8014718134643468,0.338598745839395,1.0,0.0,0.5458055651861268,1.794084265675944,0.3411040140232484,1.0
glutaroyl carnitine,Amino acid,Lysine Metabolism,0.07249274471893538,0.05279822597122548,0.07828116084792444,0.05860987855741628,0.07903961430777193,0.07527488318103025,0.0809580633228814,0.10872124715579733,0.37500012329031535,0.3795811518324608,2.113053340679186,0.23690489763372857,0.0,50.5781287958115,0.37957163218922146,2.114103252428436,0.23844384530712923,0.0
"glutathione, oxidized (GSSG)",Amino acid,Glutathione Metabolism,0.00468313499156508,-0.00722021344971356,-0.01083775861661435,-0.008491038178895877,-0.014549441742993273,-0.02578897588284249,-0.0023581383343143254,0.0037729808272063225,0.37500012329031535,0.7198952879581152,5.277571282893647,0.17856476101313684,1.0,0.0,0.7198877717426199,5.606714437169875,0.17198767217144498,1.0
"glutathione, reduced (GSH)",Amino acid,Glutathione Metabolism,0.14302943254017886,0.17803368890754256,0.14950345366252635,0.1787494254699789,0.16975910692444554,0.11985307696857356,0.130926982022076,0.1674007701084051,0.37500012329031535,0.9031413612565445,3.2414029096460744,0.2775165773178591,1.0,0.0,0.903135714010555,3.4395906950987793,0.25204984244117573,1.0
glycerate,Carbohydrate,"Glycolysis, Gluconeogenesis, and Pyruvate Metabolism",0.06630624862527881,0.07920342997476462,0.09203495186877934,0.08616115457345078,0.09403333150122821,0.10020691518537843,0.09819309102352844,0.1406345148327167,0.37500012329031535,0.7683246073298429,5.8402458074597785,0.0993663348174028,1.0,0.0,0.7683231249277708,7.416859848611343,0.12643167849406264,1.0
glycerol,Lipid,Glycerolipid Metabolism,0.026204502520929394,0.03962927396027416,0.04516704003709763,0.040360063999316846,0.047394797549215086,0.015001765936212533,0.01950705115509417,0.0668465296040273,0.37500012329031535,0.612565445026178,0.8610770970106822,0.4359377794124689,1.0,0.0,0.61256083310862,0.8682053420046786,0.4141430695172586,1.0
glycerol 2-phosphate,Xenobiotics,Chemical,0.02716545966731368,0.04046457773674712,0.05706248377530248,0.040290649853735566,0.038646995900742075,0.030184978416901025,0.03732696373208031,0.042819522343779504,0.37500012329031535,0.4397905759162304,7.932452687704115,0.0911650623538021,0.0,72.69894031413611,0.4397858160946107,8.245325572784006,0.08457833817886778,0.0
glycerol 3-phosphate (G3P),Lipid,Glycerolipid Metabolism,0.09982977591246492,0.0530995273073375,0.05450698253306766,0.05239994369712722,0.05425567013638784,0.06858692349734201,0.11100610614992862,0.052250800295524445,0.37500012329031535,0.8167539267015707,5.082033636176063,0.13074151979709406,1.0,0.0,0.8167520577320646,5.094442892538043,0.12149802851111341,1.0
glycerophosphoethanolamine,Lipid,Glycerolipid Metabolism,0.0077801955485521275,0.042454494103527717,0.012358900441630025,0.04330827973517362,0.03997882992602614,0.041066822317665695,0.02430252441076817,0.015139180024622,0.37500012329031535,0.5562827225130891,5.969120031637603,0.14871015964142859,1.0,0.0,0.5562746382115387,6.572088325645889,0.15016568977634526,1.0
glycerophosphoglycerol,Lipid,Glycerolipid Metabolism,-0.07244601248809696,-0.06440058730246856,-0.029879291625205605,-0.06182609498864652,-0.05695429255417742,-0.08856512536182533,-0.07670241475416702,-0.028022536789345905,0.37500012329031535,0.23167539267015708,0.11136602727498016,0.8144739671692369,0.0,60.989322513089,0.23167302284371508,0.11179197011862128,0.8061537460105623,0.0
glycerophosphoinositol,,,-0.07818262089487994,-0.07265619641575584,-0.04845036757003044,-0.07167001617575063,-0.07921047969803874,-0.07723724481946996,-0.08612836842188476,-0.05541193267124884,0.37500012329031535,0.23167539267015708,0.13202102131861615,0.8102935972930452,0.0,67.78751832460729,0.23167302284371508,0.13219162731995834,0.8029804500589611,0.0
glycerophosphorylcholine (GPC),Lipid,Glycerolipid Metabolism,0.0036293486100319955,0.010310922128055166,-0.013146899318086509,0.01383035119219933,0.00529960702806346,0.01055476962543361,0.007270988625872634,0.048475253388013374,0.37500012329031535,0.7198952879581152,6.3556292902781735,0.14083872948310616,1.0,0.0,0.7198877717426199,6.225611762194198,0.11857654830851694,1.0
glycerophosphoserine,,,-0.07696102714367854,-0.07972996121580153,-0.06847450961695582,-0.08056362247566455,-0.08167984619947442,-0.082909195495905,-0.08707870177527355,-0.06974426287611372,0.37500012329031535,0.23167539267015708,0.10558732584464683,0.8182506959862323,0.0,53.480326701570704,0.23167302284371508,0.10575548365364555,0.8090099379566862,0.0
glycine,Amino acid,"Glycine, Serine and Threonine Metabolism",0.03858568178313254,0.09944755867565283,0.04442947343872057,0.0994406067890388,0.08315322493735192,0.05329339504093037,0.08819123460043937,0.07522262798763206,0.37500012329031535,0.8167539267015707,2.5431941103956497,0.27029371275881997,1.0,0.0,0.8167520577320646,2.5989895245652885,0.2579409191684888,1.0
glycochenodeoxycholate,Lipid,Bile Acid Metabolism,0.02477489622347226,0.04541447979432519,0.08633599592091352,0.04363985402148496,0.05300302640184993,0.05399752377225057,0.06434991914193053,0.09012542086321677,0.37500012329031535,0.6348167539267016,0.8581491198350839,0.5903162908503066,1.0,0.0,0.6348177253874699,0.8584823969050466,0.6157458489279085,1.0
glycochenodeoxycholate 3-sulfate,Lipid,Primary Bile Acid Metabolism,-0.032898324764001514,-0.012667779496248439,-0.010204427904165054,-0.00847921430628706,-0.018327577535179263,-0.030260283990145156,-0.025513694687745694,-0.006935617164013227,0.37500012329031535,0.06806282722513088,0.07944595560796482,0.5838793897164679,0.0,73.12300732984292,0.06806117338880542,0.07986801530394926,0.5796529327331215,0.0
glycocholate,Lipid,Bile Acid Metabolism,0.05427492862597199,0.05098451851169611,0.06509212724098758,0.049450841100291035,0.05031338979367641,0.05827618209702142,0.050165176085695165,0.08778778628466001,0.37500012329031535,0.5183246073298429,0.8543735497293753,0.5436276793800081,1.0,0.0,0.5183186306611708,0.8549399511143995,0.5890367122291077,1.0
glycocholenate sulfate,,,0.10181571655200995,0.08073520319511722,0.11104578779642112,0.08096213370471018,0.08330828590160547,0.10189972509472153,0.10376709915925067,0.11638492656283357,0.37500012329031535,0.3782722513089005,0.7204316020221428,0.5622399528802158,0.0,55.44282408376965,0.378268294875252,0.7209367533428162,0.5932660100223693,0.0
glycodeoxycholate,Lipid,Secondary Bile Acid Metabolism,0.05244068726828032,0.06051238337403925,0.07835821951479958,0.06358035048341598,0.061919128962621514,0.06590748112849218,0.06254817844146685,0.12565926633329577,0.37500012329031535,0.6112565445026179,0.8269157066852426,0.5767638258236705,1.0,0.0,0.6112574957946505,0.8273117918214835,0.6044802183087015,1.0
glycodeoxycholate 3-sulfate,Lipid,Secondary Bile Acid Metabolism,-0.030360894425086663,-0.013587343638909262,0.005099597228787497,-0.008654074858111326,-0.014239161482236773,-0.04238837891865167,-0.03609923758727312,-0.007816897851921304,0.37500012329031535,0.06806282722513088,0.10762294358982896,0.5833875676719539,0.0,63.00536335078536,0.06806117338880542,0.10860889753643305,0.5786465704215832,0.0
glycolate (hydroxyacetate),Xenobiotics,Chemical,-0.05128554916131047,-0.04905540980377683,-0.04780910887974608,-0.059534304475865836,-0.03706206935083475,-0.05694191390962143,-0.04716880151244654,-0.04505366037451125,0.37500012329031535,0.2787958115183246,0.25969430456154274,0.7108208543094928,1.0,0.0,0.27880247056255375,0.26068194427960745,0.6939010245660722,1.0
glycolithocholate sulfate,,,0.0456238437687747,0.037343126830967056,0.06246779117686817,0.03839271389405968,0.03710332485101015,0.04787099824544683,0.06261024717644675,0.0704808842821143,0.37500012329031535,0.44371727748691103,0.7788575579075321,0.5192616073709735,0.0,67.25099162303667,0.44371637325526153,0.7793522375884384,0.559051398659067,0.0
"glycosyl ceramide (d18:1/20:0, d16:1/22:0)",,,-0.037956912935465215,-0.00957997286641595,0.002693419034419827,-0.008957416381114568,-0.0027872442313307175,-0.03484776234115006,-0.03330022015760676,-0.010778248107057454,0.37500012329031535,0.1950261780104712,0.1446665419072749,0.8054673451370844,0.0,59.91813612565448,0.19502035260731665,0.14451067089030198,0.7994225889538686,0.0
"glycosyl ceramide (d18:1/23:1, d17:1/24:1)",,,-0.016879424972114504,-0.015251672084456786,-0.0024409604528637897,-0.01438262575573716,-0.007431763554421556,-0.02796164886045357,-0.027318359483689422,-0.007629894433035037,0.37500012329031535,0.12696335078534032,0.07690020918604898,0.6333975549089488,0.0,59.935657591623055,0.12695917921851127,0.0765938471453295,0.6128334105854741,0.0
"glycosyl ceramide (d18:2/24:1, d18:1/24:2)",,,-0.08169417129626805,-0.07639569045605529,-0.06622147678551321,-0.07563522894966786,-0.06096606572350492,-0.08213972402825162,-0.09027709119750289,-0.05065527738829076,0.37500012329031535,0.23167539267015708,0.11007286659403942,0.8190908311127527,0.0,49.54779581151832,0.23167302284371508,0.11007242262408125,0.8085838003509805,0.0
glycosyl-N-(2-hydroxynervonoyl)-sphingosine (d18:1/24:1(2OH)),,,-0.07555320799341812,-0.06868004724515331,-0.04285469589291833,-0.06490068859903735,-0.04703724768196267,-0.08035113175660472,-0.08129033335074504,-0.04205974312047796,0.37500012329031535,0.16361256544502617,0.16343384963469404,0.6809717907622003,0.0,63.138336125654455,0.16361184945490967,0.16855228026353808,0.6766163118229319,0.0
glycosyl-N-arachidoyl-sphingosine (d18:1/20:0),,,-0.12734436617008946,-0.13742811624648785,-0.1559464073116388,-0.13736177674272676,-0.1498605834951829,-0.13536658866270596,-0.1292399847443295,-0.15576541626877025,0.37500012329031535,0.03664921465968586,0.05820350901610227,0.6987856106810878,0.0,74.80266910994769,0.03665267023639842,0.060454725956918476,0.7088065365508589,0.0
glycosyl-N-behenoyl-sphingadienine (d18:2/22:0),,,-0.10649123726130467,-0.07965830146490502,-0.09853033851603758,-0.07908907690316014,-0.10782744992273569,-0.10411576529982475,-0.11350820917628114,-0.0948442374236759,0.37500012329031535,0.10471204188481675,0.1399054669015244,0.6210017790399531,0.0,55.500640837696345,0.10471384362520386,0.14332323888846596,0.6333300909498335,0.0
glycosyl-N-nervonoyl-sphingosine (d18:1/24:1),,,-0.013925449161012887,-0.0083107343845533,-0.02551779662359214,-0.005826233025011734,-0.008211668945246562,-0.019848688979532,-0.02577371834661212,-0.025376159981605667,0.37500012329031535,0.12696335078534032,0.08883294619834792,0.6262673450444682,0.0,55.2313434554974,0.12695917921851127,0.0965890413712875,0.61022299416101,0.0
glycosyl-N-palmitoyl-sphingosine (d18:1/16:0),Lipid,Hexosylceramides (HCER),-0.08522010243676476,-0.07385776526949679,-0.054384151241936136,-0.0712268315760295,-0.05170620801741154,-0.09124409397721671,-0.08576322551849956,-0.06105463901589914,0.37500012329031535,0.23167539267015708,0.0932744194694256,0.8151060296919905,0.0,56.1908942408377,0.23167302284371508,0.09338901559783613,0.8061696787361302,0.0
glycosyl-N-stearoyl-sphinganine (d18:0/18:0),,,-0.11851679270380083,-0.10308692660604095,-0.14019913885546564,-0.10162902526622726,-0.14079484329077105,-0.12397902815003725,-0.13258621209687263,-0.1427853861611221,0.37500012329031535,0.03926701570680628,0.13736469108796853,0.46666571358464903,0.0,74.93508272251313,0.03926319709285155,0.1354090238563602,0.4931197863276571,0.0
glycosyl-N-stearoyl-sphingosine (d18:1/18:0),Lipid,Hexosylceramides (HCER),-0.09900711716451648,-0.06153120000839124,-0.05459348588142944,-0.06038365843019269,-0.05204707390254034,-0.08148969979503726,-0.08817804071217131,-0.05018790496257778,0.37500012329031535,0.23167539267015708,0.11640778343785793,0.8119141064230581,0.0,48.33497591623035,0.23167302284371508,0.11653036776835178,0.8040288570646231,0.0
glycoursodeoxycholate,Lipid,Bile Acid Metabolism,0.06839425438168523,0.06272973172232009,0.08802216151640889,0.06260511566544284,0.0756387538888212,0.06952897408934221,0.06626813494329936,0.08085675975968465,0.37500012329031535,0.28664921465968585,0.5497572888005313,0.6137164548294594,1.0,0.0,0.28664689189362713,0.548750775626002,0.6445485808095576,1.0
glycylglycine,Peptide,Dipeptide,-0.1762296651604528,-0.17922543444099032,-0.16321256761875855,-0.17899341355972415,-0.16725328126028913,-0.19352649584529236,-0.18511915174033822,-0.17764635231884404,0.37500012329031535,0.3691099476439791,2.993220806985147,0.15041831011088033,0.0,51.78340314136125,0.36911154769700943,2.7159340692728917,0.16686754741665433,0.0
glycylisoleucine,Peptide,Dipeptide,0.026406902682303793,0.05066865775771257,0.033315809467693996,0.05290011762250435,0.04520743371321783,0.022277801319519265,0.016709826448216995,0.029986045755989312,0.37500012329031535,0.36910994764397903,1.0627808849416787,0.3759135065932967,0.0,59.782602094240886,0.3691025591638096,1.0678199400847186,0.30385047522775316,0.0
glycylleucine,Peptide,Dipeptide,-0.027404641657757498,0.006800132366844287,0.00890915273017485,0.006934919382545866,-0.020194988484587645,-0.03539321402450661,-0.03149801956864361,-0.001461879867513351,0.37500012329031535,0.5837696335078534,2.8726882322072114,0.15495821924177017,1.0,0.0,0.5837628568126662,2.7892682436171534,0.1505148643698693,1.0
glycyllysine,Peptide,Dipeptide,-0.053583392110228535,-0.05210128062060742,-0.031685857089181584,-0.04691104081569692,-0.04652486601925377,-0.03853666843243895,-0.04812941148758329,-0.039448983741822284,0.37500012329031535,0.12303664921465969,0.08299512529611522,0.7753689947536956,0.0,72.88080523560208,0.12304017874340305,0.08409370389671134,0.7816259808706866,0.0
glycylmethionine,Peptide,Dipeptide,-0.12308978391635779,-0.12086429893368249,-0.14966397876712015,-0.12616859493635957,-0.15202530477484147,-0.12674190631884177,-0.10667866478873009,-0.1293795374927387,0.37500012329031535,0.041884816753926704,0.045170735004633894,0.4784184611088203,0.0,77.50963979057593,0.04188784878719006,0.04863813952106751,0.4931459440883248,0.0
glycylphenylalanine,Peptide,Dipeptide,-0.10092081786667705,-0.1116622827534387,-0.08614211676195266,-0.10917506673688263,-0.10719062618440402,-0.10236822598243772,-0.10091777151694604,-0.0956326673427013,0.37500012329031535,0.14659685863874344,0.2331753068738625,0.7853561907862048,1.0,0.0,0.1466004083362225,0.2339444681714169,0.7947739082826063,1.0
glycylproline,Peptide,Dipeptide,0.02894632180882898,0.0343991464775716,0.04086211317265966,0.03617026254488279,0.0553768001425893,0.04038906528463563,0.036622095039473536,0.04405973361993055,0.37500012329031535,0.4397905759162304,4.744455654393441,0.12895345286251814,1.0,0.0,0.4397858160946107,5.508485431468749,0.12267914946841496,1.0
glycylthreonine,Peptide,Dipeptide,-0.047714557802596015,-0.053151822829392396,-0.040463576437529944,-0.05470403022708855,-0.04995404135336506,-0.04079334455773546,-0.04217881111284364,-0.05760172621037865,0.37500012329031535,0.12303664921465969,0.06641631591872557,0.7726163151839582,0.0,71.36837486910996,0.12304017874340305,0.06720733697196866,0.7788047220619863,0.0
glycyltryptophan,Peptide,Dipeptide,-0.12049959781326686,-0.1283609852088375,-0.1176568505042309,-0.12450092428939144,-0.14254323470726943,-0.12597721137603582,-0.1197733856354211,-0.12658604674487328,0.37500012329031535,0.041884816753926704,0.07433044476625643,0.4766492065041993,0.0,77.71112984293194,0.04188784878719006,0.0747643769805934,0.49163458143144423,0.0
glycyltyrosine,Peptide,Dipeptide,0.11860320448268981,0.14463455490460703,0.14682492266536196,0.13941438946317197,0.1369998346966551,0.12393267590190063,0.13108981718038304,0.12925276078098966,0.37500012329031535,0.24214659685863876,1.3209030825136936,0.29291416227879885,0.0,62.42992251308899,0.24214337994529836,1.3375269905746308,0.27504300235599927,0.0
glycylvaline,Peptide,Dipeptide,-0.15432869193558368,-0.14242055787261793,-0.14234514100484044,-0.14342680561400165,-0.13035721337371342,-0.1767572985195072,-0.16991402302057793,-0.1263338197155549,0.37500012329031535,0.36649214659685864,0.36153054844814875,0.4438708717477082,0.0,60.57040314136127,0.3664984526882135,0.3640049313721503,0.44049392135319093,0.0
guaiacol sulfate,Xenobiotics,Benzoate Metabolism,-0.027536430226851025,-0.024473332817644494,0.016122750538052753,-0.02322325856149383,0.0013735074468946976,-0.03558434003321751,-0.031954541194213336,0.00406462053169367,0.37500012329031535,0.1950261780104712,0.0975926029863753,0.8207440739293559,0.0,69.0362544502618,0.19502035260731665,0.0972159350446637,0.8181900844628833,0.0
guanidinoacetate,Amino Acid,Creatine Metabolism,-0.027028000663631518,0.0006804065775617073,0.04071916026467057,-0.0025552955298165252,0.006561653092466282,-0.048695211497389104,-0.026667751686154647,0.03759948743146422,0.37500012329031535,0.6217277486910995,0.7552263999295319,0.5311440842710276,1.0,0.0,0.6217278528962339,0.7552774536468426,0.5592948400852047,1.0
guanidinosuccinate,Amino Acid,Guanidino and Acetamido Metabolism,0.12175908038575874,0.12053861929035736,0.155274286849261,0.12071482465979531,0.1427174699990942,0.13584017259960435,0.13678427736300383,0.1533841362407575,0.37500012329031535,0.3102094240837696,0.5932250590973327,0.5839701504190137,0.0,58.958183246073276,0.3102071214864466,0.5953829418128359,0.6092790371477693,0.0
guanine,Nucleotide,"Purine Metabolism, Guanine containing",0.1001844365786514,0.17159731978922665,0.15912014917337788,0.17487398792063702,0.20080327467121323,0.1492824572315763,0.14669763380209366,0.13475630608213596,0.37500012329031535,0.8678010471204188,8.729319008953944,0.09042719627204622,1.0,0.0,0.8677979377736688,8.625981413504004,0.1005832789136936,1.0
guanosine,Nucleotide,"Purine Metabolism, Guanine containing",-0.031977240685141996,-0.01761356545004619,-0.0014844921764437201,-0.014580574143581342,0.017005321060500053,0.025017249236384265,0.0007796360772260743,0.0005648826278105654,0.37500012329031535,0.7198952879581152,3.773275500387539,0.14974797070119467,1.0,0.0,0.7198877717426199,4.068306778267904,0.13823430802257858,1.0
guanosine 3'-monophosphate (3'-GMP),Nucleotide,"Purine Metabolism, Guanine containing",0.08632167185786023,0.07598363234504917,0.07320583882109205,0.07617750953551287,0.08127154450264475,0.07069856236777175,0.0697653520871395,0.08550548183497486,0.37500012329031535,0.3691099476439791,8.723051132468234,0.1327368809650133,0.0,71.06376230366493,0.36910512731615236,14.439804987486411,0.11085060673294896,0.0
guanosine 5'- diphosphate (GDP),,,-0.09947091315467159,-0.09026863727866213,-0.07665568648722827,-0.08874478061627439,-0.08287914118349608,-0.10034312272497077,-0.10294595498237939,-0.06487331609032042,0.37500012329031535,0.11649214659685864,0.8730142539746732,0.5237572921635211,0.0,71.75689424083768,0.11649010619309937,0.8722208814494182,0.5220573400841627,0.0
guanosine 5'- monophosphate (5'-GMP),Nucleotide,"Purine Metabolism, Guanine containing",-0.010449571418644159,0.0077096140471798556,0.016227438117948547,0.006357077933566165,0.04257053014520678,-0.015045055689360954,-0.024119064682290085,0.01972950577618704,0.37500012329031535,0.6047120418848168,17.55053027006364,0.08186547155164853,1.0,0.0,0.6047035710158327,26.399950520515542,0.10285154766732985,1.0
guanosine 5'-diphospho-fucose,Nucleotide,"Purine Metabolism, Guanine containing",0.24265496347569843,0.24035724115847218,0.24875650514575634,0.24126862644156363,0.2520163979952932,0.23011524325700458,0.23951702847527787,0.2564292783007028,0.37500012329031535,0.45157068062827227,0.7915037144134309,0.5430918206628573,0.0,65.05641570680625,0.45156464681484904,0.7949977172379622,0.5381579204784454,0.0
"guanosine-2',3'-cyclic monophosphate",Nucleotide,"Purine Metabolism, Guanine containing",0.03279491016429356,0.02210477854785115,0.029389105468384406,0.014567111568713428,0.022587378846716962,0.02766399680578666,0.021345854328852713,0.02159933515847253,0.37500012329031535,0.08115183246073299,0.026670958487526673,0.8470936225669379,0.0,60.177198952879564,0.081152329956213,0.02706479718096667,0.8474288054371665,0.0
guanosine 5'-triphosphate (GTP),,,-0.11046117540148621,-0.09378523820777822,-0.08260393511637877,-0.09195661519988525,-0.08899144873432803,-0.09615366132852841,-0.11243812458033348,-0.08334290467378463,0.37500012329031535,0.11649214659685864,0.9417918033046844,0.5223782103824266,0.0,62.32599790575918,0.11649010619309937,0.938657762084207,0.5206480225563994,0.0
gulonate,,,-0.06979435059831972,-0.08566330510905285,-0.060552074940841694,-0.08653966232636302,-0.05517784878620486,-0.1020812225315499,-0.0970881965556487,-0.05199345833467441,0.37500012329031535,0.23167539267015708,0.108723261456052,0.8271000962871717,0.0,65.55107539267014,0.23167302284371508,0.10931777303643338,0.8153726978578807,0.0
"gulono-1,4-lactone",Cofactors and Vitamins,Ascorbate and Aldarate Metabolism,-0.043854708910873,-0.05442179192418252,-0.03650298249864864,-0.04529909575128866,-0.0534024731856945,-0.047021523958702016,-0.04346462189229371,-0.04423510436677656,0.37500012329031535,0.12303664921465969,0.12246091757056168,0.7749729024097864,1.0,0.0,0.12304017874340305,0.12309319806171776,0.779985827653629,1.0
heme,Cofactors and Vitamins,Hemoglobin and Porphyrin Metabolism,-0.02138192785975478,0.01500220528711233,-0.0054475102281121715,0.01430335426911688,0.018307875557828073,-0.04280378550196449,-0.049858745078522185,0.01812889684407915,0.37500012329031535,0.7356020942408377,42.42179948615585,0.13399190428247637,1.0,0.0,0.7356035800043658,987.112515326824,0.09703556787501988,1.0
heme2,,,0.2121354056613078,0.19378080822850388,0.19324469071986292,0.19311017537686817,0.19832277855851968,0.20689846900592818,0.20095725016299618,0.19266405874078002,0.37500012329031535,0.11910994764397906,1.0496013440165322,0.37286836524381683,0.0,65.46482722513092,0.11910320120189528,1.0916379652986339,0.38255219037733806,0.0
heptadecanoic acid,Lipid,Long Chain Fatty Acid,0.10784884409184574,0.09457627058132456,0.12291405593997982,0.09174943151832182,0.0941820443426241,0.10859715655544896,0.10505340824833347,0.11259099505365638,0.37500012329031535,0.09685863874345549,0.07580566414058827,0.913281089608551,1.0,0.0,0.0968642859894449,0.07813811764970567,0.9164317377540444,1.0
heptadecasphingosine (d17:1),Lipid,Sphingosines,-0.07239125078182633,-0.06342117216814695,-0.04960650822447138,-0.06160359506049923,-0.05160609755308387,-0.09611646814645974,-0.09613046898202234,-0.04279053792883655,0.37500012329031535,0.23167539267015708,0.10876507555307685,0.8206600804649411,0.0,53.09606492146597,0.23167302284371508,0.10873860887555971,0.8108985008011299,0.0
heptaethylene glycol,Xenobiotics,Chemical,0.10790243020743731,0.1113414057172231,0.1022127943988559,0.11045638811756706,0.10758005064363357,0.07984950260365102,0.08269387463554549,0.12371544198493989,0.37500012329031535,0.2827225130890052,29.480000875151827,0.07317022507261925,0.0,65.00004921465967,0.2827137665806336,42.621933632661126,0.06145263914054303,0.0
heptanoate (7:0),Lipid,Medium Chain Fatty Acid,-0.16926925611132926,-0.15503748796217018,-0.14638356975115474,-0.16103170690838484,-0.15569412088483847,-0.17195561808453022,-0.16967063227763063,-0.14951953351170033,0.37500012329031535,0.12696335078534032,0.3642611028811651,0.3552189226634793,1.0,0.0,0.12695917921851127,0.3626730813233119,0.34385642329706023,1.0
heptenedioate (C7:1-DC),,,-0.03909889813915269,-0.00965700939084472,-0.004631964987571994,-0.011380240622590115,-0.007493423275868379,-0.03981866782845096,-0.03404925287307642,-0.017850303065094802,0.37500012329031535,0.06806282722513088,0.06737256759389484,0.5852593089222311,0.0,66.28727329842934,0.06806117338880542,0.06759955994409499,0.5792629199532883,0.0
hexadecadienoate (16:2n6),Lipid,Long Chain Polyunsaturated Fatty Acid (n3 and n6),-0.06595084789115412,-0.06915236759225765,-0.06034597782080418,-0.07097439862840524,-0.061996504538729305,-0.08596053444799646,-0.0886089069290214,-0.04871231657917647,0.37500012329031535,0.23167539267015708,0.1339938209359884,0.8115507136323166,0.0,52.987201047120436,0.23167302284371508,0.13431151966494284,0.8054874427126094,0.0
hexadecanedioate,Lipid,"Fatty Acid, Dicarboxylate",-0.07402746992596271,-0.0679324686203752,-0.07626520364854823,-0.06722037525941259,-0.07131301989086694,-0.08969693905576255,-0.08316683194114118,-0.05127597417609949,0.37500012329031535,0.23036649214659688,0.4885713427584205,0.4737193640595242,0.0,47.4366282722513,0.23035812884420304,0.48722461618388824,0.4640502206101423,0.0
hexadecasphingosine (d16:1),,,-0.06553657697310786,-0.061020551491687,-0.046407698647272275,-0.060515236460791405,-0.050588983095388465,-0.0927264683479241,-0.09377984822169118,-0.061028570434385275,0.37500012329031535,0.23167539267015708,0.09532293304980552,0.8213051914545144,0.0,48.77436649214661,0.23167302284371508,0.09515570913619946,0.811069408806361,0.0
hexadecatrienoate (16:3n3),Lipid,Long Chain Polyunsaturated Fatty Acid (n3 and n6),-0.02018942613633646,-0.0021159300387033056,-0.00446876714428771,-0.008096597404144883,-0.01604061607427594,-0.016070786048839415,-0.012642011005952568,-0.014048628572508307,0.37500012329031535,0.12696335078534032,0.07744671719264923,0.6341446731072529,0.0,67.55372565445026,0.12695917921851127,0.07754357029100002,0.6160540296995317,0.0
hexaethylene glycol,Xenobiotics,Chemical,0.11927069735436893,0.11687424054257249,0.09475021050356036,0.11739430537381869,0.10398053734428378,0.08831519564438489,0.08459468449515432,0.1107915069854236,0.37500012329031535,0.2827225130890052,134.68318792323223,0.08002144664756179,0.0,66.07471623036653,0.2827137665806336,47.55382059374753,0.06602972978349034,0.0
hexanoylcarnitine,Lipid,Carnitine Metabolism,-0.016771463655561692,0.033877447149105025,0.027638233061607703,0.032366044990149466,0.052520185751854624,0.005902689232866097,0.006289776916372675,0.04234108343039257,0.37500012329031535,0.6714659685863875,9.536339220039315,0.09448215010233277,1.0,0.0,0.6714588389383259,10.616295430230727,0.09102860821950387,1.0
hexanoylglutamine,Lipid,Fatty Acid Metabolism (Acyl Glutamine),-0.03270798451699841,-0.018668829970709334,-0.005879000156409061,-0.014004766510718305,-0.015735514874838513,-0.035356591898644346,-0.03185775725842283,-0.004107589498176987,0.37500012329031535,0.06806282722513088,0.09851527657249368,0.5841670274042172,0.0,69.04092460732986,0.06806117338880542,0.0970128070188469,0.5775508573824834,0.0
hippurate,Xenobiotics,Benzoate Metabolism,0.048489390542985025,0.037608443470222755,0.0334915366324971,0.03997260882014701,0.058798286936505115,0.021934575959490048,-0.0015274373184599118,0.023811851989557525,0.37500012329031535,0.6714659685863875,32.24689714129841,0.072518322455214,1.0,0.0,0.6714588389383259,39.06564904935329,0.06820893879071102,1.0
histamine,Amino acid,Histidine Metabolism,0.11669607204517397,0.1703891278499026,0.19416753656561367,0.16947850937018422,0.2217130297938105,0.12524548308318423,0.13390076834387832,0.21648690481698735,0.37500012329031535,0.8442408376963351,0.9269735718015741,0.6275076512309027,1.0,0.0,0.8442377081808493,0.9270805343443351,0.6411879907233574,1.0
histidine,Amino acid,Histidine Metabolism,-0.06231544496501136,0.0029973320531805642,-0.016630525092724235,0.0057220652676362544,0.023329533184277995,-0.05134801770874743,-0.0502946893495665,0.029534490174981533,0.37500012329031535,0.7198952879581152,2.5800290124378353,0.3041576448247158,1.0,0.0,0.7198877717426199,2.8486195696754777,0.2587886948077978,1.0
histidine betaine (hercynine),,,-0.10587417803548713,-0.08954163254118819,-0.07965002045096899,-0.08784691188409115,-0.09371151020521956,-0.10837662832885603,-0.1111279162371055,-0.071145707858653,0.37500012329031535,0.10471204188481675,0.10916961552123579,0.6130855854190214,0.0,68.00025968586388,0.10471384362520386,0.10870540135906352,0.6198952427370065,0.0
histidine methyl ester,Amino Acid,Histidine Metabolism,-0.03699493423092839,-0.015858897342931458,-0.017529587942698457,-0.018218293655021364,-0.019755785109606794,-0.042669909147886396,-0.042332327225027895,0.001399502912827498,0.37500012329031535,0.06806282722513088,0.0744912917750508,0.5837756281309849,0.0,66.77572460732982,0.06806117338880542,0.07410359015001541,0.5790933609216283,0.0
histidylleucine,Peptide,Dipeptide,-0.06802574074477961,-0.06388838222011833,-0.047910741861251945,-0.0633964343771522,-0.06681692657024871,-0.08266940741903635,-0.07851804519627592,-0.05308459170917811,0.37500012329031535,0.22643979057591623,0.22807887987389197,0.49343179839575696,0.0,58.92294031413614,0.22644683282612324,0.23035389602177117,0.48893603048403067,0.0
histidylmethionine,Peptide,Dipeptide,-0.1291108165234115,-0.1358603566164045,-0.13110513868392729,-0.13728939629121312,-0.1473955507055619,-0.11146624877334821,-0.11370592969288264,-0.13972491778413634,0.37500012329031535,0.041884816753926704,0.09560972468423694,0.48038378159611794,0.0,79.88322722513091,0.04188784878719006,0.09602148436940416,0.4921163551298982,0.0
histidylphenylalanine,Peptide,Dipeptide,-0.12124799158484487,-0.13812335366617048,-0.12334932504384122,-0.13719858999509854,-0.142218455915864,-0.12663639873819463,-0.12123661076714094,-0.13026599939907202,0.37500012329031535,0.041884816753926704,0.07140204631169977,0.4780956915221971,0.0,73.72867120418849,0.04188784878719006,0.07252537718821454,0.49284115746990514,0.0
histidyltryptophan,Peptide,Dipeptide,-0.11775668073656048,-0.1373298563546029,-0.13606039958494276,-0.13614412629176256,-0.13912253721473736,-0.12225264376841362,-0.11203564968441224,-0.1274591855131597,0.37500012329031535,0.041884816753926704,0.05059509027503602,0.4790908604005604,0.0,76.7598722513089,0.04188784878719006,0.04890588934925427,0.49317273390554767,0.0
histidyltyrosine,Peptide,Dipeptide,-0.1275764862828385,-0.12980709174799201,-0.14142642084038765,-0.12753459502522305,-0.14509843785498466,-0.11806918318964692,-0.11210365457051656,-0.14062776059790436,0.37500012329031535,0.041884816753926704,0.10793757650225469,0.4786146516443587,0.0,78.86513298429318,0.04188784878719006,0.1068527871016951,0.4891705435963653,0.0
homoarginine,Amino Acid,Urea cycle; Arginine and Proline Metabolism,-0.08281166220991439,-0.07207617515556852,-0.030655641305107232,-0.07480102498423132,-0.06366308785603626,-0.08571841543194715,-0.0956790509099255,-0.04840686691121565,0.37500012329031535,0.23167539267015708,0.11950529848890952,0.8258172433954823,0.0,59.29283664921465,0.23167302284371508,0.11915611498117983,0.8169282281280822,0.0
homocarnosine,Peptide,Dipeptide Derivative,0.2039030134396643,0.2092863378733025,0.2002820834609861,0.21033388582619092,0.21374259597925507,0.1969783753659466,0.20977470173880264,0.21865499376663275,0.37500012329031535,0.11910994764397906,0.7508959043495013,0.42719168180395317,1.0,0.0,0.11910320120189528,0.7632233485443568,0.45329723516652626,1.0
homocitrulline,Amino Acid,Urea cycle; Arginine and Proline Metabolism,-0.04220651026105647,-0.03775137403541079,-0.02866394339417863,-0.036054039988673514,-0.042362861634663025,-0.040523416384318,-0.05655782018462098,-0.03674639157231395,0.37500012329031535,0.31282722513089,0.2111345449879652,0.868588794703417,0.0,44.789819895288,0.31282535279992807,0.2108437891377739,0.8587866654920401,0.0
homocysteine,Amino Acid,"Methionine, Cysteine, SAM and Taurine Metabolism",0.019810814795958455,0.006912322554001307,0.010866658601856191,0.010419212087661233,0.0008859936209792097,0.0003934207967206292,-0.0017338049806069997,0.005875512988334721,0.37500012329031535,0.33507853403141363,0.2516278483459291,0.5553107278811786,1.0,0.0,0.33508866545963506,0.2525293133814331,0.5740508864151291,1.0
homoserine,Amino Acid,"Glycine, Serine and Threonine Metabolism",-0.048640386288071435,-0.05900453476984849,-0.049317264797460736,-0.05592463708070493,-0.07208317173410471,-0.04535868276247802,-0.042309833991734026,-0.04352256533586376,0.37500012329031535,0.12303664921465969,0.1256670810722228,0.7941785648802103,1.0,0.0,0.12304017874340305,0.12804759818544884,0.7972672650309921,1.0
homostachydrine,,,0.0015516889127177998,-0.007284575137634251,0.03403185315864556,-0.005589814164592663,0.014374568183872493,0.013494861044965861,0.021561834451367817,0.019750205444090497,0.37500012329031535,0.4568062827225131,0.7377046158638962,0.5111290979366043,0.0,61.55234659685865,0.4568088138988404,0.7378642523925829,0.5489031440160719,0.0
hydantoin-5-propionate,Amino Acid,Histidine Metabolism,-0.033091155662195,-0.01708737618204607,-0.015131791149038593,-0.01519784512584031,-0.021184978781044087,-0.03440937481772171,-0.033669582270626636,-0.019119706412824688,0.37500012329031535,0.1950261780104712,0.09606059502570233,0.81936932726407,0.0,59.57051832460731,0.19502035260731665,0.09597202355472532,0.817167200123972,0.0
hydroxy-CMPF,,,-0.08631935798020118,-0.08169042895815791,-0.044699167931929885,-0.08087831685236037,-0.05498893110466679,-0.08164593281186112,-0.08110504282170183,-0.045744606006367025,0.37500012329031535,0.23167539267015708,0.15689457566730564,0.8104032311348319,0.0,51.26384293193716,0.23167302284371508,0.15694824375379215,0.8019241451284277,0.0
"hydroxy-N6,N6,N6-trimethyllysine",,,-0.08294547165158174,-0.06211904371443126,-0.04731987443243426,-0.060200542084095594,-0.06598553085893254,-0.08187148432692704,-0.08464092558191677,-0.056432930280892635,0.37500012329031535,0.23167539267015708,0.10586148846742705,0.8170497692861027,0.0,61.87510575916231,0.23167302284371508,0.106032117009077,0.8087640909123408,0.0
hydroxyasparagine,Amino Acid,Alanine and Aspartate Metabolism,-0.11097141589663896,-0.08419629710184516,-0.0936146052814421,-0.08432767781581271,-0.10411897303202071,-0.10505652985059864,-0.11785065299723335,-0.09495691695720154,0.37500012329031535,0.10471204188481675,0.14000972689411773,0.6349241065412777,0.0,58.39832041884816,0.10471384362520386,0.13976319559044456,0.6376033476113837,0.0
hydroxybutyrylcarnitine,,,0.10783520516064293,0.12914906387302613,0.12993976156037482,0.1282482165724148,0.1143803174842568,0.11028719503260723,0.12297724113543657,0.1330439036727279,0.37500012329031535,0.4319371727748691,1.2801027233205704,0.39624004251783296,0.0,64.06110785340314,0.4319285540018234,1.2876979326379299,0.3946309737282383,0.0
hydroxypalmitoyl sphingomyelin (d18:1/16:0(OH)),Lipid,Sphingomyelins (SM),-0.07853427258941065,-0.07422468102215417,-0.03938442417954849,-0.07276809669081843,-0.06339531879746395,-0.08330834439963083,-0.07567689756242292,-0.03479866501029083,0.37500012329031535,0.23167539267015708,0.11107646021699585,0.818965649113951,0.0,54.798401047120414,0.23167302284371508,0.11101733032207874,0.8114110061170888,0.0
hypotaurine,Amino acid,"Cysteine, methionine, SAM, taurine metabolism",0.18744761338365454,0.23562504379132318,0.16884173785879786,0.2303980765214666,0.23109403779905485,0.19154355818478852,0.2524300177347091,0.21214894608788548,0.37500012329031535,0.8848167539267016,3.655473818384277,0.17118782113726072,1.0,0.0,0.884815799273213,3.600012410265441,0.15364784846960422,1.0
hypoxanthine,Nucleotide,"Purine Metabolism, (Hypo)Xanthine/Inosine containing",-0.03282397361888188,-0.018277243208517813,0.0014846567892690375,-0.013257279076329247,0.01793671414387881,-0.0448140554090412,-0.04976915313547016,0.007004502059871137,0.37500012329031535,0.7198952879581152,2.924912585655771,0.27503663792578703,1.0,0.0,0.7198877717426199,3.0519683382859832,0.2571017637530428,1.0
imidazole lactate,Amino Acid,Histidine Metabolism,-0.06358143580420421,-0.06423333105890772,-0.0433788494845089,-0.06478398071917686,-0.04247299902637613,-0.07496104809040204,-0.07231935635222332,-0.05567011081235822,0.37500012329031535,0.23167539267015708,0.09929376579714991,0.8206834172662383,0.0,59.06524816753926,0.23167302284371508,0.09906647639264782,0.8114181750477334,0.0
imidazole propionate,Amino Acid,Histidine Metabolism,0.01454478806563358,0.013640169522813942,0.019925536098278143,0.011704941004898339,0.029764685137766565,0.020396292587048725,0.019139739833740548,0.03894513494416463,0.37500012329031535,0.4568062827225131,0.7877137969913575,0.5368910886998093,0.0,53.11310157068061,0.4568088138988404,0.787801063560702,0.5677430307813185,0.0
indoleacetate,Amino Acid,Tryptophan Metabolism,-0.11616587487774581,-0.11676254933455726,-0.09314461268764915,-0.11687412440918554,-0.09096967380396137,-0.1469393033267722,-0.1339139202459811,-0.08805210186316652,0.37500012329031535,0.27356020942408377,0.17827551934392039,0.8978103084531069,1.0,0.0,0.2735608716309051,0.18019371926970482,0.9030902793243509,1.0
indolelactate,,,0.04051341487975901,0.05359416280920553,0.06766149876252525,0.05602150819487553,0.04282889084560373,0.05192633678926732,0.05981341780619715,0.07638754785114302,0.37500012329031535,0.5327225130890052,17.964198828593684,0.06361076603691078,0.0,55.08671727748693,0.5327144086187192,23.481805086130844,0.057730384679576606,0.0
indolepropionate,Amino Acid,Tryptophan Metabolism,0.04945020611115274,0.07082593791784886,0.07611482573858314,0.07135304924448149,0.04349577790579169,0.05940060389411446,0.05019346086756933,0.06503087477294299,0.37500012329031535,0.2879581151832461,0.6014405451526958,0.5880193574654129,0.0,62.95754136125652,0.2879617858931392,0.6021243284327878,0.6109421730622443,0.0
inosine,Nucleotide,"Purine Metabolism, (Hypo)Xanthine/Inosine containing",-0.032875983082392535,0.014197719006232717,-0.0033805369927829864,0.015572867113459652,0.01164156990150475,0.009550360787924901,-0.008585936618144083,0.026650960455036756,0.37500012329031535,0.7198952879581152,3.346246287721467,0.2338069396841613,1.0,0.0,0.7198877717426199,3.6009275196109223,0.22243720736943765,1.0
inosine 5'-monophosphate (IMP),Nucleotide,"Purine Metabolism, (Hypo)Xanthine/Inosine containing",-0.15317141930482306,-0.1255333434892819,-0.12479092601971191,-0.12795267039851968,-0.13304394228115657,-0.13977847283686615,-0.14862783456122997,-0.12325290218597065,0.37500012329031535,0.2604712041884817,1.042500900932621,0.605974929257896,1.0,0.0,0.26046586283498335,1.047108660104733,0.574688989694448,1.0
inositol 1-phosphate (I1P),Lipid,Inositol Metabolism,0.1576384820852858,0.20829437665045428,0.19911542750874683,0.2054480842656661,0.19894457975147256,0.19487759994891402,0.1444313786366475,0.1538985733944307,0.37500012329031535,0.8547120418848168,3.641593644505909,0.21965043446565266,1.0,0.0,0.8547067812062612,3.898325703226378,0.17815122114059037,1.0
inositol 2-phosphate (I2P),Lipid,Inositol Metabolism,0.03120712829516726,0.0284862941522572,0.037846723356403544,0.030902482039466696,0.032181418663139505,0.02213668628707767,0.02102402693146092,0.027841638858403073,0.37500012329031535,0.08115183246073299,0.06072090850917795,0.8466892972189808,1.0,0.0,0.081152329956213,0.06122447705883103,0.8472994212821602,1.0
isobutyrylcarnitine,Amino acid,"Valine, leucine and isoleucine metabolism",-0.011943427680709866,-0.0004479417309924269,0.001360654134167901,0.0027335858559286302,0.022034928841911307,0.025369737113140823,0.034739498546605956,0.041592406514408035,0.37500012329031535,0.6714659685863875,7.214384682752192,0.08187860811403302,0.0,62.8210272251309,0.6714588389383259,7.7776059429267015,0.11860353377379278,0.0
isocitrate,Energy,TCA Cycle,0.07039845207888479,0.07286567398437004,0.08871370935263218,0.07177093887843881,0.07210403187501765,0.06465420764109135,0.07477399835107561,0.06064372778191546,0.37500012329031535,0.20418848167539266,1.041108782395781,0.4691441234861503,1.0,0.0,0.20418480424258767,1.0407049362032847,0.49183258025438303,1.0
isocitric lactone,Energy,TCA Cycle,-0.028560520306192716,-0.011208758022655797,0.0030677036607319533,-0.012508746155626839,-0.021278876656605022,-0.03625414123133256,-0.022807952260414342,-0.005973773116476341,0.37500012329031535,0.06806282722513088,0.10006535187425264,0.5811376079362942,0.0,67.93230785340316,0.06806117338880542,0.10060835543814033,0.5781810506535102,0.0
isoleucine,Amino acid,"Valine, leucine and isoleucine metabolism",0.07822708422154025,0.07736169976062435,0.07033931084282016,0.07712751274316447,0.10366063934525835,0.035791734569098184,0.03354267412541232,0.11391689670469143,0.37500012329031535,0.8167539267015707,2.7939287463860447,0.2352420666031553,1.0,0.0,0.8167520577320646,2.9863772319526185,0.21571796359433482,1.0
isoleucylalanine,Peptide,Dipeptide,-0.13148939144099644,-0.13888556979101857,-0.11002367332968775,-0.13934085173073632,-0.1341506139945556,-0.13167001269358344,-0.1393354147795616,-0.11837414098863681,0.37500012329031535,0.2054973821989529,16.22840252277707,0.111853651298331,0.0,72.86596439790577,0.20549841416592832,14.287084667135877,0.10823720273290109,0.0
isoleucylarginine,Peptide,Dipeptide,-0.12174396722035333,-0.1298453548848629,-0.13847669263761161,-0.12841865452995865,-0.11850559992144787,-0.11333782324468737,-0.11432963450564468,-0.12976197707831436,0.37500012329031535,0.041884816753926704,0.056516979282926136,0.47967894748385465,0.0,69.27538219895288,0.04188784878719006,0.055248871754446094,0.49443388003519145,0.0
isoleucylglutamate,Peptide,Dipeptide,-0.19191475553899834,-0.1947614311300147,-0.19663828893136412,-0.19251829574083873,-0.19492921592239815,-0.18914134415370856,-0.194889313612449,-0.19485627399008948,0.37500012329031535,0.06544502617801047,0.25708748420699984,0.6072715601684863,0.0,80.37965863874348,0.0654480783800095,0.2598488944698456,0.5788770720140662,0.0
isoleucylglutamine,Peptide,Dipeptide,-0.08866486857463354,-0.07865917310586311,-0.07096183211481218,-0.0787258326267912,-0.08143325545050513,-0.07918928131035213,-0.07528479535155781,-0.08459272258855156,0.37500012329031535,0.16361256544502617,19.70069480993716,0.06450036694829185,0.0,66.36894659685868,0.16361056537873828,13.620985461526365,0.09677587740238018,0.0
isoleucylglycine,Peptide,Dipeptide,0.10171473712702278,0.10643084055078801,0.11042321472405375,0.10197100898826156,0.09242866792908659,0.05891431763684283,0.08322749957946576,0.12662581533876585,0.37500012329031535,0.4489528795811518,2.1847701134197273,0.2797403225039976,0.0,64.52617382198949,0.44894898365371033,2.173622149652175,0.28319296159694174,0.0
isoleucylhistidine,Peptide,Dipeptide,-0.11788076965226378,-0.1246354250129375,-0.12863526186293867,-0.1230019491203978,-0.1253293763305156,-0.12433179315386768,-0.11162608025713046,-0.14265105748020634,0.37500012329031535,0.041884816753926704,0.06320722880581388,0.4781981890858459,0.0,74.27462617801046,0.04188784878719006,0.062388595810502635,0.4932057883979007,0.0
isoleucylhydroxyproline,,,-0.04254249752498528,-0.01027904416539607,-0.014768929007512449,-0.009469874027927401,-0.024736820984735827,-0.042859150342073334,-0.03717414264297931,-0.020644630506676868,0.37500012329031535,0.06806282722513088,0.05108379981251385,0.5857672887122822,0.0,69.33109109947645,0.06806117338880542,0.049080188528797385,0.5804280263806098,0.0
isoleucylisoleucine,Peptide,Dipeptide,-0.1054666688788977,-0.11820058947279916,-0.10346459578076625,-0.11678701557017429,-0.1042743681378338,-0.10867015150182083,-0.11300651399129312,-0.10566687970501643,0.37500012329031535,0.15837696335078533,0.31354695731915583,0.4949427126694629,0.0,69.949942408377,0.15837795498028942,0.31366246486229477,0.5028119254684592,0.0
isoleucylleucine,Peptide,Dipeptide,-0.05076611809631747,-0.05802543530525847,-0.05015163144926024,-0.05809641225779627,-0.048177866252691,-0.06334538971802546,-0.05769852749116144,-0.056124168084977166,0.37500012329031535,0.11649214659685864,0.3393516810034107,0.5234581164999075,0.0,60.646757068062826,0.11649010619309937,0.3383556070294333,0.5349659987194225,0.0
isoleucylmethionine,Peptide,Dipeptide,-0.13442900190548232,-0.1438267356320432,-0.1393365872059983,-0.1438267356320432,-0.14831356806527762,-0.1257849113486883,-0.1469112301413806,-0.13657679870571984,0.37500012329031535,0.10078534031413612,28.17216066131265,0.0581948114152576,0.0,70.55515916230364,0.10078585461689588,12.934233763494502,0.0704863169329068,0.0
isoleucylphenylalanine,Peptide,Dipeptide,-0.12591874984858678,-0.14144768461272628,-0.1361810857733561,-0.14144768461272628,-0.1410554347534993,-0.12921134586078079,-0.13705895086247,-0.134282318874009,0.37500012329031535,0.10078534031413612,135.44695069368277,0.06353432576685784,0.0,79.4861329842932,0.10078585461689588,7.545803421960874,0.08164216677454383,0.0
isoleucylserine,Peptide,Dipeptide,0.06518558946423471,0.044112067267973225,0.05469334162583976,0.04423714276136222,0.04965557410686928,0.03957798717376389,0.031600099884013,0.05616567255601231,0.37500012329031535,0.32460732984293195,41.67911138301008,0.10565635023813816,0.0,64.32668900523556,0.32460161536782356,24.806722285735816,0.09209845393919602,0.0
isoleucylthreonine,Peptide,Dipeptide,0.029844354336502198,0.022732221500255178,0.03161783451599708,0.025111642196556483,0.027735556710040726,0.01933714577228409,0.022076891957146197,0.029104337973150856,0.37500012329031535,0.08115183246073299,0.10052043205010613,0.8398658651741516,0.0,67.08492984293193,0.081152329956213,0.10121166816676551,0.8404164324159759,0.0
isoleucyltryptophan,Peptide,Dipeptide,-0.1290317508425967,-0.13959405357718935,-0.1282113239785284,-0.13586279764586995,-0.13452255999497242,-0.10976764672995906,-0.10681951490871439,-0.13658000196877168,0.37500012329031535,0.041884816753926704,0.10992100973225599,0.4792600950858116,0.0,75.38557696335077,0.04188784878719006,0.10865621302111977,0.4916432592626472,0.0
isoleucyltyrosine,Peptide,Dipeptide,-0.12871414802305245,-0.1397104296569545,-0.11896361009332226,-0.13592614236049827,-0.13412621483908554,-0.11072521553061912,-0.10635352142740309,-0.1349980431347772,0.37500012329031535,0.041884816753926704,0.12364619392036341,0.47705519130754803,0.0,74.68578743455495,0.04188784878719006,0.12471481496875941,0.4916680287818512,0.0
isoleucylvaline,Peptide,Dipeptide,-0.12830587868918145,-0.13928945378372615,-0.12482848458317876,-0.1355310007157792,-0.13355390233533343,-0.10835198501563809,-0.10648645097829994,-0.13422268018286773,0.37500012329031535,0.041884816753926704,0.0839220290769274,0.4789617262746454,0.0,66.8297078534032,0.04188784878719006,0.08345082248214085,0.493406297025071,0.0
isopalmitic acid,Lipid,"Fatty Acid, Branched",0.036002708587166574,0.033729147168426094,0.01944457698485165,0.023498483514176847,0.03132695613030788,0.02029757776767472,0.01756458441737051,0.011581068596774862,0.37500012329031535,0.08115183246073299,0.04358257501310431,0.8469156804951025,0.0,56.53921989528797,0.081152329956213,0.04296305613173742,0.8469261108900704,0.0
isovalerate (C5),Amino Acid,"Leucine, Isoleucine and Valine Metabolism",-0.02566260064357984,-0.003980527758541941,0.004861808446450018,-0.003797515717180429,-0.015892835451121547,-0.025125933153452566,-0.030682806994937733,-0.01866392956162955,0.37500012329031535,0.06806282722513088,0.12870439968539388,0.5817796919818793,0.0,64.88427225130891,0.06806117338880542,0.1268251258641883,0.5748821729488302,0.0
isovalerylcarnitine,Amino acid,"Valine, leucine and isoleucine metabolism",0.019644739559751077,0.013321728977328418,-0.0021665134820566083,0.011934804264187245,0.038025044497337374,0.03530407118719449,0.054951822003157264,0.06174304729903039,0.37500012329031535,0.6714659685863875,9.449610139150266,0.07669389003780716,0.0,66.23461570680632,0.6714588389383259,10.275866043004099,0.09362308282413657,0.0
isovalerylglycine,Amino Acid,"Leucine, Isoleucine and Valine Metabolism",-0.03688972347491356,-0.005046993161092857,0.00013327843982687562,-0.002960338710990408,-0.012494679285549922,-0.02906537806766963,-0.020225523559055304,0.00020562687420219765,0.37500012329031535,0.06806282722513088,0.11736261041578602,0.5849188063467816,1.0,0.0,0.06806117338880542,0.11767030880510772,0.575550778014912,1.0
kynurenate,Amino Acid,Tryptophan Metabolism,0.051074282085703374,0.0658268637201347,0.06773649386978393,0.06284463258762074,0.05566287580692871,0.08845076923478441,0.07545392989245218,0.07586137208177608,0.37500012329031535,0.41492146596858637,0.7017064483580311,0.5356042843266049,1.0,0.0,0.4149209651116505,0.7017754014070278,0.5667041376965433,1.0
kynurenine,Amino acid,Tryptophan Metabolism,-0.039360690888855555,-0.01565872641959789,-0.010743023935644445,-0.015429379600725043,-0.007697974739725129,-0.0011887525800203121,0.02371316389362891,-0.009581138602483342,0.37500012329031535,0.7198952879581152,6.719254268492055,0.08966783680106769,1.0,0.0,0.7198877717426199,6.910216153603769,0.12121604587745692,1.0
lactate,Carbohydrate,"Glycolysis, Gluconeogenesis, and Pyruvate Metabolism",0.10560825010191065,0.021902675007166306,0.056843528579869254,0.02188173117705492,0.042083805160215676,0.06272000113371841,0.06262581431748215,0.0800939811051394,0.37500012329031535,0.8167539267015707,2.5476580470770482,0.3443925530586474,1.0,0.0,0.8167520577320646,2.708712266012974,0.28338542767166347,1.0
lactobacillic acid,Xenobiotics,Bacterial/Fungal,-0.016624218755474134,-0.0019441727145058669,0.007005644491378159,-0.0042827276365140846,-0.008340052965926378,-0.005275589157844693,-0.013222689885711472,0.011088218039702589,0.37500012329031535,0.12696335078534032,0.06778387486876712,0.6325605268707177,0.0,61.88924607329845,0.12695917921851127,0.06784292629376869,0.617674924715372,0.0
lactosyl-N-arachidoyl-sphingosine (d18:1/20:0),,,-0.016096029349733074,0.006102371203023732,0.0010862480526280486,0.006895912308092892,-0.005065087216469952,-0.016132543251166573,-0.017341851431067354,0.0006615416447916828,0.37500012329031535,0.12696335078534032,0.1371419714120415,0.6277042149351397,0.0,49.941820942408384,0.12695917921851127,0.13568321485536447,0.6074974446148941,0.0
lactosyl-N-behenoyl-sphingosine (d18:1/22:0),,,-0.007520121551999814,0.004397212566555214,-0.015786014902344044,0.005884115973537184,0.003975403299058697,-0.01054114025190679,-0.014379686361319012,-0.014346471359760561,0.37500012329031535,0.12696335078534032,0.1080640319812651,0.6289700255658504,0.0,60.26450785340313,0.12695917921851127,0.10810305896083323,0.61074300257606,0.0
lactosyl-N-nervonoyl-sphingosine (d18:1/24:1),,,-0.0726117616254521,-0.06475721972020713,-0.06255382573475557,-0.06286392582806184,-0.05192748217952211,-0.09603739261324257,-0.09337199860016702,-0.06801143205086771,0.37500012329031535,0.23167539267015708,0.15995825241756903,0.806927318400793,0.0,58.92149738219892,0.23167302284371508,0.1601585541465834,0.7964501356758866,0.0
lactosyl-N-palmitoyl-sphingosine (d18:1/16:0),Lipid,Lactosylceramides (LCER),-0.0755996566853549,-0.059755523513815724,-0.05820613652940942,-0.056954077343346544,-0.04747172906609851,-0.09843021046500457,-0.09590098870833395,-0.05514116937502956,0.37500012329031535,0.23167539267015708,0.10824545518022936,0.8141447072719228,0.0,49.68159999999999,0.23167302284371508,0.10833737894706576,0.8043579874741956,0.0
lactosyl-N-stearoyl-sphingosine (d18:1/18:0),,,-0.11963216124195718,-0.10831904199114765,-0.15827503489693664,-0.10837346643390852,-0.16048575839376739,-0.1238294370596014,-0.1276429864021387,-0.16333260555521567,0.37500012329031535,0.03926701570680628,0.10166343964816305,0.46051913793504134,0.0,80.77392251308903,0.03926319709285155,0.10618269481946828,0.48996694075563624,0.0
lanthionine,Amino Acid,"Methionine, Cysteine, SAM and Taurine Metabolism",-0.03788978676248844,-0.019988719998512598,0.007459747023465784,-0.0180815299601454,-0.023953595731021928,-0.03954980930455207,-0.04009048856902859,-0.0059843685121519314,0.37500012329031535,0.1950261780104712,0.16624425444458524,0.8115126279085508,0.0,57.09198534031415,0.19502035260731665,0.16584048799657639,0.8074906547205138,0.0
lathosterol,Lipid,Sterol/Steroid,-0.08397069524074952,-0.0775198454008356,-0.07090349964083499,-0.07806889118308172,-0.07666283910369992,-0.07733968467828292,-0.07386162179655376,-0.06366582889960137,0.37500012329031535,0.16361256544502617,6.750004765428882,0.08383248733683651,1.0,0.0,0.16361056537873828,7.350203887791641,0.10758205102441999,1.0
laurate (12:0),Lipid,Medium Chain Fatty Acid,0.0007900861006351702,0.0788766455857218,0.03722831552444728,0.07380537246736489,0.054461587071540196,-0.011417649942802989,-0.014230052992589223,0.0400450292945678,0.37500012329031535,0.6714659685863875,3.898857025380676,0.15532779472388447,1.0,0.0,0.6714588389383259,3.9630994771020256,0.15773115099348,1.0
lauryl sulfate,Xenobiotics,Chemical,-0.04158039087489201,-0.013071200557322136,0.009483232789464847,-0.01626746634607671,-0.003606784716062104,-0.028500055818761676,-0.02744369402413111,0.0016168300529914058,0.37500012329031535,0.1950261780104712,0.09826883604919781,0.8155998445184054,0.0,67.54142513089006,0.19502035260731665,0.09824438324390265,0.815721762027361,0.0
laurylcarnitine,Lipid,Carnitine Metabolism,0.20515503917898625,0.1789116991290617,0.21201091566069133,0.17097262230093374,0.1815435107603865,0.1976969842946684,0.17658555511056964,0.2243472620422573,0.37500012329031535,0.6557591623036649,1.0146531437499333,0.5452711138976244,1.0,0.0,0.6557584395906365,1.017191964875891,0.5399455319114813,1.0
leucine,Amino acid,"Valine, leucine and isoleucine metabolism",0.11060431323137748,0.06575346662180535,0.06837966556775428,0.06617947145118563,0.09167203966488922,0.0321470201353779,0.039092901947706434,0.0957410501145381,0.37500012329031535,0.8167539267015707,2.3917143785026,0.2826985483202478,1.0,0.0,0.8167520577320646,2.5277750086318664,0.25044745978586,1.0
leucylalanine,Peptide,Dipeptide,-0.1732933086143654,-0.1576853750777772,-0.17079753732633537,-0.1583618937599836,-0.15589704647629948,-0.19660545825591594,-0.194165319648881,-0.16433434471749728,0.37500012329031535,0.3102094240837696,71.33015293402201,0.11939679249955806,0.0,65.41615497382202,0.31021225779113215,13.225201219473169,0.10338622410700378,0.0
leucylarginine,Peptide,Dipeptide,-0.1283084388731289,-0.138032466002407,-0.13108147737318826,-0.13630885509685575,-0.13906058098261764,-0.10837782687235772,-0.10670550671730421,-0.14012759689089793,0.37500012329031535,0.041884816753926704,0.1005691204106399,0.4783004472664505,0.0,65.05158638743461,0.04188784878719006,0.1012620752244451,0.4930632072634977,0.0
leucylasparagine,Peptide,Dipeptide,-0.11685477593532051,-0.13339408283790355,-0.12954465703968054,-0.12729397054566674,-0.13292021603172588,-0.11197480531278596,-0.10970698237126661,-0.13172550184948792,0.37500012329031535,0.041884816753926704,0.07259305533816474,0.48055347779009766,0.0,80.31320628272252,0.04188784878719006,0.0697661382005103,0.4943080772452004,0.0
leucylglutamate,Peptide,Dipeptide,0.058407092274599455,0.049145099833342226,0.06077670754630273,0.04956111467472541,0.037174996650264545,0.05619611322359693,0.048751672715966025,0.06871123373883342,0.37500012329031535,0.32460732984293195,118.76146292806929,0.10659390187420903,0.0,61.06753298429324,0.32460161536782356,178.53121215348992,0.09310030616290688,0.0
leucylglutamine,,,-0.1092529706212282,-0.09087596504662576,-0.07206848315801506,-0.08991316265930037,-0.0854769276912349,-0.11321388330411031,-0.11588309795497534,-0.09397957358185538,0.37500012329031535,0.10471204188481675,0.1765503380350733,0.6272651004773508,0.0,68.65005445026178,0.10471384362520386,0.17667852912098345,0.6358390065783771,0.0
leucylglycine,Peptide,Dipeptide,0.011883610942494335,0.024335510834127952,0.028235571898464516,0.025710799696423207,0.01608117874774629,0.0014133850603703436,-0.0003216688063456061,0.042536595466450416,0.37500012329031535,0.5562827225130891,60.84736537987169,0.09180029763720773,1.0,0.0,0.5562746382115387,39.858899736507226,0.08089256402316826,1.0
leucylhistidine,Peptide,Dipeptide,-0.1293549940674002,-0.13772402158753574,-0.12030327710534916,-0.13642152894859827,-0.14152645358178892,-0.11426342974887842,-0.11311416717515253,-0.13594595164499892,0.37500012329031535,0.041884816753926704,0.11180661361942709,0.47601363490829823,0.0,72.08457486910991,0.04188784878719006,0.11095021774140047,0.49184311900945704,0.0
leucylhydroxyproline,,,-0.03998743523874844,-0.020876805228126828,-0.00947969070501603,-0.017323485300624435,-0.013606168187704418,-0.04550479028111566,-0.0421461005757081,0.004732034829945576,0.37500012329031535,0.06806282722513088,0.05569532874769731,0.5858786688276851,0.0,61.3751204188482,0.06806117338880542,0.05379734844041703,0.5808749620997319,0.0
leucylisoleucine,Peptide,Dipeptide,-0.13937976609688485,-0.13158957803425772,-0.1482146991316851,-0.13617961050254132,-0.16353589126743331,-0.1517224320912993,-0.14907509335476796,-0.1535846404277176,0.37500012329031535,0.03534031413612565,0.05037485106606044,0.3572575904430352,0.0,76.41538848167536,0.03533777623688637,0.05257926641942562,0.3722316233895166,0.0
leucylleucine,Peptide,Dipeptide,0.06757867836936009,0.056334239971966585,0.059948159156380125,0.05673646482083048,0.04805724322357137,0.05194760769801337,0.05384942805522279,0.05348534451756465,0.37500012329031535,0.33638743455497383,12.439815453664039,0.07404242254978527,0.0,48.24633821989528,0.33637916201189055,11.338325570599233,0.07849723785214104,0.0
leucylmethionine,Peptide,Dipeptide,-0.12964924400139718,-0.14501106653199652,-0.14029464170945252,-0.14420953223757257,-0.15369121255098267,-0.1270851321846179,-0.145345509721596,-0.12879628955878064,0.37500012329031535,0.10078534031413612,23.585069413426424,0.05167655443085975,0.0,75.30363769633507,0.10078585461689588,14.022713785131861,0.07646518431784786,0.0
leucylphenylalanine,Peptide,Dipeptide,-0.1291649004093015,-0.13991608638941827,-0.1161209038191197,-0.13832005995726096,-0.13497314415547645,-0.10534666908575449,-0.10564915081885906,-0.1166963468962927,0.37500012329031535,0.041884816753926704,0.1660126810717656,0.47631551212525464,0.0,74.84942827225132,0.04188784878719006,0.1615033086889133,0.4877943575726969,0.0
leucylserine,Peptide,Dipeptide,0.05205914937246067,0.060942067330803734,0.049960024186344106,0.061300196744650585,0.045431664956582025,0.052187881848797635,0.05131599773081153,0.06682682136677909,0.37500012329031535,0.32460732984293195,12.011822619195053,0.07056349991656057,0.0,64.56472146596856,0.32460161536782356,14.338508270142741,0.06511580584455469,0.0
leucylthreonine,Peptide,Dipeptide,0.1965432406457394,0.1938520349546168,0.16924803015776188,0.1940190699738973,0.19225821759781567,0.17685532372771204,0.1745982257331269,0.191938665107962,0.37500012329031535,0.20026178010471204,1.2585560630165735,0.3624215644809313,0.0,69.18165445026183,0.20025553115810832,1.3175197194956065,0.3288668858922388,0.0
leucyltryptophan,Peptide,Dipeptide,-0.12118602713274158,-0.12401463053605019,-0.12205079231048371,-0.12608012796014936,-0.12540392766035177,-0.11230740921014734,-0.11208649333749378,-0.14265775545124632,0.37500012329031535,0.041884816753926704,0.061063426132386495,0.4782262518582543,0.0,77.46604816753928,0.04188784878719006,0.06146405270336245,0.49476963785195965,0.0
lidocaine,Xenobiotics,"Drug - Analgesics, Anesthetics",-0.017877972518458567,-0.01922041862572363,0.005510746337892591,-0.019063873153161836,-0.010309752586375048,-0.0466086394710907,-0.054270931889409395,-0.04097746951696761,0.37500012329031535,0.6557591623036649,5.459852109244,0.11665530043885942,0.0,77.09420104712044,0.6557571555144651,5.738669646732281,0.12944628902830418,0.0
lignocerate (24:0),,,-0.07447746597708141,-0.073361966855166,-0.07589595405515079,-0.073361966855166,-0.07642594599523762,-0.06424644826082179,-0.0823624529098363,-0.06830488725492993,0.37500012329031535,0.058900523560209424,103.6328486403479,0.049351746875240965,1.0,0.0,0.058898005829705814,12.643798519860217,0.07123577861260293,1.0
lignoceroyl sphingomyelin (d18:1/24:0),Lipid,Sphingomyelins (SM),-0.0790052973908592,-0.05798339331945331,-0.07404406299309377,-0.05791760430415394,-0.044699935205326925,-0.08634741524696726,-0.08351949664370782,-0.061279852471914,0.37500012329031535,0.23167539267015708,0.1111241984144271,0.8171281213541381,0.0,56.762172774869114,0.23167302284371508,0.110709484329639,0.8084846457710689,0.0
lignoceroylcarnitine (C24),,,-0.07151727804119155,-0.0720594635667014,-0.04666111407912446,-0.07079020622815378,-0.06002114982107193,-0.08761971222265477,-0.08194539873148216,-0.049513976924187575,0.37500012329031535,0.23167539267015708,0.09369731028278355,0.8207545850627619,0.0,50.40587434554971,0.23167302284371508,0.09348547669361866,0.8109324082881916,0.0
linoleamide (18:2n6),,,0.14186929731290715,0.13041828267473557,0.133908511985789,0.1304984332724403,0.12401890572490802,0.13485873291333753,0.13775253736692908,0.12711020088072764,0.37500012329031535,0.18324607329842932,0.15515320097870317,0.6276109731523103,0.0,66.31478638743457,0.1832479422679353,0.15571991132692123,0.6464339698079427,0.0
linoleate (18:2n6),Lipid,Essential fatty acid,0.0689020124066684,0.10673628429422187,0.08326584980789069,0.10653247018472999,0.12465627883694476,0.08116117939140498,0.07801901662174898,0.138431633081917,0.37500012329031535,0.7683246073298429,8.545017270731499,0.14132733393841476,1.0,0.0,0.7683231249277708,8.394120110843756,0.12056845327664657,1.0
linolenate [alpha or gamma; (18:3n3 or 6)],Lipid,Essential fatty acid,-0.010018091097516465,0.03005673105972444,0.028302834441146694,0.029550382596543932,0.007092253956496276,0.0329139882076664,0.016985111250169993,0.02204890108243949,0.37500012329031535,0.6714659685863875,13.734821980400982,0.09888267120754313,1.0,0.0,0.6714588389383259,14.641480511173706,0.08976952861206393,1.0
linolenoylcarnitine (C18:3),,,-0.07633275933793009,-0.07304236885928023,-0.05095199698211215,-0.07135407731903279,-0.05947962322863338,-0.0844555697152099,-0.08834551331439386,-0.05366763953001054,0.37500012329031535,0.23167539267015708,0.0963664635284038,0.8289772306688531,0.0,48.84103350785341,0.23167302284371508,0.09656724791904449,0.8170451787953539,0.0
linoleoyl ethanolamide,Lipid,Endocannabinoid,-0.10972156446940545,-0.08625271827414141,-0.08531181923429497,-0.08418669060073397,-0.0905097368772143,-0.11052884496032465,-0.100383330672791,-0.08326428276316306,0.37500012329031535,0.10471204188481675,0.17704420806875742,0.6379745335051079,0.0,66.43691727748694,0.10471384362520386,0.18023167029452178,0.6473374064212539,0.0
linoleoyl-arachidonoyl-glycerol (18:2/20:4) [1],,,-0.08845385068659625,-0.07879124899949333,-0.06247709839505216,-0.07702222532668965,-0.06510289509955637,-0.08097342014190924,-0.07628667055163735,-0.056332922743484067,0.37500012329031535,0.23167539267015708,0.14914518995670523,0.8089364638072375,0.0,51.69071413612566,0.23167302284371508,0.14897170880986407,0.802647741666514,0.0
linoleoyl-arachidonoyl-glycerol (18:2/20:4) [2],,,-0.09134372136568063,-0.08259453901565839,-0.043405610483478636,-0.08115809093249847,-0.07220785611308636,-0.08029212336069769,-0.0814985395019378,-0.04382000361682567,0.37500012329031535,0.23167539267015708,0.1367614958449696,0.8126403799450506,0.0,54.22480209424083,0.23167302284371508,0.1364664656830227,0.8050490014705486,0.0
linoleoyl-linolenoyl-glycerol (18:2/18:3) [1],,,-0.017464927337067643,-0.005552800440870833,7.124331472077498e-05,-0.01001800003217807,-0.01751775061135165,-0.008814723645765212,-0.0008538753925291188,0.00950359001869513,0.37500012329031535,0.12696335078534032,0.09668706381349237,0.630682345979249,0.0,62.05705759162305,0.12695917921851127,0.09667061423278116,0.6159801000146277,0.0
linoleoyl-linolenoyl-glycerol (18:2/18:3) [2],,,-0.07637075895847421,-0.05861516810596986,-0.055241392123269,-0.060029589828439305,-0.05609140940627857,-0.08325337884267697,-0.08451968075508917,-0.0621823250557013,0.37500012329031535,0.23167539267015708,0.16509378808771621,0.8097629178499748,0.0,55.12469214659687,0.23167302284371508,0.16447489919391303,0.802348906101746,0.0
linoleoyl-linoleoyl-glycerol (18:2/18:2) [1],,,-0.08534729599716694,-0.07093513668725944,-0.06019522731227223,-0.0708785175247539,-0.07460121576325242,-0.08495279859539506,-0.08133165991988468,-0.053604535971600795,0.37500012329031535,0.23167539267015708,0.13818738173799894,0.8127778674514277,0.0,57.49027434554972,0.23167302284371508,0.13756496739679044,0.8061736383983207,0.0
linoleoyl-linoleoyl-glycerol (18:2/18:2) [2],,,-0.11304924432387789,-0.10770486204448468,-0.08180446205605153,-0.10604022075971946,-0.08689323042336723,-0.12328766610899393,-0.11782600380482136,-0.07802228282894243,0.37500012329031535,0.10471204188481675,0.2415285051922322,0.6608508108865312,0.0,66.35158324607332,0.10471384362520386,0.24120323026667898,0.6684556488877597,0.0
linoleoylcarnitine (C18:2),,,-0.06730439789599342,-0.07001277113710513,-0.044505029048494925,-0.06860118458340767,-0.04745372621224615,-0.09217128101211751,-0.09107144171445179,-0.052681468646997985,0.37500012329031535,0.23167539267015708,0.08123388800729706,0.8286205988497684,0.0,56.87510890052356,0.23167302284371508,0.08117326096238404,0.8177408437330004,0.0
linoleoylcholine,,,-0.1390203428941539,-0.12278216307523059,-0.1616702490423576,-0.1243112930071152,-0.1438200074394441,-0.1372576430440956,-0.1262626310364217,-0.1498605834951829,0.37500012329031535,0.03664921465968586,0.1034668602286646,0.7007654370359355,0.0,75.27148062827226,0.03665267023639842,0.11033938083112498,0.7083756954596768,0.0
lysine,Amino acid,Lysine Metabolism,0.03170830501037576,0.0999173366525522,0.07506979499937753,0.09800068455723894,0.10311658130767896,0.08253280495282542,0.07336880263960685,0.07129589722324119,0.37500012329031535,0.8167539267015707,2.200936643664042,0.2943342682687298,1.0,0.0,0.8167520577320646,2.322255457402717,0.255465866969895,1.0
lysylleucine,Peptide,Dipeptide,0.08860175430322306,0.08595957145633586,0.09978048946061306,0.08568994357126665,0.08333691123707135,0.0683436187496741,0.07406094590301857,0.08914908855694706,0.37500012329031535,0.22513089005235604,0.3687727323591402,0.6080257673156744,0.0,67.0150115183246,0.22513579105512538,0.37262178100927096,0.63550374417999,0.0
lysyllysine,,,-0.10513039354650568,-0.11492065663018074,-0.13679593873077764,-0.11776140467059329,-0.12170490034949574,-0.11738223383280785,-0.11986045189107172,-0.12651477159652405,0.37500012329031535,0.041884816753926704,0.07871745898764566,0.4784557835410829,0.0,66.47468481675394,0.04188784878719006,0.07612111653644665,0.49399715696919944,0.0
lysylmethionine,Peptide,Dipeptide,-0.1254975569131924,-0.13526173482382836,-0.13137917306430166,-0.13281714552374546,-0.13676070157878475,-0.10844687183319068,-0.11026380237840135,-0.12481363256043798,0.37500012329031535,0.041884816753926704,0.04850842668426129,0.4801970606570277,0.0,72.72682827225131,0.04188784878719006,0.04885845934785826,0.49327905844583125,0.0
lysyltyrosine,Peptide,Dipeptide,-0.1261840462369784,-0.13719348417513327,-0.1381897719433886,-0.13812180768084234,-0.1375436361501307,-0.10591312978556636,-0.10585860586806037,-0.13592097986166513,0.37500012329031535,0.041884816753926704,0.12007196537011053,0.4761479999941672,0.0,72.68112670157069,0.04188784878719006,0.11529236494120772,0.49124639775644935,0.0
malate,Energy,TCA Cycle,0.06986118625949557,0.09661730659734276,0.04453128975272062,0.10031321437916213,0.09593636760791495,0.07844193140086692,0.032003818007315304,0.06955367304982062,0.37500012329031535,0.8167539267015707,4.073112932919107,0.19832809611379792,1.0,0.0,0.8167520577320646,4.119805395573045,0.1807772771086946,1.0
maleate,Lipid,"Fatty Acid, Dicarboxylate",-0.08504736678053855,-0.054290880739233244,-0.06615378830070656,-0.052666693955608745,-0.05466027609494201,-0.08711484820778823,-0.08326401614196609,-0.0584559495190926,0.37500012329031535,0.23167539267015708,0.06791176261272006,0.827130471636478,0.0,57.52498743455495,0.23167302284371508,0.06763789534850904,0.8164742582573851,0.0
malonate,Lipid,Fatty Acid Synthesis,-0.098812546204427,-0.11248018137525866,-0.08649635996112891,-0.11131393216089286,-0.11551443052697091,-0.13084919094466615,-0.1248469657780015,-0.0888064927321504,0.37500012329031535,0.16492146596858637,0.6871639753371426,0.4373940458440442,1.0,0.0,0.1649280275305931,0.6868545237383596,0.4751476008101802,1.0
malonylcarnitine,Lipid,Fatty Acid Synthesis,-0.16637498291512867,-0.14215441244920213,-0.11826939856300454,-0.1400392633074327,-0.10731484462211739,-0.1672941216025353,-0.16944789937039034,-0.11699238418364614,0.37500012329031535,0.29712041884816753,0.2550739411513049,0.9042374422458437,1.0,0.0,0.29712110122372465,0.25499472945222595,0.9143307375456843,1.0
maltohexaose,Carbohydrate,"Fructose, mannose, galactose, starch, and sucrose metabolism",-0.12805320053442976,-0.11134406025740956,-0.14973809327275808,-0.11164676825303704,-0.12392607859360902,-0.11849705393186559,-0.12929282960092597,-0.137687569723457,0.37500012329031535,0.041884816753926704,0.0902372808425404,0.4762728984835852,1.0,0.0,0.04188784878719006,0.08922839405606812,0.4929546183140127,1.0
maltopentaose,Carbohydrate,"Fructose, mannose, galactose, starch, and sucrose metabolism",0.03517650829656887,0.02557895691055996,0.02214224557123063,0.026057493649924043,0.040061056894341404,0.04363875610398493,0.047333810504196404,0.03544482053000942,0.37500012329031535,0.24345549738219896,6.069264069758065,0.09724459769695454,0.0,67.83732251308902,0.2434492854116106,6.087368355380188,0.1257336099050761,0.0
maltose,Carbohydrate,"Fructose, mannose, galactose, starch, and sucrose metabolism",0.31148208419147966,0.289414853127967,0.24655074447839603,0.290460383175518,0.27252793583586726,0.3214346107439388,0.2020406891191362,0.2052483760219526,0.37500012329031535,0.9515706806282722,4.522106659290529,0.1820836390097362,1.0,0.0,0.9515710671957059,5.609517316268557,0.16678385404290122,1.0
maltotetraose,Carbohydrate,"Fructose, mannose, galactose, starch, and sucrose metabolism",0.22321952575993836,0.22295487439777162,0.20869921119897117,0.22172588496948484,0.20751549133759206,0.2407524055777496,0.18119197525303687,0.1906839504640601,0.37500012329031535,0.8180628272251309,9.01719129231276,0.09401629643483962,1.0,0.0,0.8180541109698627,9.19406646983102,0.13079740780251622,1.0
maltotriose,Carbohydrate,"Fructose, mannose, galactose, starch, and sucrose metabolism",0.20324456059194992,0.18514505683615307,0.1445855882108185,0.18590716486851258,0.16168519144285573,0.22274654645094688,0.16324128758409145,0.15025415269350087,0.37500012329031535,0.8547120418848168,5.46165205646936,0.16359853264343932,1.0,0.0,0.8547067812062612,6.423074109407177,0.1545423739225715,1.0
mannitol,Carbohydrate,"Fructose, mannose, galactose, starch, and sucrose metabolism",0.08350602672285776,0.1016200913240059,0.08884777439211847,0.10028335600977267,0.091314732918328,0.10704177407545923,0.0994529201180989,0.12563416609097144,0.37500012329031535,0.5366492146596858,317.74796086725553,0.077722380008693,1.0,0.0,0.5366501020840556,1095.2719480182554,0.06488123549629604,1.0
mannitol/sorbitol,Carbohydrate,"Fructose, Mannose and Galactose Metabolism",-0.08559377000508549,-0.04151194231162747,-0.04921290632878545,-0.04397196117740904,-0.054582360417172446,-0.08739895119864502,-0.09726243329417877,-0.05020845291843006,0.37500012329031535,0.23167539267015708,0.1152478234462038,0.8303664300695142,1.0,0.0,0.23167302284371508,0.11540941141803157,0.8190061697999841,1.0
mannonate,,,-0.08491245469199366,-0.05948852172864044,-0.0674629532128926,-0.05679864833849122,-0.04670580307600538,-0.08355765378523447,-0.08448230195253491,-0.06623216247111581,0.37500012329031535,0.23167539267015708,0.10802647024675673,0.825178325033902,0.0,58.59838638743456,0.23167302284371508,0.10877987401185396,0.8151829162062211,0.0
mannose,Carbohydrate,"Fructose, mannose, galactose, starch, and sucrose metabolism",0.1275638308225781,0.10435739353904043,0.13628555214659854,0.103349361088895,0.11881442181054899,0.14369738996489603,0.12376183604806762,0.12120540229081592,0.37500012329031535,0.7316753926701571,51.829830913417396,0.15520472847410877,1.0,0.0,0.7316704546913724,24.533321589184627,0.07693865737113705,1.0
mannose 6-phosphate,Carbohydrate,"Fructose, Mannose and Galactose Metabolism",0.03737974318633917,0.0642849921172988,0.04006857459494301,0.06495871003793488,0.04942051336018625,0.03056555289986263,0.039258153786004675,0.04272114912361123,0.37500012329031535,0.6714659685863875,4.077478260914738,0.15993954259081083,1.0,0.0,0.6714588389383259,4.366344314711105,0.14890537856496996,1.0
margarate (17:0),Lipid,Long Chain Fatty Acid,0.039127932459028125,0.032962078636839046,0.04947359404029182,0.03580406694502391,0.040102280895979545,0.00714324410312967,0.011963941432980433,0.039167136821500664,0.37500012329031535,0.6714659685863875,2.874519317818614,0.1238022598625146,1.0,0.0,0.6714588389383259,2.9273179415758825,0.120481899943845,1.0
margaroylcarnitine (C17),,,-0.07832015524448653,-0.06706878054065522,-0.05516538527199938,-0.0654715044678828,-0.05650970440555929,-0.0911879887096247,-0.09550230310161549,-0.06676506191633405,0.37500012329031535,0.23167539267015708,0.07462541011074698,0.8275379355855491,0.0,59.48946492146598,0.23167302284371508,0.07461037526271126,0.8169721627205969,0.0
mead acid (20:3n9),Lipid,Long Chain Fatty Acid,0.19903118387533703,0.17527207395806652,0.21097105083220646,0.1712889039773594,0.20118904488457975,0.16739551637305541,0.20176400423972637,0.21985067346281217,0.37500012329031535,0.6609947643979057,8.401912643580324,0.13935134769077803,1.0,0.0,0.6609820614558856,8.886595342759371,0.09635791809158854,1.0
methionine,Amino acid,"Cysteine, methionine, SAM, taurine metabolism",0.043568230681242576,0.06631663047849864,0.08334471041518053,0.0671730825623638,0.09747284984920179,0.047544602082696896,0.029632642238224698,0.09960808960664586,0.37500012329031535,0.8167539267015707,2.9545144310486164,0.2005663729521032,1.0,0.0,0.8167520577320646,3.2761979462626285,0.17564384750559203,1.0
methionine sulfone,Amino Acid,"Methionine, Cysteine, SAM and Taurine Metabolism",-0.07206962999931307,-0.07012055433540315,-0.03915660012258519,-0.06801599826327932,-0.07137434456510568,-0.08497545381905525,-0.08844063745594619,-0.04118401714732914,0.37500012329031535,0.23167539267015708,0.10010757152743885,0.8208958233824303,0.0,62.03114554973824,0.23167302284371508,0.10003437095206037,0.8118985901296716,0.0
methionine sulfoxide,Amino Acid,"Methionine, Cysteine, SAM and Taurine Metabolism",-0.06848091828291843,-0.03484087645906138,-0.05985426600824491,-0.029076744234449767,-0.023998083164525452,-0.08612281593637822,-0.09387257518383248,-0.016797788306685966,0.37500012329031535,0.4280104712041885,0.3559162823269257,0.465612943686058,0.0,60.70132774869106,0.4280095535267152,0.35653988198425574,0.4501501529546101,0.0
methionylalanine,Peptide,Dipeptide,-0.12912437749775818,-0.13748414975873124,-0.12042566068489467,-0.13621766230440913,-0.13976102858452571,-0.11384033935012411,-0.11490307570700078,-0.1178996519544298,0.37500012329031535,0.041884816753926704,0.18493296728007982,0.475330647571938,0.0,73.61433193717285,0.04188784878719006,0.18202974020136767,0.4863694052630007,0.0
methionylasparagine,Peptide,Dipeptide,-0.12746919857429037,-0.13923257779718123,-0.11771749626375584,-0.1403790886532767,-0.14746034629497032,-0.12247787995147853,-0.11180165287190214,-0.13097663956560615,0.37500012329031535,0.041884816753926704,0.07480927073883276,0.4758521900788262,0.0,77.51480837696333,0.04188784878719006,0.07493976998195928,0.4915443627981892,0.0
methionylaspartate,,,-0.12822981322393007,-0.13616351213410063,-0.12355040978310639,-0.1349086195697394,-0.14068818794533014,-0.11301826028430835,-0.11290245196356012,-0.12486859960538553,0.37500012329031535,0.041884816753926704,0.08329964219140179,0.48066124559339374,0.0,75.58843979057593,0.04188784878719006,0.08290746433924588,0.4960498841887439,0.0
methionylglutamate,Peptide,Dipeptide,-0.12246659914096004,-0.12360929759331293,-0.13525627903998125,-0.1294004772647854,-0.1461484904235659,-0.11542681333718947,-0.11004482664514542,-0.13957515988816657,0.37500012329031535,0.041884816753926704,0.10155360926097161,0.47682084060464125,0.0,75.33357591623036,0.04188784878719006,0.10087649840615354,0.4910701651536176,0.0
methionylglycine,Peptide,Dipeptide,-0.11001262433143133,-0.1278590485250052,-0.11790372898028019,-0.13065589871886416,-0.13842609383464663,-0.10931999456645887,-0.11632311773604437,-0.12842937205749264,0.37500012329031535,0.041884816753926704,0.09843031960513283,0.47970410424027077,0.0,74.25660628272254,0.04188784878719006,0.09886753658303778,0.49290723375072165,0.0
methionylleucine,Peptide,Dipeptide,-0.12627832699759425,-0.1391374137023494,-0.1447994045715533,-0.1391374137023494,-0.14073893126230208,-0.13126371214536095,-0.1289645324646458,-0.13359507936403664,0.37500012329031535,0.10078534031413612,16.872995419585063,0.11810086794800898,0.0,77.76754764397901,0.10078585461689588,12.060663125568846,0.07519286175177348,0.0
methionylphenylalanine,Peptide,Dipeptide,-0.12628551906843283,-0.1366192380653185,-0.14430108305520714,-0.1366192380653185,-0.13723653419467943,-0.13850022866205716,-0.14070969880596407,-0.14290628020835947,0.37500012329031535,0.10078534031413612,13.04447401491856,0.0779022114661052,0.0,83.50706701570678,0.10078585461689588,7.918460592217826,0.08109859061696446,0.0
methionylthreonine,Peptide,Dipeptide,-0.16900961055411848,-0.1486291821836817,,-0.15053233770179825,,-0.1625547330659396,-0.15428609776872024,,0.37500012329031535,0.02356020942408377,0.03704920232016957,0.5521175435175447,0.0,85.01757905759163,0.02356022959281945,0.04191933632581446,0.6169436267501692,0.0
methionylvaline,Peptide,Dipeptide,-0.1638223554820305,-0.15017276371703925,,-0.15394637092346847,,-0.16019804189000383,-0.1663339650202016,,0.37500012329031535,0.02356020942408377,0.07367765360058631,0.5534638001805523,0.0,85.52621256544496,0.02356022959281945,0.07295266203512836,0.619405164660828,0.0
methyl glucopyranoside (alpha + beta),Xenobiotics,Food Component/Plant,-0.07838893631820004,-0.07810185385225804,-0.030479233922737884,-0.0772351904793299,-0.06806954833219672,-0.08784349394315255,-0.09568542587674685,-0.041988054168472524,0.37500012329031535,0.23167539267015708,0.09269766922659795,0.8271484386121183,0.0,56.17611518324607,0.23167302284371508,0.09345874888348765,0.8151307177936443,0.0
methyl palmitate (15 or 2),Lipid,"Fatty Acid, Branched",-0.17756548438011338,-0.16494672399571897,-0.16601989665543465,-0.16358129008855285,-0.16364050622546603,-0.20231814453504596,-0.20161289712305425,-0.19221176841386153,0.37500012329031535,0.4725130890052356,7.706604998268292,0.12585418788309155,0.0,58.335421989528825,0.47250921324652984,7.341476533350349,0.11070759533642764,0.0
methyl-4-hydroxybenzoate,Xenobiotics,Benzoate Metabolism,-0.16511084533910209,-0.1578553052885292,,-0.15600645998648804,,-0.16628954369265225,-0.16163067719114524,,0.37500012329031535,0.02356020942408377,0.04291424845936642,0.5542328231158864,0.0,85.17341675392673,0.02356022959281945,0.04254901327716318,0.6160901191624185,0.0
methyl-4-hydroxybenzoate sulfate,Xenobiotics,Benzoate Metabolism,0.04357444512540303,0.05694175327379797,0.08217457736736072,0.05914661731080811,0.05927514790177255,0.051296304598213376,0.03616851005059645,0.09188020200487605,0.37500012329031535,0.41492146596858637,0.7887566849024872,0.5559472417286617,0.0,59.178035602094226,0.4149209651116505,0.7887781281153825,0.5861763275965398,0.0
methyl-alpha-glucopyranoside,Xenobiotics,Chemical,0.11210697637834816,0.06353346301362428,0.07390353634219296,0.06937032559543307,0.07167748491209898,0.09406869836270151,0.0901634691008742,0.08492520086523336,0.37500012329031535,0.2657068062827225,4.977780368269541,0.2219900798385615,0.0,54.70514450261783,0.2657036095381178,4.487915861664835,0.20608337477423813,0.0
methyl-beta-glucopyranoside,Carbohydrate,"Fructose, Mannose and Galactose Metabolism",0.02270164458682114,0.013584509482922367,0.023500724174010588,0.013496963702275511,0.011678057158149626,0.03457027077113926,0.0342715877041553,0.023306805250217784,0.37500012329031535,0.08115183246073299,0.09955850649193984,0.8429976326763784,0.0,67.0487047120419,0.081152329956213,0.09985224253770786,0.8418887001966505,0.0
methylglutaroylcarnitine,Amino acid,"Valine, leucine and isoleucine metabolism",-0.19404179929515453,-0.1899762152330617,-0.19966997900646363,-0.18990104509543448,-0.2025247641285016,-0.2000213713556895,-0.2070837120036705,-0.19956728094878942,0.37500012329031535,0.13612565445026176,57.12149539230872,0.0852222916443377,0.0,66.10575392670161,0.13612363085378223,9.443461064000225,0.08529055952101093,0.0
methylmalonate (MMA),Lipid,Fatty Acid Metabolism (also BCAA Metabolism),-0.07585488700671265,-0.06001961527427786,-0.04064345432513321,-0.06454514348186834,-0.053795006913918225,-0.09322667159489655,-0.088992127681634,-0.04628759228965847,0.37500012329031535,0.23167539267015708,0.10428422478391317,0.8227010195313877,1.0,0.0,0.23167302284371508,0.10433601020262671,0.8107442433420916,1.0
methylphosphate,Nucleotide,Purine and Pyrimidine Metabolism,0.03405314697028115,0.037056143890279995,0.03846961955709931,0.046697809662095864,0.05813613801864499,0.01340756295065195,0.040558865499615945,0.02169410045766564,0.37500012329031535,0.612565445026178,1.0383677310790427,0.435284337595004,0.0,49.08896125654451,0.61256083310862,1.051463219607134,0.4213771583095016,0.0
methylsuccinate,Amino Acid,"Leucine, Isoleucine and Valine Metabolism",-0.09264334359886255,-0.06582911936984931,-0.06460413932050615,-0.06543780058036917,-0.048860943050377595,-0.08112073932431138,-0.08746347920583092,-0.051785845381828115,0.37500012329031535,0.23167539267015708,0.0791000302065412,0.8253560728764606,0.0,51.37783141361258,0.23167302284371508,0.07886372071421534,0.8152291429285322,0.0
methylsuccinoylcarnitine,Amino Acid,"Leucine, Isoleucine and Valine Metabolism",-0.028537942621198038,-0.01903701086778463,0.007829426405879329,-0.020125171285290705,-0.0022693651718118063,-0.03559012492132224,-0.021622953514038704,0.0020843073286014526,0.37500012329031535,0.06806282722513088,0.0734589856589949,0.5833279956554915,0.0,57.31615602094242,0.06806117338880542,0.07274899057548574,0.5787831591820298,0.0
metoclopramide,Xenobiotics,Drug - Gastrointestinal,-0.13498778208426257,-0.14055018090307084,-0.14972484021303145,-0.14193585930590683,-0.14449872385020127,-0.1311042111001387,-0.13431258153630746,-0.17293694146092664,0.37500012329031535,0.03664921465968586,0.11741553598814713,0.6896009312305362,0.0,70.41955078534033,0.03665267023639842,0.11819650359753599,0.7027193145751026,0.0
metoprolol,Xenobiotics,Drug - Cardiovascular,-0.11558293114208569,-0.08981526672233534,-0.08774744751763529,-0.08476715862339367,-0.0947967591465876,-0.1116457045076939,-0.11008074016122718,-0.08606271135636227,0.37500012329031535,0.10340314136125654,0.519732924252253,0.28310361880256385,0.0,71.61748272251313,0.1033989496256918,0.5220531342006086,0.2714924983284157,0.0
metoprolol acid metabolite,,,-0.20252558871701637,-0.18000960464611654,-0.18209912126842334,-0.18228964618280702,-0.193502037394286,-0.2064536523945279,-0.19771060798459159,-0.18486584188788505,0.37500012329031535,0.07460732984293193,0.49867169140882256,0.37392710477009494,0.0,66.095490052356,0.07460097332973793,0.5035064070924982,0.3469255557269786,0.0
myo-inositol,Lipid,Inositol Metabolism,0.10138830995636786,0.13760677857976916,0.11367552802128197,0.14002610383040157,0.11762094547657943,0.12812273918951364,0.09789792237794775,0.12911220567752466,0.37500012329031535,0.7683246073298429,72.48586436817322,0.14731607696184085,1.0,0.0,0.7683231249277708,16.251930467585126,0.10891312497709778,1.0
myristate (14:0),Lipid,Long Chain Fatty Acid,0.0848584853268171,0.13936022024647604,0.09929881316180626,0.13626010682396464,0.09847726246457497,0.05332278925739416,0.05557765920710697,0.12101994084655293,0.37500012329031535,0.7683246073298429,5.415001425712127,0.10356395058788073,1.0,0.0,0.7683231249277708,5.301878393995486,0.09101077177063777,1.0
myristoleate (14:1n5),Lipid,Long Chain Fatty Acid,0.005329923494713,0.03954835764549566,0.03634138259674136,0.03955781311717984,0.02587189976556973,-0.03161358720422518,-0.02586056498490181,0.021608872343112522,0.37500012329031535,0.6714659685863875,10.174349730038989,0.08613821458833845,0.0,53.80971204188482,0.6714588389383259,10.579664124549623,0.08559051705434716,0.0
myristoleoylcarnitine (C14:1),,,-0.08559957048361772,-0.0707039628269286,-0.05194019833252905,-0.07030616899853691,-0.06052032666479125,-0.08797686788563298,-0.10264574993502497,-0.047386580433013005,0.37500012329031535,0.23167539267015708,0.08557953055974825,0.833400102322973,0.0,52.38433507853401,0.23167302284371508,0.08605825982331967,0.8221597344029233,0.0
myristoyl dihydrosphingomyelin (d18:0/14:0),,,-0.07247901776690167,-0.05463366480785462,-0.05538333770172034,-0.05057709035773444,-0.05700045995589653,-0.08340703592813989,-0.08996823888051261,-0.06224732808361834,0.37500012329031535,0.23167539267015708,0.07455953625776385,0.8213999094297381,0.0,50.32372774869108,0.23167302284371508,0.07439906219668632,0.8111827991720914,0.0
myristoylcarnitine,Lipid,Carnitine Metabolism,0.04718757584680536,0.02111845241925193,0.028538283121043326,0.02106779617318438,0.018664426206200575,0.018825251376057305,-0.0020063963923766474,0.030677087538283267,0.37500012329031535,0.5968586387434555,4.2895169077523825,0.14470522317133888,0.0,69.802632460733,0.5968591496847594,4.381220192098555,0.13512645324697978,0.0
neopterin,Cofactors and Vitamins,Pterin Metabolism,0.023269950445576216,0.021104920471392452,0.01764288278217586,0.030390796811979804,0.029024285308181772,0.03266623115021806,0.0358492691797121,0.020589161316935126,0.37500012329031535,0.08115183246073299,0.07921367686752336,0.8460457059686309,0.0,67.23321151832462,0.081152329956213,0.07938374520309655,0.8446136324632195,0.0
nervonate (24:1n9),Lipid,Long Chain Fatty Acid,-0.033528067012261485,-0.04941461641905197,-0.03159766597210549,-0.04766922442945238,-0.056513120525935955,-0.04807330176325026,-0.05114373119719928,-0.03679396823292191,0.37500012329031535,0.12303664921465969,0.15754193132311928,0.7848570237227807,1.0,0.0,0.12304017874340305,0.15880918810695266,0.7938148831005845,1.0
nervonoylcarnitine (C24:1),,,-0.06772354269855715,-0.0786119877343667,-0.041596941232830635,-0.07739664538744971,-0.06590875673426587,-0.1051677813221413,-0.09135653616090435,-0.057930161388285904,0.37500012329031535,0.23167539267015708,0.09515975862234805,0.8220080109513366,0.0,61.443739267015715,0.23167302284371508,0.0953116589422593,0.811384031590836,0.0
nicotinamide,Cofactors and Vitamins,Nicotinate and Nicotinamide Metabolism,-0.027818308857543855,-0.0027534924468121066,-0.015167995010724885,-0.0017932029537225,0.011555655724424746,-0.021193753838273596,-0.004734741121959654,-0.006917229826982266,0.37500012329031535,0.7198952879581152,3.798597395406477,0.20690270729680157,1.0,0.0,0.7198877717426199,4.193793271548388,0.19809331211414946,1.0
nicotinamide adenine dinucleotide (NAD+),Cofactors and Vitamins,Nicotinate and Nicotinamide Metabolism,0.03992129657558724,0.001960593620466676,-0.02066879320566427,-0.005061652330200084,0.021786116475238527,-0.020544339668304937,-0.011613225100496895,0.05131490007227574,0.37500012329031535,0.7198952879581152,7.130746396753372,0.10412538595828413,1.0,0.0,0.7198877717426199,7.637762842739669,0.11988137230303149,1.0
nicotinamide adenine dinucleotide phosphate (NADP+),,,-0.14935740296423705,-0.13597996449400823,-0.12385677473974306,-0.13583247383963412,-0.1218860096473285,-0.12277317322100699,-0.14679168009085422,-0.14279913148864717,0.37500012329031535,0.10732984293193717,12.628155201925766,0.06775229375178793,1.0,0.0,0.10732693863399977,359.64296438727484,0.10916983766653847,1.0
nicotinamide adenine dinucleotide reduced (NADH),Cofactors and Vitamins,Nicotinate and Nicotinamide Metabolism,0.14105400331287288,0.1341662581711234,0.11850409322354605,0.1336811387824588,0.14013871113339887,0.12161699400865111,0.1255114699537907,0.16382930746089633,0.37500012329031535,0.5431937172774869,7.9967998519760535,0.14979249482246987,1.0,0.0,0.5431873338726453,9.281337113659546,0.1566440084444273,1.0
nicotinamide ribonucleotide (NMN),Cofactors and Vitamins,Nicotinate and Nicotinamide Metabolism,0.0020093859203475246,0.008945663460506648,0.01903612436168241,0.007309127123175945,0.015524072739298648,0.0021102392203108666,0.01163427061215055,0.051280293927143325,0.37500012329031535,0.4803664921465969,0.7713862884836173,0.5125671578195058,1.0,0.0,0.48036904349165993,0.771687550629133,0.5489443711267618,1.0
nicotinamide riboside,Cofactors and Vitamins,Nicotinate and Nicotinamide Metabolism,0.04137970954174406,0.030904329977164004,0.058197294328209824,0.031146910873888316,0.03500176349935794,0.0299250778478338,0.03783345163578048,0.04189716704965209,0.37500012329031535,0.4515706806282722,7.865457058000331,0.09324099724784274,1.0,0.0,0.4515620786625063,9.283273400297324,0.10047573960659002,1.0
nicotinate,Cofactors and Vitamins,Nicotinate and Nicotinamide Metabolism,-0.046668178169512416,-0.0361845274000402,-0.030774423337556183,-0.034347943438437153,-0.04799857736963918,-0.0513651043178644,-0.047261219603447605,-0.05758520328446276,0.37500012329031535,0.12303664921465969,0.05171628166211269,0.7566343562411497,1.0,0.0,0.12304017874340305,0.05220005075807769,0.7589984399236656,1.0
nicotinate ribonucleoside,Cofactors and Vitamins,Nicotinate and Nicotinamide Metabolism,-0.1464143353117165,-0.14485460081278723,-0.16743933853379353,-0.14479800683559974,-0.1500868222987686,-0.13884017513131014,-0.13734524126180558,-0.1614440102387719,0.37500012329031535,0.03664921465968586,0.05724366577282644,0.6989008265948036,1.0,0.0,0.03665267023639842,0.058657147580466446,0.7086472794946435,1.0
nisinate (24:6n3),Lipid,Long Chain Polyunsaturated Fatty Acid (n3 and n6),-0.07035277174723774,-0.07367245938712037,-0.051831273581128136,-0.07234584368364812,-0.06996069011603326,-0.09037556960938853,-0.08877657411598705,-0.06171503684292213,0.37500012329031535,0.23167539267015708,0.14575501361225812,0.8098847988746987,0.0,69.78838848167541,0.23167302284371508,0.14569163736973637,0.8008519410075294,0.0
nonadecanoate (19:0),Lipid,Long Chain Fatty Acid,0.04347125769613637,0.06114673768314058,0.06903531950511495,0.06213337010081669,0.07758725684159769,0.03570111318623488,0.04595825146143218,0.06308631835999325,0.37500012329031535,0.49083769633507857,1.3929312192314787,0.34917334537855754,1.0,0.0,0.4908265598315292,1.3995063927230094,0.30921851539845224,1.0
nonanoylcarnitine (C9),Lipid,"Fatty Acid Metabolism (Acyl Carnitine, Medium Chain)",-0.03207243367492645,-0.0182242248944901,0.003384755370515259,-0.019280556441371173,-0.001698380289907138,-0.03263032858515998,-0.017842651447600524,0.00417633795565551,0.37500012329031535,0.06806282722513088,0.10029394216897464,0.5820216347358431,0.0,65.00513507853402,0.06806117338880542,0.10116990391891258,0.5774963882265758,0.0
norophthalmate,,,0.026032004071093264,0.02236105765377,0.028527411715180247,0.02927477361790693,0.027574432898359945,0.0358368024082206,0.0355660830022905,0.017806669196126616,0.37500012329031535,0.08115183246073299,0.043164319307420276,0.8484211867725286,0.0,70.00556125654447,0.081152329956213,0.04342501906958061,0.847073548538895,0.0
o-Tyrosine,Amino Acid,Tyrosine Metabolism,-0.08664332304557172,-0.07395201825642761,-0.06732301938786031,-0.06998140649775318,-0.07121645467118425,-0.09870390780507593,-0.09868381924683656,-0.0851368526317682,0.37500012329031535,0.23167539267015708,0.1284290617197259,0.8119468239388096,0.0,56.09236125654449,0.23167302284371508,0.1281037018793428,0.8042857550259425,0.0
o-cresol sulfate,Xenobiotics,Benzoate Metabolism,-0.021770776117811214,-0.013420729730196607,-0.0128542487841452,-0.01206266619900495,-0.011593812820251768,-0.03827759167039643,-0.03231414679070742,-0.029658195568738173,0.37500012329031535,0.06806282722513088,0.07967480213508338,0.5845139023472569,1.0,0.0,0.06806117338880542,0.08241685973821454,0.5790163996770631,1.0
octadecanedioate (C18),Lipid,"Fatty Acid, Dicarboxylate",-0.03812036431466855,-0.008544965426173093,-0.017737831540195682,-0.007756063000044115,-0.025882454161158204,-0.04052458945226572,-0.03480868266828329,-0.009829839999749203,0.37500012329031535,0.06806282722513088,0.08332720389327042,0.5833101073481526,0.0,61.95211623036644,0.06806117338880542,0.08368689976318404,0.5792712005187681,0.0
octadecenedioate (C18:1-DC),Lipid,"Fatty Acid, Dicarboxylate",-0.03295686374879495,-0.02121636365380586,0.0021200062287005613,-0.01919021256941386,-0.016567998464195585,-0.04062448093504765,-0.03396898913824541,-0.015430137107127304,0.37500012329031535,0.1950261780104712,0.096307057915926,0.8234341942850218,0.0,59.00590157068062,0.19502035260731665,0.09612754876442225,0.821561158941105,0.0
octaethylene glycol,Xenobiotics,Chemical,0.19985161268924556,0.20142553566764282,0.20144468356061082,0.1989274600443599,0.20367145820960197,0.1788525420130399,0.18188125094846755,0.1918724599954147,0.37500012329031535,0.20026178010471204,1.9167121463178431,0.25929078308509546,0.0,63.11110890052355,0.20025553115810832,1.9092631254067782,0.23504433170123037,0.0
octanoylcarnitine (C8),Lipid,"Fatty Acid Metabolism (Acyl Carnitine, Medium Chain)",-0.13283877062971092,-0.10999429568944112,-0.10841155739702177,-0.10842795156543394,-0.09106575959703617,-0.14173812287456417,-0.14495171051282596,-0.0914088073752391,0.37500012329031535,0.3887434554973822,0.3383729897169586,0.5435460061784032,1.0,0.0,0.38874507235769223,0.33868305963221385,0.536594823781393,1.0
oleate (18:1n9),Lipid,Long Chain Fatty Acid,0.101676142694097,0.1388037653766249,0.08967888088554901,0.13900080794018463,0.08335748242495243,0.10566387767752726,0.11226238066342113,0.09191613484295025,0.37500012329031535,0.5366492146596858,9.460843590221074,0.10702241055320144,1.0,0.0,0.5366501020840556,9.257244263388015,0.10088155965962232,1.0
oleate/vaccenate (18:1),Lipid,Long Chain Monounsaturated Fatty Acid,-0.0800728819508721,-0.06797054199300136,-0.0487384974446021,-0.06730348198721389,-0.048645357939796255,-0.08544531111204523,-0.0925212648374217,-0.05297814145585613,0.37500012329031535,0.23167539267015708,0.11638733353825723,0.8180415339503677,1.0,0.0,0.23167302284371508,0.1160252285918343,0.8092241347505316,1.0
oleic ethanolamide,Lipid,Endocannabinoid,-0.06916469290154917,-0.04769517405050313,-0.06660985747930226,-0.04734726234991132,-0.06719292911909243,-0.09062818693562476,-0.09017128342696071,-0.058068392240656484,0.37500012329031535,0.23167539267015708,0.13439326245251448,0.8074606916477834,0.0,54.72216125654453,0.23167302284371508,0.13480189020950328,0.7999324150958057,0.0
oleoyl ethanolamide,Lipid,Endocannabinoid,0.1315682685603136,0.13602141719108948,0.1268865614682108,0.13306427218110928,0.12743885988350193,0.12119381033083919,0.12978171708329592,0.13343973027525435,0.37500012329031535,0.2643979057591623,0.4598636436641438,0.5819680570814119,0.0,60.02256649214662,0.2644002722241483,0.4597903962098205,0.6299884137021668,0.0
oleoyl-arachidonoyl-glycerol (18:1/20:4) [1],,,-0.08699381649758402,-0.07791736202824188,-0.055196740554358664,-0.07688127158945886,-0.07011723260301356,-0.07984279012513401,-0.07749275311903214,-0.055522981459980573,0.37500012329031535,0.23167539267015708,0.15420690508419277,0.8084007580327524,0.0,58.93028900523558,0.23167302284371508,0.15364835198471377,0.8015607457251632,0.0
oleoyl-arachidonoyl-glycerol (18:1/20:4) [2],,,-0.09756857069070586,-0.08851857270122616,-0.0467092090213288,-0.09000124432806106,-0.07038409403329914,-0.07938770274073885,-0.07809250962694732,-0.05330890178892643,0.37500012329031535,0.23167539267015708,0.15160074042046853,0.8088612945131282,0.0,64.15150680628277,0.23167302284371508,0.1511407051567543,0.8013852091897699,0.0
oleoyl-linolenoyl-glycerol (18:1/18:3) [2],,,-0.009995410900004876,0.011453952078472487,-0.019105132112847388,0.007742080805451167,-0.007228975702286587,-0.01605315129215878,-0.007187407735432442,-0.0032292579733509126,0.37500012329031535,0.12696335078534032,0.07359550063541315,0.6307351027499635,0.0,62.946913089005236,0.12695917921851127,0.07410017337391726,0.6148219074462581,0.0
oleoyl-linoleoyl-glycerol (18:1/18:2) [1],Lipid,Diacylglycerol (DG),-0.08969793287453519,-0.0814415329537541,-0.05602070796983965,-0.07904287724574997,-0.06508975788188032,-0.09064037164691847,-0.08794198162097834,-0.05866306655132863,0.37500012329031535,0.23167539267015708,0.18974722351126205,0.8010642523266305,0.0,51.07110890052357,0.23167302284371508,0.18899727935582503,0.7951847636009659,0.0
oleoyl-linoleoyl-glycerol (18:1/18:2) [2],Lipid,Diacylglycerol (DG),-0.09294012239584087,-0.0781201374158898,-0.05756769956412838,-0.07885757136337354,-0.066983968759305,-0.0923841567210619,-0.08651200614180399,-0.05901895040965546,0.37500012329031535,0.23167539267015708,0.17150958381981646,0.8055133616906169,0.0,56.64864397905761,0.23167302284371508,0.17082571459462004,0.7982508329819936,0.0
oleoyl-oleoyl-glycerol (18:1/18:1)  [1],,,-0.013438964532663739,-0.015984109865994633,0.005777292902246061,-0.01699867165269292,-0.010836956959319521,-0.020575352357135063,-0.022956542264250156,0.008464127191059318,0.37500012329031535,0.12696335078534032,0.07031971932516642,0.6306182154808029,0.0,61.064851308900444,0.12695917921851127,0.06981455143400235,0.6191639801017215,0.0
oleoyl-oleoyl-glycerol (18:1/18:1) [2],,,-0.07963812648339512,-0.0677433189063499,-0.053515832332683,-0.069121607376027,-0.0620294313628502,-0.07313121480648041,-0.0797299744119092,-0.05021547318071265,0.37500012329031535,0.16361256544502617,0.053737416730824106,0.6812009175091146,0.0,52.07842513089004,0.16361184945490967,0.053735458701979454,0.6647218745673703,0.0
oleoylcarnitine,Lipid,Fatty Acid Metabolism(Acyl Carnitine),0.03625357470764141,0.03796784823153169,0.03061265330897695,0.040512096394402015,0.04610311610955482,0.009593186997328373,0.006838907394099825,0.027805090664707308,0.37500012329031535,0.6714659685863875,16.848595546824676,0.09699082425454171,1.0,0.0,0.6714588389383259,11.561585467894119,0.06564970031689606,1.0
oleoylcholine,Lipid,Fatty Acid Metabolism (Acyl Choline),-0.08022694673770149,-0.06096669264201226,-0.027012084510415008,-0.06290775398161925,-0.03597073126621656,-0.0718297348088991,-0.07764934750752174,-0.04903325206996767,0.37500012329031535,0.23167539267015708,0.14926418595351823,0.8088400227958781,0.0,47.97394659685865,0.23167302284371508,0.1524452873243867,0.801186075214348,0.0
ophthalmate,Amino acid,Glutathione Metabolism,-0.013967829142929645,-0.010579837754813574,0.004051930977441342,-0.012325824263140992,-0.003170696793710201,-0.00985180102103508,-0.02748058231629559,-0.010371376188152818,0.37500012329031535,0.7198952879581152,9.025647424918912,0.1359188915619319,0.0,53.74664607329842,0.7198877717426199,9.552439635817079,0.08396205515135997,0.0
ornithine,Amino Acid,Urea cycle; Arginine and Proline Metabolism,-0.02758438248637258,0.012897229674154742,0.006049946580196738,0.012895322908928154,0.050870308266565537,-0.021199352648817133,-0.027350838939853857,0.01787625322491344,0.37500012329031535,0.7198952879581152,3.014742743260247,0.21772362214210644,1.0,0.0,0.7198877717426199,3.024624677672893,0.18965524019588367,1.0
orotate,Nucleotide,"Pyrimidine Metabolism, Orotate containing",-0.05550061614890211,-0.029652672568484133,0.003352883492202628,-0.02768088319283126,-0.017772741017478225,-0.06164545211404924,-0.051228557281811346,-0.020231065601087603,0.37500012329031535,0.31282722513089,0.20720236355700583,0.8906021795041685,1.0,0.0,0.31282535279992807,0.20716584021840279,0.8808961163154355,1.0
orotidine,Nucleotide,"Pyrimidine Metabolism, Orotate containing",0.04283470277284947,0.05415605385109851,0.0880648606985856,0.05064763355395942,0.05491144542277779,0.07474121732200568,0.07187163808189535,0.10905333303349979,0.37500012329031535,0.49607329842931935,0.7402260083333627,0.49348733223352037,1.0,0.0,0.49607329506786346,0.7402077952816509,0.5417944435477936,1.0
oxalate (ethanedioate),Cofactors and Vitamins,Ascorbate and Aldarate Metabolism,-0.08732492560280813,-0.06680443614139162,-0.04740996355763726,-0.0636257160274051,-0.0611157027499119,-0.08095276636132089,-0.08199930797125923,-0.054120237264334285,0.37500012329031535,0.23167539267015708,0.11275097368466899,0.8142671508659451,1.0,0.0,0.23167302284371508,0.11260074571496377,0.807260725622026,1.0
oxaloacetate,,,0.14887281606113728,0.14228633246729608,0.13233035403296084,0.1410078349197556,0.15328348626864552,0.15028057353736787,0.13545557427780835,0.14220412933146556,0.37500012329031535,0.18324607329842932,0.1485443542516571,0.629440212777773,0.0,58.185130890052335,0.1832479422679353,0.14851778782083017,0.6500102818269101,0.0
p-cresol glucuronide,,,-0.006245582942987816,-0.018673011029127645,-0.01122609147433198,-0.020382069084487354,-0.006844936931695932,-0.02225011056479792,-0.016405197476868215,-0.02495385877824664,0.37500012329031535,0.1950261780104712,0.10857557887100273,0.820604191967405,0.0,64.726587434555,0.19502035260731665,0.10825236066514832,0.8191528685002263,0.0
p-cresol sulfate,Amino Acid,Phenylalanine and Tyrosine Metabolism,0.17738516847162047,0.16883603288050147,0.2134499649414712,0.17295007014510738,0.1479019571366155,0.15511345028687012,0.17036886480237276,0.18627239363513218,0.37500012329031535,0.8547120418848168,20.181343486281786,0.11290741550899547,1.0,0.0,0.8547067812062612,21.184183717675186,0.09839416496405347,1.0
palatinitol  (spectral match),,,0.10597256551721618,0.1052393255253632,0.10417969877218276,0.10205128623131125,0.11544413458510046,0.11520173043701991,0.11357582329123729,0.10794756511959401,0.37500012329031535,0.09685863874345549,0.18512192091709784,0.9021694828078731,0.0,57.5058052356021,0.0968642859894449,0.18778195879282722,0.8997876715300163,0.0
palmitate (16:0),Lipid,Long Chain Fatty Acid,0.10165580569214629,0.14755328859323188,0.1076168062062216,0.1476456112077354,0.133748854053025,0.06621144869636371,0.055007093133113416,0.1185417329367478,0.37500012329031535,0.7683246073298429,3.1093620132279813,0.21327567495306127,1.0,0.0,0.7683231249277708,3.169984586223475,0.19275317794005353,1.0
palmitic amide,Lipid,"Fatty Acid, Amide",0.03655589271383472,0.02366544177126887,0.01894396410888084,0.019011576746850913,0.027486916217191446,0.028433415929644268,0.030487807123414402,0.014916509005385124,0.37500012329031535,0.08115183246073299,0.07415998870212018,0.8445220739116389,0.0,61.459231413612564,0.081152329956213,0.07421746923446826,0.8451887756875425,0.0
palmitoleate (16:1n7),Lipid,Long Chain Fatty Acid,-0.018035963869842804,0.047816092047456966,0.031755803926605985,0.04763766930269246,-0.012600104255752649,-0.026241926458083615,-0.023213443380181685,0.027867018124830452,0.37500012329031535,0.6714659685863875,11.311497637666212,0.08419875038255124,1.0,0.0,0.6714588389383259,11.567074073522333,0.07837354975337428,1.0
palmitoleoyl ethanolamide,,,-0.1290006967557857,-0.1332943741575481,-0.15576541626877025,-0.13332463773222175,-0.15022256558092004,-0.13479979305198042,-0.13140658351944035,-0.16712260420877353,0.37500012329031535,0.03664921465968586,0.062366619676204625,0.6964892795721127,0.0,60.71631308900524,0.03665267023639842,0.0692345854953999,0.707949334256036,0.0
palmitoleoyl-linoleoyl-glycerol (16:1/18:2) [1],,,-0.017889951045963973,-0.011719279852654396,0.006808519231725616,-0.012283779267715511,0.0010983873100850919,-0.01587482455575181,-0.010823888924545685,-0.009098385435708395,0.37500012329031535,0.12696335078534032,0.07279846034122933,0.6329970285673293,0.0,63.45715706806281,0.12695917921851127,0.07264313832920098,0.6152896007480854,0.0
palmitoleoylcarnitine (C16:1),,,-0.07854568822767215,-0.07080491542059449,-0.05764335084967743,-0.07069035775962021,-0.06308518127618712,-0.08796520206698752,-0.09863382023380166,-0.06738941660768172,0.37500012329031535,0.23167539267015708,0.07976382051152026,0.8294951190651131,0.0,58.867274345549745,0.23167302284371508,0.07992058366409366,0.8180316414144649,0.0
palmitoyl dihydrosphingomyelin (d18:0/16:0),,,-0.08394699932428445,-0.05584752874993342,-0.06010604581535598,-0.05187024545550188,-0.05521854234722562,-0.07556227788280064,-0.08338951403532131,-0.06625842754947528,0.37500012329031535,0.23167539267015708,0.07881076528755969,0.8199793830543576,0.0,57.17289005235601,0.23167302284371508,0.07874227453565114,0.8110667150105105,0.0
palmitoyl ethanolamide,Lipid,Endocannabinoid,0.0030135205152859437,0.019920314340625522,0.014745408430773837,0.011126386231790237,0.01589431654318713,-0.006220553081484143,0.004386328276226963,0.00426315472005531,0.37500012329031535,0.1492146596858639,0.13907915953024474,0.7815674923961726,0.0,49.79164188481677,0.1492135033450184,0.1387388238509948,0.7891878644300712,0.0
palmitoyl sphingomyelin (d18:1/16:0),Lipid,Sphingomyelins (SM),-0.02894012446977454,0.018815493535418233,0.016543887911826632,0.020197850533330734,0.01268711407638795,-0.021304626123536178,-0.021357003940527086,0.0005534186729968278,0.37500012329031535,0.5916230366492147,3.161773095227627,0.1946539481711713,0.0,58.83531413612564,0.591612414448425,3.0791917108227516,0.21468730880835382,0.0
palmitoyl sphinomyelin (prev. X - 10419),,,0.03155418748626076,0.01819722318208905,0.031393197572335156,0.012315090112164417,0.013072350256527174,0.03642091591061849,0.034275109888497454,0.03360920782979673,0.37500012329031535,0.07984293193717278,0.027933481444866425,0.43942697547789156,0.0,75.43923036649218,0.07984642448990074,0.02799625712822904,0.4831506369928109,0.0
palmitoyl-arachidonoyl-glycerol (16:0/20:4) [1],,,-0.008268678003438558,0.01143347518219262,0.053460631988756786,0.02045224913192827,0.029930635465300642,0.014932906659635406,0.013684595983769683,0.04415497058278555,0.37500012329031535,0.3285340314136126,0.15054581580598783,0.8049350624092833,0.0,54.82560314136124,0.32853730883316,0.15025071692885136,0.8219528207421606,0.0
palmitoyl-arachidonoyl-glycerol (16:0/20:4) [2],,,-0.08580219806275916,-0.08097464709165876,-0.05104473413623418,-0.08037428372945737,-0.07091381210101746,-0.07633798532817317,-0.07186513996620199,-0.05129623138459377,0.37500012329031535,0.23167539267015708,0.16201478311682527,0.8045521896511969,0.0,51.19210575916229,0.23167302284371508,0.16155777400277757,0.7981494586835581,0.0
palmitoyl-dihomo-linolenoyl-glycerol (16:0/20:3n3 or 6) [2],,,-0.016959625312840048,-0.026649487124112355,-0.0011901491902960146,-0.026550923879999546,-0.025957308306325127,-0.02517152814456838,-0.03796695224228818,-0.00454913380108749,0.37500012329031535,0.06806282722513088,0.047240664700881035,0.5848488811847461,0.0,74.13620628272248,0.06806117338880542,0.04648342486746119,0.5797193305098448,0.0
palmitoyl-docosahexaenoyl-glycerol (16:0/22:6) [1],,,-0.07973628740908079,-0.06931635824538478,-0.06949148371976152,-0.06852732984044678,-0.054047421147557215,-0.07221899695448776,-0.07112986908363235,-0.05045616058476772,0.37500012329031535,0.23167539267015708,0.18028359856983878,0.7964650613766009,0.0,64.03225863874354,0.23167302284371508,0.18023067340778132,0.7915190821025124,0.0
palmitoyl-docosahexaenoyl-glycerol (16:0/22:6) [2],,,-0.07830734470540394,-0.07507936313163124,-0.04447520226568799,-0.07602775149685267,-0.06806665003669825,-0.0646180892613834,-0.07345250124940737,-0.047729320406322495,0.37500012329031535,0.16361256544502617,0.0782062298399015,0.6804461049358963,0.0,58.85300628272256,0.16361184945490967,0.07863371361711849,0.665318392097892,0.0
palmitoyl-linolenoyl-glycerol (16:0/18:3) [2],,,-0.018032640878245486,0.0028859228997704886,-0.00972007344334574,-0.0016049558900035714,-0.0123634266837527,-0.017717324792059282,-0.013262818438211905,0.0038006650329413328,0.37500012329031535,0.12696335078534032,0.08752108087428047,0.6295144671968094,0.0,54.515186387434554,0.12695917921851127,0.08705485734712244,0.6155589393762214,0.0
palmitoyl-linoleoyl-glycerol (16:0/18:2) [1],,,0.02745603441304121,0.010884976331086357,0.05960858713078889,0.012603722578370093,0.003013003367125413,0.02065591833856813,0.02804958806067945,0.03193570583692604,0.37500012329031535,0.2604712041884817,0.055290708458828414,0.7465303889928565,0.0,55.972486910994775,0.26047613544435455,0.055473018029613026,0.7349606414822069,0.0
palmitoyl-linoleoyl-glycerol (16:0/18:2) [2],,,-0.08803091611451226,-0.08099724422890067,-0.05523832302968086,-0.08411900832864636,-0.061332429413596144,-0.08108864210764108,-0.07980150109583758,-0.052188822984146094,0.37500012329031535,0.23167539267015708,0.1989815499223309,0.7986320257716439,0.0,55.40265549738222,0.23167302284371508,0.19823853317127813,0.7921877324574492,0.0
palmitoyl-oleoyl-glycerol (16:0/18:1) [1],,,-0.005785124593817389,-0.010600768191696235,0.00815252897301994,-0.011672470684353568,-0.004495212528629533,-0.012173350755323635,-0.0100166366051225,0.009133438439489678,0.37500012329031535,0.12696335078534032,0.07154085016737141,0.6324820179356199,0.0,59.92514240837694,0.12695917921851127,0.07096451842004795,0.6212144258318848,0.0
palmitoyl-oleoyl-glycerol (16:0/18:1) [2],,,-0.07598496364716127,-0.07035252217230042,-0.04693309484653954,-0.07383644314627065,-0.0677283366892411,-0.07495307158080591,-0.07933973803193584,-0.05220554090883309,0.37500012329031535,0.16361256544502617,0.03919565111105826,0.6815419564986668,0.0,57.262925654450285,0.16361184945490967,0.03920443234147264,0.6647619140279022,0.0
palmitoyl-palmitoyl-glycerol (16:0/16:0) [2],,,-0.016519085740343793,-0.02347418734849633,0.013955836280053136,-0.0289729956284882,-0.01865149021657545,-0.009655906279957662,-0.007971324815672712,0.011169314025909701,0.37500012329031535,0.12696335078534032,0.07170425584407651,0.6333653643012715,0.0,61.2119298429319,0.12695917921851127,0.07139386189796317,0.6211539443870624,0.0
palmitoyl-sphingosine-phosphoethanolamine (d18:1/16:0),Lipid,Ceramides (Cer),-0.07369931428648246,-0.058425314725167106,-0.055760125081620045,-0.05405539330529225,-0.051129255850812357,-0.08871969977536283,-0.08948851336126575,-0.04521261418943552,0.37500012329031535,0.23167539267015708,0.09352601236270291,0.8187248637885526,0.0,48.0988052356021,0.23167302284371508,0.09363403831542921,0.8105804687271948,0.0
palmitoylcarnitine,Lipid,Carnitine Metabolism,0.04736036240449811,0.062388876074216185,0.048194857353933404,0.05747067507610113,0.07866784359323464,0.009722071519487821,0.024185100650561373,0.020757720801670106,0.37500012329031535,0.6714659685863875,38.76603786402206,0.13192019365673496,1.0,0.0,0.6714588389383259,13.140698285390984,0.06018064984217384,1.0
palmitoylcholine,Lipid,Fatty Acid Metabolism (Acyl Choline),-0.08139170321203927,-0.0717638200270344,-0.03694496262661185,-0.07207803719710522,-0.043591730424215325,-0.08183854390970334,-0.08829574594986263,-0.04793735173418656,0.37500012329031535,0.23167539267015708,0.1296484505576902,0.8114309668349255,0.0,54.25483560209423,0.23167302284371508,0.13262680938036076,0.8037130018091102,0.0
pantetheine,Cofactors and Vitamins,Pantothenate and CoA Metabolism,-0.003538802651101263,-0.013794889359685788,0.00849060849036403,-0.012686254313522558,0.0012518399748625904,-0.018326458679069672,-0.020696508350109635,-0.00576171778000581,0.37500012329031535,0.12696335078534032,0.10696437816459514,0.6268150953553775,1.0,0.0,0.12695917921851127,0.10845401048020627,0.6133184388344195,1.0
pantothenate,Cofactors and Vitamins,Pantothenate and CoA Metabolism,-0.002670899239292756,0.019464602376396713,0.03214870645384005,0.0200969351093809,0.015620014970177516,-0.024735175829000384,-0.029381409258521497,0.0292976328959536,0.37500012329031535,0.7198952879581152,6.4661470733727695,0.12627254941532204,1.0,0.0,0.7198877717426199,6.72669629832632,0.09430079382773675,1.0
pantothenate (Vitamin B5),Cofactors and Vitamins,Pantothenate and CoA Metabolism,0.0987466907189484,0.10064564853643054,0.11337309637573974,0.10147449436165111,0.12455480671928967,0.09851918535217917,0.09500722644843994,0.09190132441181106,0.37500012329031535,0.09685863874345549,0.050039718786759606,0.9155752416871921,1.0,0.0,0.0968642859894449,0.049491496569566217,0.917300590106056,1.0
paraxanthine,Xenobiotics,Xanthine Metabolism,0.05541244827019592,0.08533431563648507,0.07989943466684574,0.08410841574246361,0.07094835967523239,0.0796830017798999,0.09555855999451798,0.07744990028290646,0.37500012329031535,0.4829842931937173,0.6970452173370572,0.447471139718012,0.0,59.00227539267016,0.48298085442428446,0.6974788142209597,0.49901822904880616,0.0
pelargonate (9:0),Lipid,Medium Chain Fatty Acid,0.017009455981163192,0.025637571368575793,-0.0023184933160847925,0.01466735392515088,0.029261007312337717,-0.007408950763155722,0.0019432330199135595,-0.006355859532085602,0.37500012329031535,0.47643979057591623,3.5582528292510034,0.13330423464348806,1.0,0.0,0.47642949779780935,3.5813951731674187,0.12835627021206905,1.0
penicillin G,Xenobiotics,Drug,-0.06593288036432503,-0.046291827430954294,-0.05018640797927682,-0.04416125481482905,-0.04212860325296606,-0.06796271070577958,-0.04297664255065918,-0.045958366882242245,0.37500012329031535,0.11518324607329844,0.15443267859894622,0.5038734324189839,0.0,74.70045968586393,0.1151842007267871,0.1593759163666916,0.5641403831958938,0.0
pentadecanoate (15:0),Lipid,Long Chain Fatty Acid,-0.18061815834408368,-0.16886574884705313,-0.1439554319954817,-0.16989029427625565,-0.1518804221928024,-0.18898233983383475,-0.19573482230311381,-0.19584237374729535,0.37500012329031535,0.4725130890052356,5.339244002773415,0.14837665676122885,1.0,0.0,0.47250921324652984,4.984154983649708,0.13708303108485745,1.0
pentadecanoylcarnitine (C15),,,-0.03185046891807295,-0.014041486259475735,-0.00506808795046944,-0.0130586126678334,-0.0005217235973349067,-0.03997300292852679,-0.04309243116706873,-0.0019320264135043723,0.37500012329031535,0.1950261780104712,0.07876180106881003,0.8267523134131873,0.0,49.55457905759164,0.19502035260731665,0.07851068237082591,0.8244029047585162,0.0
pentaethylene glycol,Xenobiotics,Chemical,0.11119144410776222,0.10506169402629613,0.10532578762380085,0.1048643871919611,0.1081991062426189,0.08336883496470143,0.10414499220740603,0.10787357159100275,0.37500012329031535,0.2827225130890052,94.76114754395714,0.12089392706110239,0.0,68.57451413612564,0.2827137665806336,69.18792756935234,0.1012358853488402,0.0
perfluorooctanesulfonate (PFOS),Xenobiotics,Chemical,-0.0835159663205117,-0.06744902065084159,-0.044116302145977955,-0.06760269989807195,-0.05312193036185888,-0.07566735364407118,-0.0874341617712048,-0.041550184340574774,0.37500012329031535,0.23167539267015708,0.10777059612127385,0.8177017273042078,0.0,57.7540010471204,0.23167302284371508,0.10754427453759258,0.8095671473969382,0.0
phenol red,Xenobiotics,Chemical,-0.05536926145002015,-0.04304986251793621,-0.03161204110941538,-0.03225309007644721,-0.02508725419395983,-0.06871880094418055,-0.06676320124322979,-0.005423449637814583,0.37500012329031535,0.3102094240837696,0.38145793386584986,0.466523079023621,0.0,53.991612565445024,0.31020455333410374,0.3812835234046436,0.46190499262292595,0.0
phenol sulfate,Amino acid,Phenylalanine and Tyrosine Metabolism,0.010519227526011336,0.020994923793963546,0.04221202004622661,0.016629995852961245,0.04740288032621305,0.04233404519968809,0.024003515699323894,0.035419705825385436,0.37500012329031535,0.6714659685863875,6.766572997908497,0.06725299565076898,0.0,72.46801675392669,0.6714588389383259,7.613045870518955,0.07453492222869677,0.0
phenylacetylcarnitine,Peptide,Acetylated Peptides,-0.02092836001467164,-0.023751480744123876,0.00039401791118946316,-0.026197813782806032,0.009129004987317493,-0.030125080954401518,-0.01571717893351031,-0.0004559291646463568,0.37500012329031535,0.1950261780104712,0.11878248978769859,0.8215422707430187,0.0,55.93684712041887,0.19502035260731665,0.11873608628892292,0.8217338463493787,0.0
phenylacetylglutamate,Peptide,Acetylated Peptides,-0.022784683742220938,-0.02524069087885523,-8.535275620516949e-05,-0.027161587802414306,0.006021270609013404,-0.030556321716553096,-0.029720680458923305,-0.01170793367377321,0.37500012329031535,0.06806282722513088,0.09503961656696105,0.5834199667706377,0.0,71.62797801047125,0.06806117338880542,0.09905592632812531,0.5783145261358212,0.0
phenylacetylglutamine,Amino acid,Phenylalanine and Tyrosine Metabolism,0.17974602452096144,0.18733580711359646,0.1765959722436238,0.18762743950696723,0.21173242310952328,0.20179327802949382,0.2087993388605204,0.1408561190539275,0.37500012329031535,0.8547120418848168,14.001067613233916,0.10528410430202989,1.0,0.0,0.8547067812062612,17.0611848974192,0.1067081273871436,1.0
phenylacetylglycine,Amino acid,Phenylalanine and Tyrosine Metabolism,-0.06910317108452861,-0.0484083611862534,-0.048965240177255516,-0.047409972556966704,-0.038295931573947305,-0.059860393933021866,-0.05360310029535979,-0.056959143017413075,0.37500012329031535,0.11518324607329844,0.10760184483093185,0.50369224289763,1.0,0.0,0.1151842007267871,0.11144623295779053,0.5658243645272542,1.0
phenylalanine,Amino acid,Phenylalanine and Tyrosine Metabolism,0.07856075106744805,0.0494367511997714,0.07384859607627654,0.04914668457859142,0.0683104451240636,0.04280176330132205,0.01785063487473999,0.1381754609592674,0.37500012329031535,0.8167539267015707,2.601874662677517,0.26859735324819695,1.0,0.0,0.8167520577320646,2.8878880348920366,0.22125635784404252,1.0
phenylalanylalanine,Peptide,Dipeptide,0.007928592062072581,0.004446701680055714,0.05089459704792029,0.005048354133546746,0.007611868447479356,-0.02138149310976341,-0.006473402985768798,0.012651651357869184,0.37500012329031535,0.4698952879581152,1512.4154020754406,0.11896748935293905,0.0,68.91263036649214,0.4698999704662481,47.17782888945345,0.1094736094892273,0.0
phenylalanylaspartate,Peptide,Dipeptide,-0.07649444615266088,-0.0958639193549313,-0.08132877749514827,-0.09585544218794992,-0.08316934122468214,-0.09061413582122158,-0.09402292476136724,-0.07259349929727905,0.37500012329031535,0.18193717277486912,71.55125555577393,0.09421271108479903,0.0,66.51352670157073,0.18193818457310887,87.50793329506558,0.07039203476264687,0.0
phenylalanylglutamate,Peptide,Dipeptide,-0.03932142310061764,-0.05896080976222253,-0.05026329949982766,-0.05745928886961543,-0.04815215553618538,-0.05445378413997231,-0.046226670261502574,-0.04159018485157921,0.37500012329031535,0.12303664921465969,0.10788685488369418,0.7368351392514711,0.0,72.06198743455496,0.12304017874340305,0.10877794363225939,0.732526839704362,0.0
phenylalanylglycine,Peptide,Dipeptide,-0.1279260788819553,-0.11416107030698744,-0.10906316044056513,-0.11495347433401329,-0.12006530462485311,-0.12602030367451403,-0.128348804849722,-0.11431875829351851,0.37500012329031535,0.41361256544502617,11.64259254235668,0.09463995127415877,0.0,55.11020000000005,0.41361120741682394,16.844136637066722,0.12092091783779785,0.0
phenylalanylleucine,Peptide,Dipeptide,-0.0775472235981108,-0.08770487246749109,-0.0897395057090839,-0.0869431516902246,-0.0852675326429872,-0.09098624539472364,-0.09564646171879441,-0.07909646371527025,0.37500012329031535,0.18193717277486912,17.170846626663206,0.09707755259465,0.0,66.8110062827225,0.18193818457310887,15.252956348916484,0.08397203271288035,0.0
phenylalanylmethionine,Peptide,Dipeptide,-0.12383671758302826,-0.12173218661820953,-0.12464632889250482,-0.12263591675205422,-0.1361644365481614,-0.11454717013543012,-0.11855303795427911,-0.12512108399197916,0.37500012329031535,0.041884816753926704,0.12518716414088424,0.47787520777544523,0.0,76.36790890052355,0.04188784878719006,0.12483944376658314,0.4905041361611451,0.0
phenylalanylphenylalanine,Peptide,Dipeptide,-0.10636954257851178,-0.11450755307697845,-0.12507936728104543,-0.12003636276473992,-0.12700736368409396,-0.11675996912351626,-0.12054842132120233,-0.1385117113775054,0.37500012329031535,0.041884816753926704,0.14711366182485397,0.478762269772983,0.0,77.22034136125654,0.04188784878719006,0.14474143277255813,0.49411029708977344,0.0
phenylalanylproline,Peptide,Dipeptide,-0.12532792472523632,-0.13502888095473703,-0.14060948678561053,-0.13389296823490404,-0.14549805919235848,-0.12278160177368268,-0.11561032652248569,-0.1286397029089543,0.37500012329031535,0.041884816753926704,0.07831085806598563,0.4793801121381035,0.0,80.05431204188477,0.04188784878719006,0.08003990981644514,0.49406210317628974,0.0
phenylalanylserine,Peptide,Dipeptide,0.05143038741818727,0.04272200718955681,0.08035470775785276,0.041984246879714714,0.050214282104954454,0.05186618186700233,0.044680936631353994,0.05095811604637959,0.37500012329031535,0.32460732984293195,7.463535531247199,0.08547579682818926,0.0,68.53541047120416,0.32460161536782356,8.528996746345198,0.09579292169860644,0.0
phenylalanyltryptophan,Peptide,Dipeptide,-0.12491537508382819,-0.13545913273993407,-0.12532326079173997,-0.1368831886462507,-0.14536773997321123,-0.12112094245645233,-0.12082758137866056,-0.14479455382106257,0.37500012329031535,0.041884816753926704,0.06538893511986556,0.4785371147406644,0.0,73.7952502617801,0.04188784878719006,0.06606239556526664,0.4936269429254773,0.0
phenylalanyltyrosine,Peptide,Dipeptide,-0.1164492067954566,-0.13163424298670262,-0.12842631428810483,-0.13045740233949898,-0.1461550427865398,-0.11678525093999739,-0.12003124416237902,-0.12608326209267734,0.37500012329031535,0.041884816753926704,0.07298964026418847,0.4785349820128294,0.0,80.71949214659682,0.04188784878719006,0.07452008146977361,0.4927149241249367,0.0
phenylalanylvaline,Peptide,Dipeptide,-0.11343921052929408,-0.13244680067001288,-0.11992768109887958,-0.1289088742723568,-0.14225296502752643,-0.12862340150297738,-0.11631629724599686,-0.13482025568608585,0.37500012329031535,0.041884816753926704,0.1031413894353072,0.4768521257300789,0.0,72.22875287958112,0.04188784878719006,0.10058401927338767,0.4924938435169485,0.0
phenylcarnitine,,,0.12049446676228681,0.11844188528794014,0.1415498167568463,0.11829974194218822,0.12071937956011751,0.128055581183859,0.12640609124591234,0.13935310306932314,0.37500012329031535,0.18324607329842932,0.21402182002451234,0.6287408657286372,0.0,70.69127434554973,0.1832479422679353,0.2138908412026033,0.6436211848921981,0.0
phenyllactate (PLA),Amino acid,Phenylalanine and Tyrosine Metabolism,-0.13897765366837164,-0.11813009123180156,-0.11044377704379522,-0.11886248286586196,-0.14988798258721056,-0.16874140389623185,-0.1661491450901777,-0.13625072949576034,0.37500012329031535,0.4306282722513089,33.499149491507595,0.12324812736755929,0.0,63.7869780104712,0.43062136445933974,16.954662226093646,0.05767575930157429,0.0
phenylpyruvate,Amino acid,Phenylalanine and Tyrosine Metabolism,0.03863591371032396,0.06530922505309933,0.04899406205667744,0.06527780217381894,0.05108076011433589,0.015791893915051345,0.024975912810042418,0.07352528249397502,0.37500012329031535,0.41492146596858637,10.043570352134154,0.09468286774406526,1.0,0.0,0.414919681035479,13.767120117258353,0.09401631392034364,1.0
phosphate,Energy,Oxidative Phosphorylation,-0.001197032915496727,0.021510955988203188,0.03860368892982506,0.023195330334727114,0.006883998403118884,-0.009535559684517239,0.0013848126478196066,0.02710328300704897,0.37500012329031535,0.6714659685863875,2.1106350807913015,0.22423917840836133,1.0,0.0,0.6714588389383259,2.1768418353530885,0.2129859459042136,1.0
phosphocholine,Lipid,Phospholipid Metabolism,-0.004384148937923922,0.03889665942545472,0.012834182962058351,0.03502008911904998,0.011094712378066394,0.00017083550120021394,0.008547476412871879,0.009998164618820677,0.37500012329031535,0.7198952879581152,5.3078810853997265,0.2374586615964016,1.0,0.0,0.7198877717426199,5.29522594949514,0.20368291500152721,1.0
phosphoenolpyruvate (PEP),Carbohydrate,"Glycolysis, Gluconeogenesis, and Pyruvate Metabolism",-0.04882937477006202,-0.009002179759866343,-0.028188897953235623,-0.021786323710331363,-0.011457714488983264,-0.05267436041506555,-0.05210024274466538,-0.0007818614769372222,0.37500012329031535,0.49869109947643975,0.41047618208839015,0.5372936035403145,1.0,0.0,0.4987005149145447,0.4131837614721953,0.5365705245950164,1.0
phosphoethanolamine,Lipid,Glycerolipid Metabolism,0.034290636388189605,0.002274441689668889,0.03263753109748647,0.003018567107646451,-0.003778845159108239,0.008761523246728619,0.0172513161878467,0.00854994213488846,0.37500012329031535,0.7198952879581152,4.13286039709514,0.26994954127391385,1.0,0.0,0.7198877717426199,3.9848195198535095,0.24874696379320085,1.0
phosphopantetheine,Cofactors and Vitamins,Pantothenate and CoA Metabolism,-0.14334949500474026,-0.1390530169743116,-0.14350353965690335,-0.13807750279903114,-0.12961420621358546,-0.13225748370352602,-0.14499061637611133,-0.12925386736875089,0.37500012329031535,0.09816753926701571,5.759172322753583,0.10204448956173374,1.0,0.0,0.09816120292255737,21.593000156205665,0.05762157533399337,1.0
phosphoric acid (spectral match),,,0.10713633122369046,0.09290808281104289,0.12038855579780162,0.0900085330477941,0.08770291658813624,0.12260369515933643,0.11974071015334503,0.11066285115351396,0.37500012329031535,0.09685863874345549,0.023539743352880338,0.9160590603996462,0.0,67.44305026178013,0.0968642859894449,0.023605524733742975,0.9178469166557356,0.0
phytosphingosine,Lipid,Sphingolipid,-0.15544209712054527,-0.13310906768134972,-0.11847836671893498,-0.13382805609609458,-0.13099850150804546,-0.14575620049436633,-0.1560159096404462,-0.13999343692632074,0.37500012329031535,0.43586387434554974,9.03218517339247,0.1040691949873444,1.0,0.0,0.43586553154333113,8.133232403267835,0.09986606859591612,1.0
picolinate,Amino Acid,Tryptophan Metabolism,0.019661310689330542,0.021912896587543564,0.01982336489466722,0.01610548459170718,0.023652230608093308,0.026975438547019785,0.024092093623866644,0.022426662427733217,0.37500012329031535,0.08115183246073299,0.040722920200221654,0.8465393494854879,1.0,0.0,0.081152329956213,0.04121561123249131,0.8466831179697957,1.0
pimeloylcarnitine/3-methyladipoylcarnitine (C7-DC),Lipid,"Fatty Acid Metabolism (Acyl Carnitine, Dicarboxylate)",-0.030040960150304663,-0.01487099707494769,-0.013190680105240793,-0.01488425513964251,-0.022116434277092503,-0.031248772092992726,-0.028969948881718558,-0.014048505437067961,0.37500012329031535,0.06806282722513088,0.058856071047968736,0.5854363896583659,0.0,62.00290366492149,0.06806117338880542,0.06207596992057574,0.5795758446618264,0.0
pipecolate,Amino acid,Lysine Metabolism,-0.009337701693433653,-0.002541724905909569,0.004663330446139389,-0.003276583993595331,-0.008897796470254066,0.0014074206543256839,0.0035315369113055987,0.014191456860002952,0.37500012329031535,0.7198952879581152,74.5712381239889,0.13528248915694485,1.0,0.0,0.7198877717426199,393.33523647024685,0.11287476364745878,1.0
piperidine,,,-0.12213256244846192,-0.12219257899141939,-0.10600391684442807,-0.1221990819534405,-0.11827749426806979,-0.1195256275160934,-0.10891727847837117,-0.11763952542005147,0.37500012329031535,0.048429319371727744,0.8822552458465427,0.4101018678775984,0.0,83.07490680628271,0.04842893280429395,0.8789938033516682,0.422660761131818,0.0
piperine,Xenobiotics,Food Component/Plant,0.1351783009469246,0.17247899091829472,0.1965879278582208,0.16899813737170014,0.17319378764294624,0.1677187119840425,0.19235764378679446,0.17854749047763102,0.37500012329031535,0.5994764397905759,1.0189452053971182,0.5265387049532471,0.0,65.12841256544502,0.5994722446935552,1.0244637786844744,0.5149027235619005,0.0
pivaloylcarnitine,Xenobiotics,Drug,-0.12058714410340762,-0.12417590121606731,-0.12297431146963601,-0.12672559717654988,-0.13167883446430725,-0.12164458007945558,-0.12492377568740577,-0.14363027172463663,0.37500012329031535,0.041884816753926704,0.1058508760997973,0.47578406813911955,0.0,70.67638115183243,0.04188784878719006,0.10508774089276156,0.49022143545396174,0.0
porphine,,,0.10136481499049606,0.09260556725512788,0.1179747825057992,0.0915676681385601,0.08777498548742385,0.11706839517370277,0.11116803492172811,0.11795797534320093,0.37500012329031535,0.09685863874345549,0.020245478129507,0.9165029179658217,0.0,66.45393821989528,0.0968642859894449,0.020345726878587437,0.9178331597270538,0.0
pregn steroid monosulfate,,,-0.08554468773161658,-0.06135296617304763,-0.051468594047786344,-0.06157050020460247,-0.05576322067145727,-0.08353565497708504,-0.08146732404870465,-0.05665743883404638,0.37500012329031535,0.21858638743455497,0.2423527446694544,0.803160445450726,0.0,54.89320942408377,0.2185805822001361,0.24141001938622206,0.7908261782206155,0.0
pregnanediol-3-glucuronide,Lipid,Sterol/Steroid,-0.17237879322273703,-0.15227777500728729,,-0.15425987370325953,,-0.1615884538645314,-0.15781291238097603,,0.37500012329031535,0.02356020942408377,0.037586193798286475,0.553952023965895,0.0,85.37203036649214,0.02356022959281945,0.052195140419117526,0.6154312059113441,0.0
pregnen-diol disulfate,,,0.1400556948158557,0.14547508096779085,0.15372625697189274,0.14410120259402542,0.14762298806080926,0.15339184907083014,0.13713329686744485,0.18631708596290772,0.37500012329031535,0.6112565445026178,0.7831410371540862,0.5861330030061611,0.0,70.09136020942411,0.6112497913376221,0.7857047503843534,0.5747515187010968,0.0
pregnenetriol disulfate,,,-0.03242641266923709,-0.024366121133973576,0.008245117527451775,-0.02047733175648657,-0.021816619310306415,-0.039101529919500264,-0.03589101741912954,0.010504658664378788,0.37500012329031535,0.1950261780104712,0.11166117068720752,0.8264397246005432,0.0,49.88690471204189,0.19502035260731665,0.11199011111759892,0.8216677468432675,0.0
pregnenetriol sulfate,,,-0.041967002068938795,-0.013796348465001405,-0.0068870254053709674,-0.014727077293721027,-0.012858974745005315,-0.034837886071683914,-0.038247352017197714,-0.014481612789718127,0.37500012329031535,0.06806282722513088,0.07261232520475544,0.5843806551253532,0.0,73.18819790575917,0.06806117338880542,0.07489228161176939,0.5791607411376275,0.0
pregnenolone sulfate,Lipid,Pregnenolone Steroids,-0.03952057330320137,-0.004189865622144363,-0.008027615442352016,-0.006453093388409644,-0.018086299788448414,-0.029358762366564282,-0.019934996797482642,-0.013193614007117039,0.37500012329031535,0.06806282722513088,0.05075724152121416,0.5849109971040682,1.0,0.0,0.06806117338880542,0.05079612770461811,0.5793137852565047,1.0
pro-hydroxy-pro,Amino Acid,Urea cycle; Arginine and Proline Metabolism,-0.1951183893194861,-0.1893141228125061,-0.1974673765792313,-0.18936147740045836,-0.19810218072426825,-0.21007802427114491,-0.21254713333197367,-0.18758550919108594,0.37500012329031535,0.34554973821989526,35.00104910122319,0.08816132029441773,0.0,59.634478534031416,0.3455500340280186,25.941564212399044,0.07764467061560147,0.0
proline,Amino Acid,Urea cycle; Arginine and Proline Metabolism,0.054779385272518,0.08196761967371483,0.06682204959116075,0.08036353796522586,0.09370835916256172,0.03181819188507358,0.02264160245601943,0.10961635112798863,0.37500012329031535,0.8167539267015707,2.810967434922018,0.2846945064209562,1.0,0.0,0.8167520577320646,3.1162533453499903,0.2157078508953044,1.0
prolylalanine,Peptide,Dipeptide,0.02773966318275593,0.03838573299407072,0.02995658894562711,0.03889705447807811,0.037162158127978316,0.02617133178581776,0.027665151136480323,0.033015162367378635,0.37500012329031535,0.08115183246073299,0.05296470576651948,0.8470103355684706,0.0,58.799278534031416,0.081152329956213,0.05206146841476044,0.845389494618651,0.0
prolylglutamate,Peptide,Dipeptide,0.03684095467863352,0.03627623905903924,0.021456965960594935,0.031922811598951835,0.036275962613994815,0.02133918806909684,0.021307617124625297,0.016104815303704893,0.37500012329031535,0.08115183246073299,0.05741823051515722,0.8486871393820359,0.0,70.20414450261784,0.081152329956213,0.059455100289729675,0.8463279039745584,0.0
prolylglycine,Peptide,Dipeptide,-0.10766962953727294,-0.09363351464439149,-0.07659291774543944,-0.0920058851523137,-0.09889432881532471,-0.12295151724312049,-0.12340301932816759,-0.08840860779339622,0.37500012329031535,0.41361256544502617,14.291002711480315,0.11544070869871789,0.0,52.76565026178007,0.41361120741682394,10.499678274770794,0.07563385981669941,0.0
prolylleucine,Peptide,Dipeptide,0.02638384406652016,0.02158461082242224,0.04639561175829965,0.032055505220274644,0.03278552383389861,0.02147441790985885,0.029915028233221397,0.017706697938219922,0.37500012329031535,0.08115183246073299,0.08818852719528092,0.8415200591349632,0.0,73.0744659685864,0.081152329956213,0.08912459561281096,0.8433185286043271,0.0
prolylmethionine,,,-0.11798917744128888,-0.1299089843862622,-0.13285410996972272,-0.12798008290266688,-0.14360420788080716,-0.12512252996776418,-0.11913449973190814,-0.11823156554107347,0.37500012329031535,0.041884816753926704,0.07568948820244306,0.47774942262957665,0.0,79.85755602094243,0.04188784878719006,0.07471001103310669,0.4926535090843423,0.0
propionylcarnitine,Lipid,Fatty acid metabolism (also BCAA metabolism),0.023842665004244343,0.02741791434611093,0.04170856978541309,0.024700970673702496,0.03254281458368317,-0.008259531251375305,-0.000431243586949571,0.021398105936610515,0.37500012329031535,0.6714659685863875,13.306636266510875,0.08460166556663723,1.0,0.0,0.6714588389383259,15.112140801939603,0.07770559504679064,1.0
propyl 4-hydroxybenzoate sulfate,Xenobiotics,Benzoate Metabolism,-0.04001946477796203,-0.007298469460924094,-0.01832504010652954,-0.0070936038153168145,-0.021316018268465395,-0.02940014955546968,-0.03391954894001591,-0.021736026145711344,0.37500012329031535,0.06806282722513088,0.1043013637836414,0.5830597727397256,0.0,67.92560942408377,0.06806117338880542,0.10481123908384848,0.5798811977163444,0.0
prostaglandin A2,Lipid,Eicosanoid,-0.0361436550218002,-0.014041479931494034,0.0027292265377875215,-0.013618554011300896,0.002854892691665218,-0.028995556812334913,-0.03149040670500111,-0.006405532460156336,0.37500012329031535,0.06806282722513088,0.089278505155805,0.583888800982952,1.0,0.0,0.06806117338880542,0.08976183776889014,0.5788342023125732,1.0
prostaglandin E2,Lipid,Eicosanoid,-0.12688884391718666,-0.09581281654037864,-0.08860540987216839,-0.09283387448435669,-0.09641102397865994,-0.11818842384427164,-0.12378664474304212,-0.09135219399114587,0.37500012329031535,0.10340314136125654,0.5663291564433026,0.2853915350308532,1.0,0.0,0.1033989496256918,0.5733711386537076,0.27707813915512813,1.0
prostaglandin F2alpha,Lipid,Eicosanoid,-0.034647086144394997,-0.014809217746232069,-0.008167843258988406,-0.016675040445946355,0.002467994989665946,-0.022914151235580563,-0.028073944095608032,-0.0011094712240738596,0.37500012329031535,0.1950261780104712,0.17061855066234116,0.8173063940989063,1.0,0.0,0.19502035260731665,0.16993401261639815,0.8136413976427556,1.0
pseudoephedrine,Xenobiotics,Drug,-0.06119247258354348,-0.05778775731719486,-0.057377528045575645,-0.05738477035788423,-0.04087414162184642,-0.07713974859723993,-0.07389073934398584,-0.05076676595567689,0.37500012329031535,0.23167539267015708,0.15900344235266997,0.8311291924180815,0.0,63.781469109947636,0.23167302284371508,0.1608671878149364,0.8157785640176832,0.0
pseudouridine,Nucleotide,"Pyrimidine Metabolism, Uracil containing",0.01703580647202238,0.012142188281769316,0.000556876788456907,0.0112948064784892,0.018645000445646976,-0.003291268585658171,0.013162814177787287,0.006739468717061336,0.37500012329031535,0.6714659685863875,13.138503949161015,0.09355262566979876,0.0,64.49231099476442,0.6714588389383259,15.917043392914763,0.08069230239023696,0.0
pterin,Cofactors and Vitamins,Pterin Metabolism,0.11888227496661584,0.12668604164017208,0.12977885121997484,0.12608375345452932,0.13317996727750056,0.1087076048073315,0.11136755973163794,0.13282780468921196,0.37500012329031535,0.2513089005235602,0.49484564717768126,0.6059605641599096,0.0,64.60348691099472,0.25130911565674074,0.49413128857084904,0.6320251274750882,0.0
putrescine,Amino acid,Polyamine metabolism,0.09832345112354132,0.0719852692507698,0.11404870433589186,0.07304806206985785,0.08289530011131001,0.05467296549520045,0.07716855179626306,0.12125806417557798,0.37500012329031535,0.6531413612565444,6.61697677991841,0.10469630984316858,1.0,0.0,0.653140208277155,8.15971374078031,0.11894273492069835,1.0
pyridoxal,Cofactors and Vitamins,Vitamin B6 Metabolism,-0.17393061437585702,-0.1562887107414979,-0.1452299077668678,-0.1566486460712271,-0.15526687677190854,-0.183994618119058,-0.16550659847026325,-0.15609310694363185,0.37500012329031535,0.3089005235602094,0.3848947469700057,0.6271955086225192,1.0,0.0,0.30889864786779153,0.38488948663953,0.6241091921332971,1.0
pyridoxal phosphate,Cofactors and Vitamins,Vitamin B6 Metabolism,-0.11555718949505053,-0.09710243449021358,-0.06499154964610716,-0.09931039428044841,-0.07760403256881401,-0.1032130372263007,-0.09280453342161837,-0.06389999127189377,0.37500012329031535,0.10471204188481675,0.14231484222357438,0.627626853034877,1.0,0.0,0.10471384362520386,0.14346483349625053,0.6363198183626562,1.0
pyridoxamine,Cofactors and Vitamins,Vitamin B6 Metabolism,-0.07083092205665957,-0.06715132792978494,-0.0552302853729973,-0.06666566258344754,-0.06345316372600622,-0.09524074414313712,-0.08153191541834844,-0.05611733763290273,0.37500012329031535,0.23167539267015708,0.14320686205736366,0.8100272323270084,1.0,0.0,0.23167302284371508,0.1427975717341444,0.8011645845384785,1.0
pyridoxamine phosphate,Cofactors and Vitamins,Vitamin B6 Metabolism,-0.07800418668546312,-0.04667261382308733,-0.013220017703981362,-0.04928314927258467,-0.02766157208401187,-0.0812833287760763,-0.07231464925462848,-0.030287958279052823,0.37500012329031535,0.23167539267015708,0.15120078354572636,0.8068582750535034,1.0,0.0,0.23167302284371508,0.15105487280121294,0.8000969894544138,1.0
pyridoxate,Cofactors and Vitamins,Vitamin B6 metabolism,0.016734973795708222,0.028285006333476713,0.013071750998317708,0.02391119168672169,0.01583889875192767,0.022885778908970873,0.019583115044910702,0.046689566783082795,0.37500012329031535,0.4162303664921466,1.6976838615431684,0.3145007064585129,1.0,0.0,0.41622430242561986,1.746231008076241,0.29147384796999504,1.0
pyridoxine (Vitamin B6),Cofactors and Vitamins,Vitamin B6 Metabolism,-0.01998656576136395,-0.010631635630514178,0.016218841754720936,-0.007744986003839418,0.004498428551925245,-0.0320965982189878,-0.027018324190599234,-0.0017071314394427215,0.37500012329031535,0.1950261780104712,0.12523086881662263,0.82300353557265,1.0,0.0,0.19502035260731665,0.1250131836833491,0.8174929526488123,1.0
pyroglutamine,,,0.06081386272253863,0.05768495529358745,0.002681404379421421,0.05792753275661871,0.04091286452123496,0.015017486155829641,0.037586858353284555,0.03783114853373052,0.37500012329031535,0.6714659685863875,9.363948129762223,0.08932366291436626,0.0,65.2921570680628,0.6714588389383259,9.013039999944931,0.08343298746498007,0.0
pyroglutamylvaline,Peptide,Dipeptide,0.20100024915610853,0.21026063862578306,0.21838454163057722,0.21217122545333905,0.2125077203463056,0.21663204439480868,0.2125960832694489,0.20439602723310377,0.37500012329031535,0.11910994764397906,2.144395595413775,0.2332746054180117,0.0,76.55132984293195,0.11910320120189528,2.236707602169746,0.24130441086611132,0.0
pyrophosphate (PPi),Energy,Oxidative Phosphorylation,-0.008847884726693437,-0.004742272149117213,-0.016988773508248123,-0.004355980441101761,-0.02003312361533054,-0.00763990703977326,-0.008174324773741725,-0.03113849017798647,0.37500012329031535,0.38219895287958117,30.70790525962706,0.09537593436771157,1.0,0.0,0.38220912464527396,40.74498507846376,0.0844133993058685,1.0
pyrraline,Xenobiotics,Food Component/Plant,-0.03071354907228097,-0.017054724029831235,0.0023016698103086345,-0.017017820301906777,-0.011543777899064975,-0.028632272754332957,-0.027870252334630873,-0.00493575863266048,0.37500012329031535,0.06806282722513088,0.07848785509606912,0.5845460919439665,0.0,67.14922617801042,0.06806117338880542,0.07860659770127398,0.5794821962789546,0.0
pyruvate,Carbohydrate,"Glycolysis, Gluconeogenesis, and Pyruvate Metabolism",0.17475039563133735,0.17992692731599563,0.2099343537624486,0.17796902619950725,0.18688898651983543,0.1757527458354725,0.1814959567562514,0.16683161290818876,0.37500012329031535,0.6439790575916231,1.236781936466862,0.42769833772740184,1.0,0.0,0.6439770407180553,1.2462990574700723,0.42642790384300183,1.0
quebrachitol,Xenobiotics,Food Component/Plant,-0.19380800935600462,-0.18711238615711187,-0.18413948116344575,-0.1873814856755055,-0.1879072080222935,-0.19759799432502076,-0.19761518509384096,-0.19337645181982693,0.37500012329031535,0.06544502617801047,0.31197213723340567,0.609999044004989,0.0,75.59021570680628,0.0654480783800095,0.31690205006040867,0.5855993699840149,0.0
quinate,Xenobiotics,Food Component/Plant,0.05783186071015245,0.0675655368571389,0.03587270343541976,0.06337469174926438,0.06141400736786678,0.07201383408431838,0.07570815115334353,0.05931833292652225,0.37500012329031535,0.5327225130890052,9.039720446109119,0.08471212718467332,0.0,60.05963874345551,0.5327144086187192,10.65812715693422,0.07381216540726242,0.0
quinolinate,Cofactors and Vitamins,Nicotinate and Nicotinamide Metabolism,0.007220909471372811,-0.009490710923860977,0.04655076450715844,-0.00968672562425697,0.014242973222015535,0.02518560639525701,0.015560302549732076,0.07117723576099481,0.37500012329031535,0.6767015706806283,5.585116096750121,0.1280695205794895,1.0,0.0,0.67670557417466,6.163012728649833,0.11308546719909106,1.0
ranitidine,Xenobiotics,Drug,0.12896582281020394,0.12939882153531962,0.1352775142713817,0.12947868762278908,0.13427714580096764,0.1203004993752676,0.12436051053638816,0.13030178589447639,0.37500012329031535,0.18324607329842932,0.29664691245832236,0.6027948288975957,0.0,57.42374554973824,0.1832479422679353,0.29776735352065137,0.6245268552624993,0.0
retinol (Vitamin A),Cofactors and Vitamins,Vitamin A Metabolism,-0.07797729692715562,-0.08600175689007876,-0.05359856621029216,-0.08603353323710715,-0.08172274801075981,-0.0722170047773561,-0.07237837112502156,-0.03708162150421777,0.37500012329031535,0.23167539267015708,0.10851242053560449,0.8151941887150556,1.0,0.0,0.23167302284371508,0.11058234368254694,0.8073577400015823,1.0
ribitol,Carbohydrate,"Nucleotide sugars, pentose metabolism",0.07650172777200533,0.028014632196533787,0.014324982529618396,0.03065449355132471,0.04729612394988311,0.04535320242815857,0.06204219241587929,0.03773287655698733,0.37500012329031535,0.6361256544502618,3.4454447551608283,0.12470271919905791,1.0,0.0,0.6361210627014394,3.5182325596094173,0.11591406212257897,1.0
riboflavin (Vitamin B2),Cofactors and Vitamins,Riboflavin Metabolism,-0.10611919008871072,-0.10472117965821957,-0.08979450510301161,-0.10225935449231506,-0.10003326419025856,-0.12922679838951412,-0.10762869100898333,-0.0865379202882544,0.37500012329031535,0.4698952879581152,0.3539902317519742,0.5095898537052441,1.0,0.0,0.4698974023139053,0.35398676513259986,0.5160070210053654,1.0
ribonate,Carbohydrate,Pentose Metabolism,-0.07819979068197291,-0.08393446971966698,-0.05315216280510057,-0.08495867677778862,-0.07469156688424952,-0.08886638887383494,-0.07339770793468742,-0.06703875395125176,0.37500012329031535,0.23167539267015708,0.08246522628749639,0.8277310259418509,0.0,53.43559895287957,0.23167302284371508,0.08279792943238073,0.8168541298726083,0.0
ribose,Carbohydrate,"Nucleotide sugars, pentose metabolism",0.032835034034500075,-0.009387588729442368,0.02483906759555648,-0.0012059081118429692,0.017919571401155118,0.004732792077007089,-0.004414432698890714,0.03525954383061815,0.37500012329031535,0.6714659685863875,5.123716114977152,0.1029978745566743,1.0,0.0,0.6714588389383259,5.73753624897256,0.08933876714900053,1.0
ribose 1-phosphate,Carbohydrate,Pentose Phosphate Pathway,-0.0398356717455923,-0.01695703302681677,-0.004709864047118593,-0.017088963457673478,-0.023374618273059304,-0.03303685252110028,-0.040809997767866014,-0.0038883398039115708,0.37500012329031535,0.06806282722513088,0.0812666017901289,0.583139755819061,1.0,0.0,0.06806117338880542,0.08065294977958866,0.5788914752683928,1.0
ribose 5-phosphate,Carbohydrate,"Nucleotide sugars, pentose metabolism",0.18844259244688574,0.19528643093928288,0.17828355159351134,0.1881919248077057,0.1683250843787632,0.1825037959168203,0.18483783299722115,0.1896652104068949,0.37500012329031535,0.4594240837696335,1.0918249412031762,0.4424691576398415,1.0,0.0,0.45941677260295083,1.097278715373778,0.36156507015220174,1.0
ribulonate/xylulonate/lyxonate,,,-0.08849530650281533,-0.08032048102173851,-0.06029150140961474,-0.07932307239055719,-0.0814305852723574,-0.09123423501689996,-0.09581865156418493,-0.07479722604521673,0.37500012329031535,0.23167539267015708,0.11538112643245961,0.818277242259053,0.0,57.56649738219897,0.23167302284371508,0.11578275438778525,0.8100165119986039,0.0
ribulose,Carbohydrate,"Nucleotide sugars, pentose metabolism",0.08790831315225671,0.07556938568892865,0.08518935791934995,0.07324961043887998,0.07387891117160596,0.07383636787927474,0.0832248546844028,0.06479139985404742,0.37500012329031535,0.4044502617801047,4.033981986988445,0.12983100459047592,1.0,0.0,0.4044480398577243,4.347129278220958,0.1435258412722054,1.0
ribulose 5-phosphate,Carbohydrate,Pentose Phosphate Pathway,0.07037698777267744,0.07439605948621668,0.08353418941403531,0.0697681554510641,0.07105906243515857,0.08451317224458023,0.08367451402398304,0.0986884259105223,0.37500012329031535,0.2238219895287958,0.15423827042699845,0.7429985786687456,1.0,0.0,0.22382346520795612,0.1542353627146608,0.7361481423467864,1.0
ribulose/xylulose,Carbohydrate,Pentose Metabolism,-0.02196727744946323,-0.026591546269134236,-0.0033618799596518275,-0.024988529787126762,-0.02083400659647804,-0.02211473151036411,-0.017798281124643583,0.0029731842879404985,0.37500012329031535,0.12696335078534032,0.05585606165007624,0.6311272247860276,0.0,61.53493193717277,0.12695917921851127,0.0553753102288882,0.6135495224854988,0.0
ribulose/xylulose 5-phosphate,,,-0.1804342849286499,-0.17425024735829417,-0.1790216502962101,-0.1743427178897998,-0.17292545521405017,-0.15350866252836504,-0.16357792091995352,-0.1590044333948975,0.37500012329031535,0.3691099476439791,5.703700411495191,0.12795784522807752,0.0,66.74197486910997,0.36911154769700943,6.508723135087429,0.10997042312416921,0.0
rocuronium,Xenobiotics,Drug - Neurological,-0.08785599369641127,-0.06350411255096783,-0.046016641853586254,-0.06526066335257338,-0.051434471593957,-0.07830059484483555,-0.0828609384796178,-0.0403794093496343,0.37500012329031535,0.23167539267015708,0.0965240037842775,0.8263976455052146,0.0,51.16189214659687,0.23167302284371508,0.0960781548519986,0.8164163889879803,0.0
saccharopine,Amino Acid,Lysine Metabolism,0.0513448750256091,0.07711113272952527,0.07616448414145144,0.07230239698858788,0.09753398993264922,0.07095426347081935,0.07652242946917989,0.07705074627183364,0.37500012329031535,0.39267015706806285,1.1281011961525116,0.40537923341705195,1.0,0.0,0.3926640728328004,1.1344458887019426,0.3917298145049705,1.0
salicylate,Xenobiotics,Drug,-0.08357038518699687,-0.06188953539879155,-0.024885707931438933,-0.062316541758226415,-0.0477300475620976,-0.07569474376314664,-0.07201821329743563,-0.05069193808548077,0.37500012329031535,0.23167539267015708,0.0925931104141367,0.8299142765841863,0.0,54.07823246073298,0.23167302284371508,0.09257561865746337,0.8192763192738889,0.0
sarcosine,Amino Acid,"Glycine, Serine and Threonine Metabolism",0.052809097340139,0.019509018060785987,0.010161186369090625,0.020090690588170625,-0.0005988562795229608,0.02294113599394177,0.03989850687207108,0.05375732219493029,0.37500012329031535,0.5340314136125655,3.0269552561782804,0.18843222065957202,1.0,0.0,0.5340305866944027,3.516098835795257,0.16502169253109597,1.0
scyllo-inositol,Lipid,Inositol Metabolism,0.1100481948800707,0.11051075956350447,0.1226688425555092,0.11221353062771444,0.12648072704399055,0.1391195496782737,0.12803718893284782,0.10065457198539489,0.37500012329031535,0.5366492146596858,20.21524276743167,0.13166060662103723,0.0,74.55198115183245,0.5366501020840556,93.18982025406184,0.08591781711128721,0.0
sebacate (decanedioate),Lipid,"Fatty Acid, Dicarboxylate",-0.22151363505536767,-0.2104195294725792,-0.18881028773775102,-0.21056387370746793,-0.20374474816872315,-0.23296086786341005,-0.23537442731424457,-0.20546920688965345,0.37500012329031535,0.23429319371727747,9.257191435224657,0.10788288560491566,1.0,0.0,0.234286117852511,10.023409084942474,0.10794609834462317,1.0
sedoheptulose,Carbohydrate,Pentose Metabolism,-0.03225118823243918,-0.031544352636843125,-0.02224369914852736,-0.03277642850699205,-0.0242102648940151,-0.042311330205834094,-0.031048773100938277,-0.011848717836894602,0.37500012329031535,0.1950261780104712,0.16088416051653037,0.8048247164329998,0.0,63.00831937172778,0.19502035260731665,0.1609923377726306,0.8015004495646995,0.0
sedoheptulose-7-phosphate,Carbohydrate,"Nucleotide sugars, pentose metabolism",-0.12789155684704467,-0.11337182815962486,-0.09390906663254435,-0.11240669546437204,-0.10118983223399942,-0.1179087491627236,-0.11875203993561152,-0.12576238800463518,0.37500012329031535,0.5170157068062827,7.438672251949244,0.10151719268980633,1.0,0.0,0.5170178614995441,6.67400975812759,0.1228251959260709,1.0
serine,Amino acid,"Glycine, Serine and Threonine Metabolism",0.07658104813537674,0.07435011535010635,0.11561447281022882,0.07855803466779646,0.11700124193432694,0.021242097891301978,0.04365785635980508,0.12799907229911917,0.37500012329031535,0.8167539267015707,3.2350427516517,0.26407789976405366,1.0,0.0,0.8167520577320646,3.7718323390928883,0.21309484788912866,1.0
serotonin (5HT),Amino Acid,Tryptophan Metabolism,0.12762305804011556,0.12886248314277102,0.12220314261909129,0.12584346466506494,0.1256043279009472,0.13668201012615255,0.15561361008151342,0.12897594188308442,0.37500012329031535,0.16753926701570682,2.0342292740481316,0.28081819958855525,1.0,0.0,0.16753213400618927,2.0252620825932515,0.292887729209589,1.0
serylisoleucine,,,-0.03933958933020136,-0.06253055145872126,-0.04432253008360803,-0.06935987766369893,-0.05628623402484819,-0.036458769166116546,-0.04679807091896477,-0.04471938403584535,0.37500012329031535,0.12303664921465969,0.13559731853722892,0.7516857978619158,0.0,63.66550157068066,0.12304017874340305,0.13518393036583146,0.7523053422085644,0.0
serylleucine,Peptide,Dipeptide,0.05059736577983938,0.051117220403522276,0.05503623324834085,0.051246311930855985,0.04780470305535312,0.04100930566576142,0.04162053481111596,0.05324650342142732,0.37500012329031535,0.32460732984293195,20.90926038779115,0.0797886474845628,0.0,62.083594764397866,0.32460161536782356,24.4189752594568,0.08590555226150103,0.0
serylphenyalanine,Peptide,Dipeptide,-0.12221926182644412,-0.14441931142161424,-0.12203848438359452,-0.14383563631326934,-0.13813369608826243,-0.13080467331181259,-0.14125944323695888,-0.11949548463754348,0.37500012329031535,0.2054973821989529,16.253998399492406,0.08918610382376352,0.0,67.91908481675395,0.20549841416592832,12.297742581640236,0.09260433131333397,0.0
seryltyrosine,Peptide,Dipeptide,0.20123774036364142,0.19071261433568693,0.19255373234719844,0.1911912299369585,0.18919507667508967,0.19859593007059814,0.1978172363071596,0.21573685397436926,0.37500012329031535,0.11910994764397906,1.3038970696248886,0.3348368558910292,0.0,70.16111623036647,0.11910320120189528,1.2956719719706273,0.3414050210465418,0.0
serylvaline,Peptide,Dipeptide,-0.04051504417229276,-0.05568557707096442,-0.04156275193487472,-0.053139539977847566,-0.052571661593170484,-0.03732916119586033,-0.034575336321711184,-0.04680725011268259,0.37500012329031535,0.12303664921465969,0.09410955017321089,0.7356592986055813,0.0,62.31357486910995,0.12304017874340305,0.09521396361680602,0.7315239243188715,0.0
solanidine,Xenobiotics,Food Component/Plant,-0.025280883899775557,-0.02293705456134306,-0.009348109170598659,-0.02240684298605368,-0.005740202809269032,-0.026346447006544448,-0.030676699401430824,-0.007057952942788158,0.37500012329031535,0.06806282722513088,0.12056233809882125,0.5800927843811047,0.0,63.62063769633508,0.06806117338880542,0.12029637232572048,0.576554891301758,0.0
sorbitol,Carbohydrate,"Fructose, mannose, galactose, starch, and sucrose metabolism",0.14353600600920183,0.1400773521821357,0.1523692898277743,0.14002989147224948,0.13013004501819783,0.14130905829842275,0.1380541614025907,0.16178276055921625,0.37500012329031535,0.5013089005235603,8.116510848161337,0.0990551642881578,1.0,0.0,0.5013123258471692,9.28806696212341,0.08715222462382294,1.0
sorbitol 6-phosphate,Carbohydrate,"Fructose, mannose, galactose, starch, and sucrose metabolism",-0.10879105656262691,-0.1116831599339844,-0.1286049753851927,-0.10884318488623591,-0.12604256463820623,-0.1270020050067537,-0.11445252333512258,-0.14217870491382242,0.37500012329031535,0.041884816753926704,0.06639637578082586,0.477662313989755,0.0,81.28683664921465,0.04188784878719006,0.0696072798174434,0.49474368488276266,0.0
spermidine,Amino Acid,Polyamine Metabolism,0.011310868822682398,-0.003844011261330587,-0.0043146118934408685,-0.004009344267758301,0.022413860625717007,-0.04590118855227316,0.024558112591041733,0.031031149982763264,0.37500012329031535,0.7198952879581152,39.08711522087241,0.1471977990480692,1.0,0.0,0.7198877717426199,24.87224663734376,0.11603364388860242,1.0
spermine,Amino Acid,Polyamine Metabolism,0.036750547591037463,0.03958001351513293,0.06266977869162448,0.04004109550684837,0.049391298526440815,0.0426127767553469,0.032258172696700414,0.04981444667363544,0.37500012329031535,0.531413612565445,29.08485535142984,0.06421282665975814,1.0,0.0,0.5314085031524071,26.04843814940107,0.09804745080096777,1.0
sphingadienine,Lipid,Sphingolipid,-0.07088889904416132,-0.06077814924018006,-0.042876126340576456,-0.06293468340645664,-0.04805612004185187,-0.09231771993020566,-0.09553112944141379,-0.045562631213372846,0.37500012329031535,0.23167539267015708,0.10508339413323753,0.82374458904018,0.0,50.69843979057595,0.23167302284371508,0.1052532970821377,0.8129639004450735,0.0
sphinganine,Lipid,Sphingolipid,-0.14959039416693187,-0.13306773748310205,-0.14156683584640775,-0.13151780950345413,-0.1465821774861652,-0.15085318833347108,-0.1548141726883186,-0.1484808743572944,0.37500012329031535,0.5523560209424084,8.56392458581524,0.09496946122707614,1.0,0.0,0.5523556377364305,7.65620849504128,0.08034075393101278,1.0
"sphingomyelin (d17:1/14:0, d16:1/15:0)",,,-0.08841717609549318,-0.05428949590432152,-0.05162803970084052,-0.05448829457009457,-0.059129465849806336,-0.0817513514129171,-0.08887481161342886,-0.05761851739119293,0.37500012329031535,0.23167539267015708,0.06781340287650442,0.8224043235761354,0.0,61.080035602094185,0.23167302284371508,0.06942430560835294,0.8129381299146708,0.0
"sphingomyelin (d17:1/16:0, d18:1/15:0, d16:1/17:0)",,,-0.08201567162155939,-0.06238072137079053,-0.06465212197879874,-0.06006952547305567,-0.05611532587948368,-0.08628016305337805,-0.08778770371752556,-0.05743670166707374,0.37500012329031535,0.23167539267015708,0.06318142521881717,0.8253536212582497,0.0,52.27130471204188,0.23167302284371508,0.06298570037838926,0.8156022085324062,0.0
"sphingomyelin (d17:2/16:0, d18:2/15:0)",,,-0.02919633806109146,-0.021291532081995534,-0.027341776954403006,-0.018842659692144652,-0.003015733950199746,-0.035751921196614404,-0.03992694023159651,-0.014261681161503092,0.37500012329031535,0.06806282722513088,0.06141141528099851,0.5844436049495547,0.0,64.86435497382195,0.06806117338880542,0.0602545369747949,0.5801792210222007,0.0
"sphingomyelin (d18:0/18:0, d19:0/17:0)",,,0.006013865393012409,0.039314838123810765,0.049530640007605174,0.046641375165124545,0.03825796662291021,0.02295049003488458,0.006592620339398522,0.040738002328406346,0.37500012329031535,0.3285340314136126,0.15552352130280436,0.8073357207969066,0.0,53.51360000000001,0.32853730883316,0.1560097241410736,0.8314366461328632,0.0
"sphingomyelin (d18:0/20:0, d16:0/22:0)",,,-0.07723635528921582,-0.04101666733384185,-0.041297246115347575,-0.03812630166225052,-0.04108009838699423,-0.0659790070832618,-0.07712097580250148,-0.05075513521381697,0.37500012329031535,0.23167539267015708,0.15917032780690926,0.8035311451021737,0.0,57.52493298429318,0.23167302284371508,0.1590355765717244,0.7993410381114651,0.0
"sphingomyelin (d18:1/14:0, d16:1/16:0)",,,-0.08011446749025325,-0.06067150759498494,-0.05855951271370694,-0.058032442674907626,-0.057788056740959555,-0.0906190507186395,-0.09058527636680254,-0.05285181269813223,0.37500012329031535,0.23167539267015708,0.0615543766360057,0.8250785511474994,0.0,54.65263350785341,0.23167302284371508,0.0613407076702531,0.8152148266451706,0.0
"sphingomyelin (d18:1/17:0, d17:1/18:0, d19:1/16:0)",Lipid,Sphingomyelins (SM),-0.09002422369088268,-0.05947649799308936,-0.0636791818833887,-0.055548526049906226,-0.055926688907725015,-0.07515546604657299,-0.0739022291097685,-0.06040776204325073,0.37500012329031535,0.23167539267015708,0.07301017058797857,0.8215642176705424,0.0,49.22984816753928,0.23167302284371508,0.07281867873555822,0.8128441713629183,0.0
"sphingomyelin (d18:1/18:1, d18:2/18:0)",Lipid,Sphingomyelins (SM),-0.08491226937319071,-0.0549278205856908,-0.056523496612720624,-0.0535695782470725,-0.056133703013041915,-0.07833241408330142,-0.07750824577095845,-0.056880110316473914,0.37500012329031535,0.23167539267015708,0.07726177274220689,0.822993197565842,0.0,54.79927015706809,0.23167302284371508,0.07702530058452359,0.8139338574334526,0.0
"sphingomyelin (d18:1/19:0, d19:1/18:0)",,,-0.0816315520727525,-0.05656249655807232,-0.030256593639700888,-0.05614309743365927,-0.03978361219984455,-0.07009034179038551,-0.07595453292705688,-0.04499763728337622,0.37500012329031535,0.23167539267015708,0.10642676982873057,0.8159053351661094,0.0,62.35381675392671,0.23167302284371508,0.1064083151139447,0.8065980961015665,0.0
"sphingomyelin (d18:1/20:0, d16:1/22:0)",,,0.0011600008298871308,0.02501389545670437,0.05454106997968053,0.029473746722794385,0.055149593945003635,0.019194973566300788,0.0073639206412633475,0.057066181534459866,0.37500012329031535,0.3285340314136126,0.08744548309028088,0.8097532883920555,0.0,50.82289005235602,0.32853730883316,0.08734581847295542,0.8308765370808402,0.0
"sphingomyelin (d18:1/20:1, d18:2/20:0)",,,-0.07306120605229756,-0.056411979974356534,-0.0598185147883137,-0.05637176361996077,-0.05321657634248085,-0.08089436314057236,-0.07835365161811908,-0.06901851581244577,0.37500012329031535,0.23167539267015708,0.07975693170930354,0.8223870277390272,0.0,57.96076439790574,0.23167302284371508,0.07943267644049175,0.8128186999569916,0.0
"sphingomyelin (d18:1/20:2, d18:2/20:1, d16:1/22:2)",,,-0.030392782657509602,-0.01927026399641072,-0.014345400448015001,-0.016640742545628383,0.002634834192017702,-0.037077268987612724,-0.03972436909682508,-0.00567269134825725,0.37500012329031535,0.06806282722513088,0.09819678800569476,0.5845091219312616,0.0,68.06984188481678,0.06806117338880542,0.0993011504521996,0.5784107789937797,0.0
"sphingomyelin (d18:1/21:0, d17:1/22:0, d16:1/23:0)",,,-0.08631170431363952,-0.06666876910500624,-0.055896830744189205,-0.06390985982310925,-0.053201184089576935,-0.07462915138026541,-0.08205303189223336,-0.05297447351473861,0.37500012329031535,0.23167539267015708,0.11173600256813765,0.8157244181141963,0.0,45.65733089005234,0.23167302284371508,0.11147087943954682,0.806642444753038,0.0
"sphingomyelin (d18:1/22:1, d18:2/22:0, d16:1/24:1)",,,-0.06312131701430905,-0.06589759384203829,-0.05426461566087379,-0.06576302157379259,-0.058421730996983404,-0.08959111511651695,-0.08397449136870153,-0.06872393896994049,0.37500012329031535,0.23167539267015708,0.0694271576511862,0.8244285770304209,0.0,59.77495811518325,0.23167302284371508,0.06913717801519174,0.8145835937139925,0.0
"sphingomyelin (d18:1/22:2, d18:2/22:1, d16:1/24:2)",,,-0.07755627113874197,-0.056815621923152454,-0.05460949569584804,-0.05507625056004635,-0.058123907278029706,-0.08974913645978924,-0.08632488974646914,-0.05914531659534995,0.37500012329031535,0.23167539267015708,0.07415018828713776,0.8244561640872747,0.0,55.67723769633506,0.23167302284371508,0.07400858898188553,0.8149569829272606,0.0
"sphingomyelin (d18:1/24:1, d18:2/24:0)",,,0.03479812198399828,0.02938846630987526,0.03804492193255038,0.035496721142084915,0.03549881941546338,0.005608226492608747,0.004653617720107694,0.030595853954457485,0.37500012329031535,0.3285340314136126,0.08214526257263943,0.8090972933617797,0.0,51.930465968586404,0.32853730883316,0.08206148842746613,0.8340940486387192,0.0
"sphingomyelin (d18:1/25:0, d19:0/24:1, d20:1/23:0, d19:1/24:0)",,,-0.026781156916315232,-0.01908071490105387,0.0016156421395503594,-0.021043327590048712,-0.006987137158315321,-0.032432130165255445,-0.03257430589236939,-0.0008787265249999968,0.37500012329031535,0.1950261780104712,0.12552707973444177,0.8195419349994112,0.0,66.99143141361255,0.19502035260731665,0.12536083115575572,0.8174963058935827,0.0
"sphingomyelin (d18:2/14:0, d18:1/14:1)",,,-0.0782424974001119,-0.05665814373690748,-0.07272275270445223,-0.05705909087182113,-0.06764871758790872,-0.07887257206418909,-0.08379037713797441,-0.07088761252160654,0.37500012329031535,0.23167539267015708,0.07048389135819545,0.8287316430393041,0.0,50.993850261780125,0.23167302284371508,0.07020845197264866,0.8186173200578981,0.0
"sphingomyelin (d18:2/16:0, d18:1/16:1)",,,-0.07643820573680651,-0.06398994632317287,-0.06977982880516405,-0.0629308938244347,-0.061760923534861845,-0.08270974613423408,-0.07828851205888346,-0.06967095083872636,0.37500012329031535,0.23167539267015708,0.06244657205330719,0.8266344019835401,0.0,58.79669319371731,0.23167302284371508,0.062247480889961966,0.8167577212781091,0.0
sphingomyelin (d18:2/18:1),,,-0.0922130518703016,-0.06542022814817855,-0.06895968839967559,-0.06452780497449388,-0.06577838575571858,-0.07342205882539454,-0.08231991876629645,-0.057671824178301516,0.37500012329031535,0.23167539267015708,0.08054661003579183,0.8249280729821441,0.0,50.144384293193724,0.23167302284371508,0.08100078787256708,0.8157863914447985,0.0
"sphingomyelin (d18:2/21:0, d16:2/23:0)",,,-0.07462184055348918,-0.05826473001736343,-0.04642399852846293,-0.05536090899034606,-0.05044143267834172,-0.08344838981901734,-0.08472279942905844,-0.05899196484286222,0.37500012329031535,0.23167539267015708,0.09119711470256994,0.8181901873767995,0.0,55.77227958115181,0.23167302284371508,0.09132560146194645,0.8084197069063199,0.0
"sphingomyelin (d18:2/23:0, d18:1/23:1, d17:1/24:1)",,,-0.0718930489779257,-0.07320470332470887,-0.05796813206444645,-0.07302855793813362,-0.06196054561598781,-0.0830613792968845,-0.07799742254915558,-0.05901891298168488,0.37500012329031535,0.23167539267015708,0.0744376897197829,0.8237069229025118,0.0,56.160411518324594,0.23167302284371508,0.07418126220817042,0.8141093359527048,0.0
sphingomyelin (d18:2/23:1),,,-0.07582191879166852,-0.06313887169999421,-0.03633432528648434,-0.06180695993868389,-0.052687485193269844,-0.08129748713262139,-0.07975419847138554,-0.043826366371825465,0.37500012329031535,0.23167539267015708,0.06848763938555819,0.8264932378425965,0.0,59.433665968586396,0.23167302284371508,0.06848935555941964,0.815267538552482,0.0
"sphingomyelin (d18:2/24:1, d18:1/24:2)",,,-0.0786803223380126,-0.06662506259235323,-0.060108057568775033,-0.06430564189808188,-0.060765807366878984,-0.09100486593449335,-0.08468261304663954,-0.05964182669616494,0.37500012329031535,0.23167539267015708,0.07023520972119954,0.8243310847886178,0.0,57.04834345549739,0.23167302284371508,0.07009937369076517,0.8144768043465697,0.0
sphingomyelin (d18:2/24:2),,,-0.06729882906596488,-0.052040645648592024,-0.05126214386038163,-0.05322625147287761,-0.052152181000941385,-0.08138895122781553,-0.07576399739980766,-0.048901776966288044,0.37500012329031535,0.23167539267015708,0.08522018168801981,0.8278533400582456,0.0,64.5930240837696,0.23167302284371508,0.08528704452762954,0.8170128037119325,0.0
sphingosine,Lipid,Sphingolipid,0.04452996761565295,0.046657281453315165,0.05085158897000631,0.04647131923222605,0.025983567018583033,0.024378944239786537,0.026886569572768214,0.02730877869707451,0.37500012329031535,0.6714659685863875,9.341602095924149,0.15099876827108483,1.0,0.0,0.6714588389383259,7.169093162233264,0.11196594189091107,1.0
squalene,Lipid,Sterol/Steroid,0.07128734188527185,0.09306892269229211,0.08127377659060632,0.09162097869469575,0.0769417085537272,0.07732172221066375,0.08856835677983237,0.08962395990927441,0.37500012329031535,0.27617801047120416,0.9134221261256337,0.497868495812271,1.0,0.0,0.27617525071587246,0.92486959822392,0.5136993401209641,1.0
stachydrine,Xenobiotics,Food Component/Plant,-0.13601628794080037,-0.12027833674267632,-0.12545031921601085,-0.12312845798496065,-0.09430619070136491,-0.12501261378879253,-0.11510543475148723,-0.10993885262207767,0.37500012329031535,0.49345549738219896,0.34892287833482977,0.577137949280417,0.0,64.03340523560212,0.4934576319067247,0.35071942164325914,0.5695232789641368,0.0
stearamide,Lipid,"Fatty Acid, Amide",0.07269681544047754,0.10176790545892558,0.08366891896882332,0.10276539869728028,0.09385781271972485,0.0654340634593169,0.07616689725129668,0.0824036520508413,0.37500012329031535,0.21335078534031413,8.58225789127724,0.17147306578518345,0.0,65.81265863874344,0.21333898326848746,8.462701875129229,0.0976184587714407,0.0
stearate (18:0),Lipid,Long Chain Fatty Acid,0.10762824197919373,0.11988922894078922,0.11302093868179289,0.11945831060013593,0.0996528788693283,0.0650843670216079,0.06851298143628573,0.10869969809030637,0.37500012329031535,0.7683246073298429,1.912080491503056,0.20130873803638993,1.0,0.0,0.7683231249277708,1.9044312866624302,0.18625208681360816,1.0
stearidonate (18:4n3),Lipid,Long Chain Fatty Acid,-0.13892383207187453,-0.11756685145139745,-0.10595966684024731,-0.12486004707590985,-0.1025028328360823,-0.1423760905133965,-0.14524248950230048,-0.08121484646604188,0.37500012329031535,0.3756544502617801,0.4504021291439697,0.4557648492900225,1.0,0.0,0.3756526317141133,0.4503567887816515,0.4609521926364006,1.0
stearoyl ethanolamide,Lipid,Endocannabinoid,-0.02847190524770179,-0.011563823585397814,-0.010989555905177565,-0.007290603432109941,-0.018614195960094917,-0.034124993312863845,-0.03191563023957052,-0.005643606072359762,0.37500012329031535,0.06806282722513088,0.04962443630099299,0.5865000679206075,0.0,71.47610575916231,0.06806117338880542,0.0492149496054686,0.580195098868105,0.0
stearoyl sphingomyelin (d18:1/18:0),Lipid,Sphingomyelins (SM),0.11339035603223692,0.16581897668113726,0.15946092669519363,0.1662776038612772,0.14686750114087718,0.12413537765110128,0.13705878073614658,0.147717471831934,0.37500012329031535,0.7264397905759162,2.694501070259241,0.2504242754962467,1.0,0.0,0.7264352761405807,2.895887741227178,0.23997694122062788,1.0
stearoyl-arachidonoyl-glycerol (18:0/20:4) [1],,,-0.09495508447433558,-0.0634036933058828,-0.06947782251049725,-0.06245954467684684,-0.06230224427346216,-0.07534981914116289,-0.07584707581916847,-0.0628218942170926,0.37500012329031535,0.23167539267015708,0.17145201771257423,0.8025726525483847,0.0,53.70017905759164,0.23167302284371508,0.17064125964724863,0.7973872486239449,0.0
stearoyl-arachidonoyl-glycerol (18:0/20:4) [2],,,-0.08629572983282553,-0.06228489640909508,-0.05020104218025383,-0.06478545912401505,-0.05536907764492668,-0.07141411106359136,-0.07682781072218062,-0.042506431561103,0.37500012329031535,0.23167539267015708,0.16346242480218037,0.8045608314066763,0.0,55.820956020942404,0.23167302284371508,0.16292312390350036,0.7982216446312583,0.0
stearoyl-docosahexaenoyl-glycerol (18:0/22:6) [2],,,-0.06605960687794422,-0.07050595776508149,-0.06471186304633257,-0.07169544225472065,-0.06673705107604143,-0.06796821365813753,-0.07053828123424034,-0.06083983900987692,0.37500012329031535,0.16361256544502617,0.08925655412839323,0.6802435267692648,0.0,55.97736230366492,0.16361184945490967,0.09032275025007942,0.6678673806560642,0.0
stearoyl-linoleoyl-glycerol (18:0/18:2) [2],,,-0.08781504509648115,-0.07569026869706821,-0.0515897491343606,-0.07909119962176903,-0.07198855007884948,-0.0700241696000065,-0.07031600967384063,-0.05633422574881952,0.37500012329031535,0.16361256544502617,0.04457300103431307,0.6817097116059452,0.0,50.5132617801047,0.16361184945490967,0.04479837263514446,0.6654935821380282,0.0
stearoylcarnitine,Lipid,Carnitine Metabolism,0.18711703963589663,0.16058219285628003,0.19744717089513442,0.16147693670542834,0.22078021106765594,0.14052506938235215,0.17944859734651186,0.20686480092195972,0.37500012329031535,0.8547120418848168,12.038883830047594,0.16804957478040733,0.0,78.0298502617801,0.8547067812062612,8.594859480290992,0.09499177758161557,0.0
suberate (C8-DC),Lipid,"Fatty Acid, Dicarboxylate",-0.016099627979458016,-0.022917056402748787,-0.019956326896695825,-0.02152308490077724,-0.016126623734818518,-0.0411084105893904,-0.039410452758000813,-0.029545463666799852,0.37500012329031535,0.1950261780104712,0.09778537702131873,0.81654911152683,1.0,0.0,0.19502035260731665,0.09793173352785618,0.8162106076078959,1.0
suberoylcarnitine (C8-DC),Lipid,"Fatty Acid Metabolism (Acyl Carnitine, Dicarboxylate)",-0.016228489260826786,-0.00794959660721026,-0.0023706260173636975,-0.007483056081321611,0.006006789130543447,-0.036520634411462555,-0.03401848801380919,-0.0006349547079381871,0.37500012329031535,0.1950261780104712,0.11863776985538374,0.8215885082668497,0.0,42.91487958115185,0.19502035260731665,0.11856373847792556,0.820344223724185,0.0
succinate,Energy,TCA Cycle,-0.018137104072301142,-0.0029666180435235097,-0.002003996535408579,-0.006888594054244838,-0.002481572635991666,-0.015474572286128394,-0.023008219640577046,0.008293564518325029,0.37500012329031535,0.7198952879581152,4.061810524741053,0.18700331635160639,1.0,0.0,0.7198877717426199,4.2696508720191035,0.18802322963677723,1.0
succinimide,Xenobiotics,Chemical,-0.1320799626758824,-0.13604353039147402,-0.1669868609266221,-0.1345094402924768,-0.16099153263160043,-0.1378865373913484,-0.13546387239763824,-0.17280119817877518,0.37500012329031535,0.03664921465968586,0.05020885100493977,0.6984987615310343,0.0,66.74829842931936,0.03665267023639842,0.058833430952289024,0.7124016435305255,0.0
succinylcarnitine,Energy,TCA Cycle,-0.01335954995869977,-0.002551337177809626,-0.002363405624784147,-0.00219691180247476,-0.0007211129913692822,0.0032499849933805363,0.0025589501576061715,-0.006120263746114235,0.37500012329031535,0.5903141361256545,7.009925456878139,0.10898489741779807,0.0,48.90359999999998,0.5903065089821129,7.559912790220639,0.09564082196667854,0.0
succinylglutamine,Amino Acid,Glutamate Metabolism,-0.03021530132845549,-0.014379719170502552,-0.01589194735109414,-0.01007922165923012,-0.012053404584433448,-0.031097652330771754,-0.022980362245759636,-0.014207063009817736,0.37500012329031535,0.06806282722513088,0.0710512193472531,0.584052018852288,0.0,75.15355706806281,0.06806117338880542,0.07158171055789277,0.5792698206938304,0.0
sucrose,Carbohydrate,"Fructose, mannose, galactose, starch, and sucrose metabolism",0.09938193435642428,0.10386103122548121,0.12403585716100578,0.10148591307036939,0.09467913255576232,0.1227766911272504,0.1154353042070235,0.10791457922450262,0.37500012329031535,0.09685863874345549,0.04114039952474076,0.9159997013882089,1.0,0.0,0.0968642859894449,0.04117826440144043,0.9169278349716473,1.0
sulfate,,,-0.08572973841080717,-0.06248449041924311,-0.05818472773023363,-0.05980135406379955,-0.05109960354111478,-0.08706050346882424,-0.08712571715558103,-0.05261586677155155,0.37500012329031535,0.23167539267015708,0.08094135558931559,0.8237512595084049,0.0,51.22950994764403,0.23167302284371508,0.08064220890193557,0.8140601196121683,0.0
tartarate,Xenobiotics,Food Component/Plant,-0.09414706706722975,-0.09409714304009305,-0.07571298313406838,-0.09332810347756731,-0.07953322561289311,-0.09154798752307523,-0.0885285964155514,-0.07077609521045629,0.37500012329031535,0.1099476439790576,0.1526585748983158,0.6190183898979957,0.0,67.51946806282726,0.10994902217599549,0.15062417771663103,0.6107285269967355,0.0
tartronate (hydroxymalonate),Xenobiotics,Food Component/Plant,-0.0954705209269102,-0.07861716215130037,-0.07328275935736814,-0.08063979775280183,-0.06830427784973334,-0.08183759878380831,-0.0872449790712171,-0.06631299753059118,0.37500012329031535,0.23167539267015708,0.1321196900932043,0.8125916173011991,0.0,51.165343455497364,0.23167302284371508,0.1317071849484702,0.806742624617895,0.0
taurine,Amino Acid,"Methionine, Cysteine, SAM and Taurine Metabolism",-0.028083537980215553,0.017009203179630443,0.008335650530664396,0.012937175719764991,0.008619895726780444,-0.012970755499209966,-0.016556667183486615,0.007029797564028176,0.37500012329031535,0.7198952879581152,3.908583223107211,0.24606382737868882,1.0,0.0,0.7198877717426199,4.391969105760533,0.20623927863110417,1.0
taurochenodeoxycholate,Lipid,Bile Acid Metabolism,0.061184858892089806,0.06771521733513344,0.10134565835754822,0.06704463476264816,0.06876475113202633,0.06669529288609821,0.06850061032808535,0.11427311347714865,0.37500012329031535,0.28664921465968585,0.5607756617030203,0.6278868117339773,1.0,0.0,0.28664689189362713,0.5599124974343925,0.6544730563405351,1.0
taurocholate,Lipid,Bile Acid Metabolism,0.04976400711914552,0.06834383094764426,0.09858870989005147,0.06852233456395562,0.07633322529314761,0.0728027040886475,0.06664546363024665,0.07456544313141787,0.37500012329031535,0.28664921465968585,0.5652716888317467,0.6232719755582381,1.0,0.0,0.28664689189362713,0.5639771076893036,0.650583948712013,1.0
taurocholenate sulfate,Lipid,Bile Acid Metabolism,0.06794574836578966,0.0676947448816212,0.07764695614564358,0.06658611720567464,0.0613308409707248,0.05556775287376827,0.06261856267750247,0.0813655849935109,0.37500012329031535,0.28664921465968585,0.5215622422908612,0.6161395650706067,0.0,62.48009738219894,0.28664689189362713,0.5201478571788202,0.6451173472584805,0.0
taurocyamine,Amino Acid,"Methionine, Cysteine, SAM and Taurine Metabolism",-0.030630476380134355,-0.01562840366796194,-0.015813905561185997,-0.016771753158599564,-0.01716532420110118,-0.01853624797911986,-0.028669719053854723,-0.011244282023751965,0.37500012329031535,0.06806282722513088,0.09280392087833132,0.5807443895394434,0.0,69.31561780104713,0.06806117338880542,0.09262438131118426,0.577648471557645,0.0
taurodeoxycholate,Lipid,Bile Acid Metabolism,0.05493837340782211,0.06782553107265914,0.08946254792619505,0.06841063534302705,0.08029962332198375,0.060669147877774186,0.05630470988453506,0.07508268453150514,0.37500012329031535,0.28664921465968585,0.5534624811041462,0.5974688354845902,1.0,0.0,0.28664689189362713,0.5523238513140771,0.6316168788988902,1.0
taurolithocholate 3-sulfate,Lipid,Bile Acid Metabolism,0.11053564839095101,0.10243031024201428,0.1386882371775326,0.10319232141055629,0.10838598625317805,0.11429339483977283,0.11085517836006571,0.1440301705859937,0.37500012329031535,0.2513089005235602,0.5175589139278383,0.6071093005452726,1.0,0.0,0.25130911565674074,0.5170019567740688,0.629594574235806,1.0
tauroursodeoxycholate,Lipid,Bile Acid Metabolism,0.14516296771515497,0.13189450467470198,0.14810787929039018,0.1318871277307449,0.14645530158888184,0.14537657813585128,0.1511876658181284,0.1478403787027667,0.37500012329031535,0.18324607329842932,0.16561827752712582,0.6310895485682355,0.0,66.46152146596856,0.1832479422679353,0.16636985201881363,0.647694120269441,0.0
testosterone,Lipid,Sterol/Steroid,-0.1119616043643069,-0.10623195464131191,-0.11814347266109126,-0.11050768219489897,-0.1290190847251421,-0.1185385769152634,-0.12450032526278385,-0.13341055119427145,0.37500012329031535,0.041884816753926704,0.082637829429748,0.4785222393471261,1.0,0.0,0.04188784878719006,0.08497264766217615,0.49284636146304334,1.0
tetracosadienoylcarnitine (C24:2),,,-0.07285990350259716,-0.06716571898447564,-0.05304873060838329,-0.0669394856162623,-0.05784476011639893,-0.10264139494315576,-0.08670779545711674,-0.0550238326872392,0.37500012329031535,0.23167539267015708,0.11681013911628207,0.8170753669266542,0.0,58.58929842931934,0.23167302284371508,0.11696915777667305,0.8077439736726447,0.0
tetradecadienoate (14:2),,,-0.07246829707415124,-0.055748971546385105,-0.04789688274098933,-0.05579749691025121,-0.05578527667785453,-0.0783996014153096,-0.07507475970788988,-0.04932480660384804,0.37500012329031535,0.23167539267015708,0.09066729616349278,0.8202567876312867,0.0,54.5196628272251,0.23167302284371508,0.09052131984126062,0.8119566002152734,0.0
tetradecanedioate,Lipid,"Fatty Acid, Dicarboxylate",-0.10729189628262062,-0.09664800148384348,-0.09758693258311303,-0.09418382891796362,-0.09783662582560597,-0.11382461630518281,-0.11262302989816235,-0.08417618713946909,0.37500012329031535,0.10340314136125654,0.5154770576573947,0.2872525161281936,0.0,69.85446701570682,0.1033989496256918,0.518656785663914,0.2697271050715591,0.0
tetraethylene glycol,Xenobiotics,Chemical,0.10836146161363615,0.10941037644510768,0.11081042456747929,0.10974182770674949,0.10401357175026037,0.08366990770988378,0.08688658756742883,0.1206549889490239,0.37500012329031535,0.2827225130890052,13.52289268051385,0.08460727603185189,0.0,58.20069424083768,0.2827137665806336,16.377213385758033,0.09461898135585863,0.0
tetrahydrocortisol,Lipid,Corticosteroids,-0.031005865719868506,-0.021524959658841297,0.0060501972956202845,-0.01954953973717122,0.004640433655690456,-0.04533236459501584,-0.027677447069168692,-0.005292806561535097,0.37500012329031535,0.06806282722513088,0.1065376126029978,0.5833614500429439,0.0,63.95698010471202,0.06806117338880542,0.1118130509342971,0.5779637478621337,0.0
tetrahydrocortisol glucuronide,Lipid,Corticosteroids,-0.03139141344777481,-0.012644102115160679,-0.0018452181140809888,-0.007523729689303548,-0.009184920790563135,-0.04158825276773812,-0.03692936788006763,0.003053335471002878,0.37500012329031535,0.06806282722513088,0.13300196753703813,0.5833961096969704,0.0,67.44311727748695,0.06806117338880542,0.13440435761808703,0.5750324395367333,0.0
theobromine,Xenobiotics,Xanthine Metabolism,-0.018692659246220353,0.004928401957411591,-0.0164041967141758,0.006051904171240484,-0.01288862418253631,-0.00456932420295766,0.005446100203977248,0.0014810774907165283,0.37500012329031535,0.4803664921465969,0.7713076535447818,0.5059234668704933,0.0,60.81372670157069,0.48036904349165993,0.7713040316981372,0.5381476433431764,0.0
theophylline,Xenobiotics,Xanthine Metabolism,-0.08750551877627927,-0.07231421704850206,-0.06010661659190743,-0.07214180510199288,-0.05680170807508672,-0.08945851951300889,-0.08714382280262888,-0.06004611427745348,0.37500012329031535,0.23167539267015708,0.12186369257980631,0.8200728165776854,0.0,52.84547748691097,0.23167302284371508,0.12130921807438914,0.8122157733826914,0.0
thiamin (Vitamin B1),Cofactors and Vitamins,Thiamine Metabolism,-0.07323261667908272,-0.05769864131922713,-0.06837016979195182,-0.05511026322831731,-0.048789259129710764,-0.08073739811447686,-0.07132255430899574,-0.051551986064607654,0.37500012329031535,0.23167539267015708,0.09400866541560295,0.8315697763279144,1.0,0.0,0.23167302284371508,0.09282873604498602,0.8221674194527528,1.0
thiamin monophosphate,Cofactors and Vitamins,Thiamine Metabolism,-0.08295858054374348,-0.07054444340269433,-0.04753201679555616,-0.07462095474796852,-0.08850745296349218,-0.07519056225337346,-0.07456092614611771,-0.05398464952808799,0.37500012329031535,0.16361256544502617,0.07435868594190234,0.6768636050407266,1.0,0.0,0.16361184945490967,0.07425303450998112,0.6645210357544687,1.0
thioproline,Xenobiotics,Chemical,-0.0649975957666189,-0.07473009897996886,-0.027667691557202848,-0.07647951039618496,-0.05842079529771872,-0.08336601561110772,-0.08120725540746686,-0.04611543298195075,0.37500012329031535,0.23167539267015708,0.10493294128270701,0.8207564655034498,0.0,47.11779895287957,0.23167302284371508,0.1051175467404948,0.812423633061464,0.0
threitol,Carbohydrate,"Nucleotide sugars, pentose metabolism",-0.039767764115373125,-0.05046509788178578,-0.04829908808473454,-0.062153743703367195,-0.04750350920188413,-0.04308349175064352,-0.03652901753107861,-0.0492969270195319,0.37500012329031535,0.12303664921465969,0.11339796647464143,0.7848012020113515,0.0,67.03260732984293,0.12304017874340305,0.11425972702873377,0.7917856502464549,0.0
threonate,Cofactors and Vitamins,Ascorbate and Aldarate Metabolism,0.048579024283213555,0.09401108001522018,0.0938988647039537,0.09670477179001251,0.08697452532683508,0.08330276682378722,0.08109227171836668,0.14394789254123844,0.37500012329031535,0.5772251308900523,1.1227986454580348,0.3156089018121705,1.0,0.0,0.5772230568717337,1.1197101615621703,0.31072486189787285,1.0
threonine,Amino Acid,"Glycine, Serine and Threonine Metabolism",0.06012413857969635,0.0910165344069762,0.0810354225462344,0.09512295618010123,0.10029375587897121,0.03526458480445132,0.021669389870320015,0.12600379267061895,0.37500012329031535,0.8167539267015707,2.298502506145212,0.2848300613960303,1.0,0.0,0.8167520577320646,2.439166903084646,0.2461358643228981,1.0
threonylglutamate,Peptide,Dipeptide,0.1277589893453047,0.11484907205807604,0.1224674678365308,0.12048369358285714,0.12134206824059361,0.12496951634876215,0.13114424552372186,0.14559866402431573,0.37500012329031535,0.24214659685863876,1.4894247813488217,0.27769103520871874,0.0,61.54613089005235,0.24214337994529836,1.436575775068773,0.2516085975542296,0.0
threonylleucine,Peptide,Dipeptide,0.0594946266620615,0.03737232770088091,0.07751600804415983,0.037841616967863916,0.0414780943875726,0.04058420475428509,0.039557534963547025,0.05429464696377366,0.37500012329031535,0.32460732984293195,511.2033213300239,0.08796806299321441,0.0,65.75448481675392,0.32460161536782356,101.59223038673501,0.09414621362401454,0.0
threonylmethionine,Peptide,Dipeptide,-0.12149526935158243,-0.1359703860195595,-0.1321881714794771,-0.13446211459668492,-0.1330629847405235,-0.1209728918191158,-0.11361196294143615,-0.12419217733438169,0.37500012329031535,0.041884816753926704,0.09587792419111489,0.47908844511018955,0.0,67.46488376963352,0.04188784878719006,0.09592928781048939,0.4919608146909004,0.0
threonylphenylalanine,Peptide,Dipeptide,-0.2191391777664253,-0.20353162467367814,-0.20940845944706205,-0.2028898436736864,-0.197466871246279,-0.22827899995727055,-0.2300101793816163,-0.19962417837243698,0.37500012329031535,0.34554973821989526,12.872484326232813,0.12749448559765833,0.0,61.919830366492135,0.3455500340280186,13.074158157228615,0.11027353268092012,0.0
threonylvaline,Peptide,Dipeptide,0.03219148379418395,0.021196220084747787,0.028700611810380548,0.023938569475158312,0.029878849689187664,0.031994699269182636,0.0348072548625472,0.02794376347770842,0.37500012329031535,0.08115183246073299,0.08258828520563435,0.8418399600381266,0.0,69.78505549738216,0.081152329956213,0.08337570440408561,0.8431147568716183,0.0
thymidine,Nucleotide,"Pyrimidine Metabolism, Thymine containing",-0.12985380876946329,-0.11318336777477167,-0.0883795102933587,-0.11042895944229489,-0.11248848805069946,-0.13872172068643607,-0.14587193001757956,-0.09228246905679574,0.37500012329031535,0.2670157068062827,0.4337251927320048,0.5139613835268393,1.0,0.0,0.2670107990806015,0.4335972261036564,0.5097151371878145,1.0
thymidine 3'-monophosphate,Nucleotide,"Pyrimidine Metabolism, Thymine containing",-0.14226072822941555,-0.13519364265358128,-0.1584961721009181,-0.13348845761534028,-0.15309000390460098,-0.1448494536555279,-0.1451949096754674,-0.16349827102483006,0.37500012329031535,0.03534031413612565,0.08264103652433216,0.3564185956565652,0.0,77.256464921466,0.03533777623688637,0.08313411226731775,0.37079848987593794,0.0
thymidine 5'-monophosphate,Nucleotide,"Pyrimidine Metabolism, Thymine containing",-0.055502294992789816,-0.03945977652262193,-0.047356464201849885,-0.036086312532951415,-0.04309489910031145,-0.048299655848099615,-0.03698295023706445,-0.04504468734790762,0.37500012329031535,0.10471204188481675,0.20079536744500223,0.7944616213403435,1.0,0.0,0.10471255954903246,0.200872476407712,0.8023348749721652,1.0
thymine,Nucleotide,"Pyrimidine Metabolism, Thymine containing",0.03707300228124962,0.03645670301825917,-0.012351152792127925,0.035540613071396325,-0.009123898173320755,-0.06341834397570223,-0.05751756928960616,0.027121963144457247,0.37500012329031535,0.7356020942408377,12.212197308502574,0.08642262976886622,1.0,0.0,0.7356035800043658,12.843674305580414,0.06938865107338635,1.0
thymol sulfate,Xenobiotics,Food Component/Plant,0.09847208030978852,0.10233990762755941,0.10829915583320297,0.10318399828739806,0.09773031007934208,0.10049692617975367,0.10625960318337609,0.12449950769766366,0.37500012329031535,0.2513089005235602,0.5314265561965829,0.5896332927907049,0.0,55.69206596858636,0.25130911565674074,0.5311134482614682,0.6093748113544333,0.0
tiglylcarnitine (C5:1-DC),Amino Acid,"Leucine, Isoleucine and Valine Metabolism",0.010737918596364037,0.04488565461536234,0.014119415952091595,0.04490724281722481,0.04747684749979584,0.00709465660933,0.01455470020595866,0.032404291633140535,0.37500012329031535,0.4096858638743456,1.642726894783686,0.1974162511665235,0.0,56.186654450261784,0.4096742298753162,1.6401778640151854,0.19839727021509335,0.0
timonacic,Xenobiotics,Drug,0.11291634587716924,0.1022020559731233,0.1036048590471044,0.10300100457036482,0.10981816086713275,0.11835360861755355,0.11491129692380117,0.10895965848929255,0.37500012329031535,0.09685863874345549,0.05352732649506341,0.915017308252855,0.0,61.813979057591595,0.0968642859894449,0.05341943527769407,0.9171597768079479,0.0
trans-4-hydroxyproline,Amino Acid,Urea cycle; Arginine and Proline Metabolism,0.06085695422684145,0.04879546158636847,0.029258475419857086,0.04812673300143804,0.06429876878425672,0.0387902236557385,0.047602265622904025,0.06545428432213764,0.37500012329031535,0.5798429319371727,7.462547257471035,0.07928184190987118,1.0,0.0,0.579837435956701,6.79319053801211,0.09175489268399518,1.0
trans-urocanate,Amino Acid,Histidine Metabolism,-0.09601198063127377,-0.09977826442810007,-0.11388648770686194,-0.10877263043840743,-0.10884064084987362,-0.09759211715320791,-0.09561446173821156,-0.09611721904576197,0.37500012329031535,0.15968586387434555,0.11383461701403458,0.7689526552583694,1.0,0.0,0.1596928489798015,0.11424539950238853,0.7725154843636859,1.0
tricosanoyl sphingomyelin (d18:1/23:0),,,0.01457858923080573,0.03478749651164176,0.03250302811354132,0.032207920362776,0.04283269629934025,0.017139852442420705,0.0039212740413186,0.026431332609255207,0.37500012329031535,0.3285340314136126,0.10111344373449578,0.8076549175545957,0.0,60.420487958115174,0.32853730883316,0.10078172887727416,0.8301698903765206,0.0
triethanolamine,Xenobiotics,Chemical,0.12193803837185337,0.13242099830030868,0.12910516846285497,0.1325168198725756,0.12488591429663921,0.12992935415790835,0.15098879364303522,0.13298374013395484,0.37500012329031535,0.16753926701570682,0.979019780287675,0.44948257048745005,0.0,75.4209884816754,0.16753213400618927,0.99512989530352,0.4733279570684576,0.0
triethyleneglycol,Xenobiotics,Chemical,0.06236382409841161,0.05301953965944117,0.06095915613367956,0.05206421938726123,0.05909005592396995,0.05016475315041652,0.06389416441814318,0.06874142010097334,0.37500012329031535,0.32460732984293195,6.1940521183089405,0.14140184523933003,0.0,61.85072670157069,0.32460161536782356,8.021151016793914,0.13844779519572348,0.0
trigonelline (N'-methylnicotinate),Cofactors and Vitamins,Nicotinate and Nicotinamide Metabolism,-0.10604838990079946,-0.10867867623337549,-0.06991644896090204,-0.10979127384761553,-0.0747211880445156,-0.13596125906309775,-0.1202028841898905,-0.06992382094838737,0.37500012329031535,0.27356020942408377,0.11284649072868957,0.908033952600114,0.0,53.470135078534035,0.2735608716309051,0.11336864809951801,0.8981718013145169,0.0
trimethylamine N-oxide,Lipid,Phospholipid Metabolism,-0.12425748990069249,-0.12160698571920836,-0.08439760964638629,-0.12120687945846408,-0.09624169226347094,-0.12150380254962746,-0.1151176847131745,-0.10183358001669572,0.37500012329031535,0.2801047120418848,0.5385536806922028,0.6118076670264495,1.0,0.0,0.28010195564800905,0.5357449332765634,0.6145431205038697,1.0
trizma acetate,Xenobiotics,Chemical,-0.011645931685055854,0.0026341949248698438,-0.022641199642518928,0.004391442229184116,-0.004878520955907264,-0.019179279304566144,-0.011285699115119906,-0.014735310691323453,0.37500012329031535,0.12696335078534032,0.060216705349660865,0.6316395235047774,0.0,63.39395811518321,0.12695917921851127,0.06007393996360863,0.6125413087609516,0.0
tryptophan,Amino acid,Tryptophan Metabolism,0.00918691663341072,-0.008052852555637592,0.0160670210973257,-0.0069225111551278525,-0.006763344270781802,-0.05552485342500678,-0.0559288701565367,-0.010126576340303343,0.37500012329031535,0.7198952879581152,4.249650043595963,0.14731818379561973,1.0,0.0,0.7198877717426199,4.008193771982142,0.14808872588631697,1.0
tryptophan betaine ,,,-0.016040458815244907,0.04701441053782521,0.025940370661108547,0.046446535797665424,0.04295482447101886,0.010272531911285587,0.02594208251575865,0.0446718260742613,0.37500012329031535,0.6714659685863875,13.30884346467327,0.07959638752476234,0.0,51.7839277486911,0.6714588389383259,31.481489846312694,0.08761936449317498,0.0
tryptophylalanine,Peptide,Dipeptide,0.19992949086344888,0.21565310991193581,0.2171187828688441,0.21642840765518104,0.2029886823254836,0.21021766748296433,0.22305654582371634,0.19639925289061969,0.37500012329031535,0.11910994764397906,0.6459782048536329,0.45074538849119494,0.0,69.46477382198952,0.11910320120189528,0.6657514057659517,0.47889666310108875,0.0
tryptophylasparagine,Peptide,Dipeptide,-0.12535852692398325,-0.13164292898321714,-0.1373434978632951,-0.1303017460272524,-0.14734626237519172,-0.12247159950023243,-0.11883375812383032,-0.14946070990686372,0.37500012329031535,0.041884816753926704,0.1695700051095836,0.47221947838216904,0.0,79.08042303664918,0.04188784878719006,0.16687652543415635,0.4882904904243735,0.0
tryptophylglutamate,Peptide,Dipeptide,-0.11861626249691906,-0.12372431076495985,-0.12937669813545002,-0.12009163174022006,-0.1328761695917348,-0.12417592195462916,-0.11607067959853774,-0.12225770137239234,0.37500012329031535,0.041884816753926704,0.05622907924963103,0.47995230388402377,0.0,74.79107958115185,0.04188784878719006,0.05730601836661614,0.49398423726284246,0.0
tryptophylglycine,Peptide,Dipeptide,-0.13529645437538582,-0.13593067020144567,-0.16139876247805476,-0.1345439648036568,-0.1560369028330731,-0.14001152272741996,-0.13896990106331017,-0.17302743698236092,0.37500012329031535,0.03664921465968586,0.08785802538470901,0.6969623281369796,0.0,68.08285549738217,0.03665267023639842,0.08806868852330851,0.7108006009319786,0.0
tryptophylleucine,Peptide,Dipeptide,-0.12100699426935342,-0.12474295236089039,-0.11783063373110489,-0.12846961102004986,-0.12449657099653508,-0.11125567364366988,-0.11223804422632093,-0.12023629739494945,0.37500012329031535,0.041884816753926704,0.15952398176971477,0.4771138899245506,0.0,76.06322408376961,0.04188784878719006,0.15618109413392614,0.4916411970336143,0.0
tyrosine,Amino acid,Phenylalanine and Tyrosine Metabolism,0.07289301642828899,0.08965305579861721,0.09975344168667083,0.09061410495112802,0.1061499234277168,0.03839745026325819,0.02229812984083975,0.10759333177631629,0.37500012329031535,0.8167539267015707,3.333325676134218,0.2334948389947713,1.0,0.0,0.8167520577320646,3.7485580945819326,0.21399563708996663,1.0
tyrosylalanine,Peptide,Dipeptide,-0.1197556843635969,-0.13831039754896024,-0.11970803133118842,-0.1368509060315702,-0.1389309169997678,-0.12379001422742426,-0.1123543725844335,-0.1313306127742619,0.37500012329031535,0.041884816753926704,0.055456937078832105,0.47860905410640153,0.0,67.11023664921466,0.04188784878719006,0.05407563761900206,0.4931218420012083,0.0
tyrosylglutamate,Peptide,Dipeptide,0.026277414776564912,0.010897289054265364,0.0228229391240433,0.00977333625233932,0.011719422066638743,0.041068344544947115,0.045171384137286434,0.022505565663307074,0.37500012329031535,0.08115183246073299,0.04593632332181804,0.8470182592378905,0.0,71.26289109947646,0.081152329956213,0.045958534845843606,0.8465440801335006,0.0
tyrosylglutamine,Peptide,Dipeptide,-0.12081728063855948,-0.13902667696177087,-0.12340407367668967,-0.13535119855373695,-0.1337513468729464,-0.12225766412912309,-0.11656501511620486,-0.1293764797233509,0.37500012329031535,0.041884816753926704,0.038866916993226294,0.4788442071455124,0.0,83.73376439790582,0.04188784878719006,0.038998361126546977,0.4941847655168122,0.0
tyrosylglycine,Peptide,Dipeptide,0.04656072717066374,0.0803532416008345,0.10291615686190406,0.08275213810304925,0.0774610344066583,0.027116580014717267,0.01831745198495852,0.06929597455794358,0.37500012329031535,0.5327225130890052,3.5508340337591426,0.1484986486098328,0.0,53.8056188481676,0.5327144086187192,3.5175443280613563,0.15240892409478493,0.0
tyrosylhistidine,Peptide,Dipeptide,-0.04096856271124512,-0.05991142471684703,-0.03777698513123588,-0.05262263967930512,-0.03418822992072364,-0.03472558342370174,-0.03490967429556534,-0.0293997159013536,0.37500012329031535,0.12303664921465969,0.14716690156647558,0.7323684527900938,0.0,67.06704816753927,0.12304017874340305,0.1462700711584921,0.7271393005102481,0.0
tyrosylleucine,Peptide,Dipeptide,-0.12920084299175136,-0.1393807482857338,-0.12658044083432896,-0.13591121139693463,-0.1333230407465536,-0.10953020967026955,-0.10664234217897554,-0.13910419059841048,0.37500012329031535,0.041884816753926704,0.1536808703019073,0.47519188043676963,0.0,77.37241256544502,0.04188784878719006,0.146435264446265,0.4907220868576012,0.0
tyrosylphenylalanine,Peptide,Dipeptide,-0.12271557702985023,-0.13017410052812178,-0.12810437485398804,-0.1290680904192405,-0.1188730418762166,-0.11393150590037807,-0.1129166129810195,-0.12897736801420837,0.37500012329031535,0.041884816753926704,0.06759476568437499,0.48033462375033487,0.0,77.1876167539267,0.04188784878719006,0.06455470498152573,0.494342757123553,0.0
tyrosyltyrosine,Peptide,Dipeptide,-0.12800011672039419,-0.13477438329105207,-0.13682899176177923,-0.13600543513430083,-0.14161643936663024,-0.11316147057386922,-0.11146634878053364,-0.14688366554923557,0.37500012329031535,0.041884816753926704,0.08191872819568538,0.4797720377069734,0.0,76.79082303664919,0.04188784878719006,0.08361248524943941,0.49357531938989446,0.0
tyrosylvaline,Peptide,Dipeptide,-0.1281855100407768,-0.13798435738002554,-0.13100197536910516,-0.13635844867882874,-0.13723334536130086,-0.10713113729856887,-0.10669164572140116,-0.14389338550005454,0.37500012329031535,0.041884816753926704,0.07749218762309638,0.47820149159015246,0.0,75.88965759162302,0.04188784878719006,0.07803094301626325,0.49298915032708485,0.0
undecanedioate,Lipid,"Fatty Acid, Dicarboxylate",-0.019726396905328313,0.0003325969886498551,-0.008082984610261098,-0.0010285397070536491,-0.008885835377064305,-0.019948662897411408,-0.009235781548611464,8.025972230181564e-05,0.37500012329031535,0.2787958115183246,8.33142712485407,0.20163800551281458,0.0,58.55393193717276,0.27878706164849704,8.786393677300046,0.16243602060802645,0.0
undecanoate (11:0),Lipid,Medium Chain Fatty Acid,-0.1489611642785922,-0.13324684646139417,-0.15795555528128638,-0.13789660754258948,-0.1689490261753436,-0.1576697613509422,-0.16019369330014957,-0.1424239684554238,0.37500012329031535,0.03534031413612565,0.04815025680568119,0.3576442978525642,1.0,0.0,0.03533777623688637,0.0477709190599415,0.37209810821123107,1.0
undecenoylcarnitine (C11:1),Lipid,"Fatty Acid Metabolism (Acyl Carnitine, Monounsaturated)",-0.032667335263555294,-0.016526637551036002,0.004753936010978527,-0.014100253122593318,-0.004381441485198701,-0.03271406070899629,-0.03657671323287332,-0.014711440389667088,0.37500012329031535,0.06806282722513088,0.0658484166167676,0.5846040830803336,0.0,73.31781361256543,0.06806117338880542,0.06560948786780549,0.5788980490504904,0.0
uracil,Nucleotide,"Pyrimidine Metabolism, Uracil containing",0.12484053749213463,0.1135222601441794,0.1124415978479366,0.1131434738851474,0.11978232213170842,0.061906305000348195,0.09101819254084248,0.13408206125667793,0.37500012329031535,0.8167539267015707,6.325209534960717,0.12227993142827165,1.0,0.0,0.8167520577320646,6.9724384852407395,0.11763573236031517,1.0
urate,Nucleotide,"Purine Metabolism, Urate metabolism",-0.029989225428297944,0.016364819416059512,0.0037526374255442358,0.01693636200442769,0.03652813464724947,0.00917625223237541,-0.032465649744095555,0.003249457171756641,0.37500012329031535,0.7198952879581152,2.3348996351663027,0.31821783873292886,1.0,0.0,0.7198877717426199,2.395555056418516,0.2853578987919379,1.0
urea,Amino Acid,Urea cycle; Arginine and Proline Metabolism,-0.009047459081410544,-0.029198227326065328,-0.006440751145234626,-0.026265615548705212,-0.011036185659798494,-0.017239776759034136,-0.014604794675535934,-0.004757969102961194,0.37500012329031535,0.7198952879581152,3.787653633512214,0.27713643910377905,1.0,0.0,0.7198877717426199,4.125513391315251,0.20343562035290588,1.0
uridine,Nucleotide,"Pyrimidine Metabolism, Uracil containing",-0.06107550326002157,-0.041790161939066615,-0.048950463179232524,-0.03622151582462576,-0.010347699376778064,-0.03629628892366898,-0.02870134860788535,0.022292582126664743,0.37500012329031535,0.7198952879581152,4.511564124573151,0.26153909953677157,1.0,0.0,0.7198877717426199,5.097596864978048,0.21939089641725076,1.0
uridine 2'-monophosphate (2'-UMP),,,-0.01500704757075872,-0.005278565755892042,0.0077163297770585625,-0.004834549069674798,-0.008785099214413155,-0.013579758154549482,-0.017547720623472842,0.0037141937739549173,0.37500012329031535,0.12696335078534032,0.08871195476864321,0.6313852202171093,0.0,71.08810680628274,0.12695917921851127,0.08833670872082049,0.611990415682202,0.0
uridine 3'-monophosphate (3'-UMP),Nucleotide,"Pyrimidine Metabolism, Uracil containing",-0.07074197417277849,-0.06233923643110031,-0.0419140736877533,-0.06250448305896715,-0.0629500664922034,-0.08101925824635087,-0.0833046527026327,-0.047038434178637956,0.37500012329031535,0.16361256544502617,0.0929500329554733,0.6817371195890174,1.0,0.0,0.16361184945490967,0.09296537108133218,0.6600522391767719,1.0
uridine 5'-diphosphate (UDP),Nucleotide,"Pyrimidine Metabolism, Uracil containing",0.06293301739361944,0.04421613186767656,0.08065828520757264,0.04372255237895824,0.05066573812803303,0.06459311441776347,0.056634565551014975,0.07568689483177618,0.37500012329031535,0.2997382198952879,0.48938801324659564,0.6429449977328735,1.0,0.0,0.29973804846103475,0.4886370246768079,0.6496449384327511,1.0
uridine 5'-monophosphate (UMP),Nucleotide,"Pyrimidine Metabolism, Uracil containing",-0.19298827457851578,-0.19316750775978145,-0.17839613064176685,-0.1888199864101477,-0.17467188646007792,-0.19984144840674609,-0.2067171544783845,-0.16181939337901,0.37500012329031535,0.19240837696335078,1.149416532080761,0.5539393471926868,1.0,0.0,0.19240597352234934,1.152346773267298,0.525771960640085,1.0
uridine 5'-triphosphate (UTP),Nucleotide,"Pyrimidine Metabolism, Uracil containing",-0.16514883739956687,-0.14411040168171768,-0.12550222961697863,-0.14456036906020517,-0.14764423188883188,-0.15554884527356228,-0.15867469348172555,-0.12812977296831546,0.37500012329031535,0.1400523560209424,1.1833511042086777,0.41399226483992757,1.0,0.0,0.14005033578591883,1.1778225520747896,0.4090914353471657,1.0
uridine monophosphate (5' or 3'),Nucleotide,"Pyrimidine Metabolism, Uracil containing",0.06419485455127143,0.07061316461286878,0.06869065776245006,0.07049941003821279,0.08123935079067249,0.06848687469381928,0.07467091289443259,0.07146420021759567,0.37500012329031535,0.32460732984293195,16.012905528539214,0.08305408517934393,1.0,0.0,0.32460161536782356,22.172584682919847,0.10142666230191799,1.0
"uridine-2',3'-cyclic monophosphate",Nucleotide,"Pyrimidine Metabolism, Uracil containing",-0.14364131615296102,-0.13199302353805423,-0.11674725683826935,-0.13182673008772133,-0.1302674633765146,-0.13745798413822968,-0.14364700066626687,-0.11424014874063508,0.37500012329031535,0.16361256544502617,22.97015765000061,0.06872213497155429,1.0,0.0,0.16361184945490967,8.253885641448777,0.09101697567564193,1.0
ursodeoxycholate,Lipid,Bile Acid Metabolism,-0.04104302836639938,0.0006562266256064119,-0.005849137792987595,-0.0006784132673624566,-0.01163964512523745,-0.033931246002130676,-0.03580487984159845,-0.015075593118760937,0.37500012329031535,0.06806282722513088,0.12120220166926284,0.5816520313270139,0.0,68.8620617801047,0.06806117338880542,0.12302043112254178,0.5737759778496295,0.0
valerylcarnitine,Lipid,Fatty Acid Metabolism,0.04305434505426531,0.06387165483599226,0.08511947626664758,0.05789040771805836,0.047580350870174655,0.0635568581360401,0.06297538511104037,0.0669452303433328,0.37500012329031535,0.6348167539267016,6.24476792994221,0.07732287237420982,0.0,67.5382387434555,0.6348061687019274,6.496571424606036,0.10114487368004459,0.0
valine,Amino acid,"Valine, leucine and isoleucine metabolism",0.09299281325571353,0.08295429924526417,0.07361489060413336,0.0852665102977524,0.08871354053878894,0.02342398644693202,0.02183292763445029,0.1347869825593421,0.37500012329031535,0.8167539267015707,2.3646050250697432,0.29875192587605826,1.0,0.0,0.8167520577320646,2.5168966395695676,0.252031902132311,1.0
valylalanine,Peptide,Dipeptide,-0.07863330969389473,-0.09751940513058793,-0.08628064668767695,-0.09639465790760349,-0.09932537090798789,-0.07937744735184603,-0.09210656707881723,-0.08737892333949263,0.37500012329031535,0.18193717277486912,21.76033743583008,0.0862751685457312,0.0,74.12405549738222,0.18193818457310887,21.214812966736496,0.05912369105117146,0.0
valylarginine,Peptide,Dipeptide,-0.10856037998867364,-0.11298972095536426,-0.11806899413528812,-0.10976025931449168,-0.12068032919247959,-0.10876869495596082,-0.12353171566885039,-0.13095268703873494,0.37500012329031535,0.041884816753926704,0.06922701832391853,0.47742083371448474,0.0,78.5325068062827,0.04188784878719006,0.0702508946605217,0.4927993716468421,0.0
valylasparagine,Peptide,Dipeptide,-0.19702047918065807,-0.19423068808310673,-0.19034690131915868,-0.19220436020276854,-0.19713598876585425,-0.1906694941208625,-0.18429408608846012,-0.1837197106012506,0.37500012329031535,0.06544502617801047,0.335446587173537,0.6080257680242955,0.0,79.37716753926702,0.0654480783800095,0.3429257410626348,0.5933028892341522,0.0
valylaspartate,Peptide,Dipeptide,-0.08016162669311933,-0.08785660758376321,-0.07051826001433253,-0.08713066785839137,-0.09312182331988236,-0.08330406866417214,-0.08670928227212599,-0.07528101842597343,0.37500012329031535,0.18193717277486912,24.161900601631785,0.10309729843132978,0.0,67.97052146596863,0.18193818457310887,16.36628197995365,0.0784358867739026,0.0
valylglutamate,Peptide,Dipeptide,-0.054094030276416,-0.0730705259004716,-0.02734168828484684,-0.06605829333544701,-0.05202433967220642,-0.036449054862010895,-0.045481241693236744,-0.0315274678353834,0.37500012329031535,0.12303664921465969,0.07762221737403655,0.7727489907087248,0.0,59.76297905759162,0.12304017874340305,0.07741110331791325,0.7798295020002857,0.0
valylglutamine,Peptide,Dipeptide,-0.11383735464780037,-0.09131171233219594,-0.1110902423486809,-0.08858086646158428,-0.08657309970380066,-0.11531156968867695,-0.11866459862671931,-0.07357428919106207,0.37500012329031535,0.22774869109947643,0.2054802666983229,0.7851873824471657,0.0,68.97362094240839,0.2277540223686069,0.20481490481520645,0.782821137392979,0.0
valylglycine,Peptide,Dipeptide,-0.20371166026723467,-0.18224220340738156,-0.1882716140823237,-0.18346941048465626,-0.18732374686309972,-0.22361345960212423,-0.2179811622183612,-0.17456114883751225,0.37500012329031535,0.3494764397905759,3.682762546648214,0.18392476514849376,0.0,64.73533612565447,0.34947545488398374,3.921736808171501,0.14850309469545533,0.0
valylhistidine,Peptide,Dipeptide,0.12381898527684095,0.13082903486692402,0.11843866007462692,0.12615809585435606,0.1290714759760971,0.12526017661073244,0.12381189300974628,0.1329812070149803,0.37500012329031535,0.16099476439790578,0.9113047042670623,0.4155183196387653,0.0,70.11677277486909,0.16099104998908534,0.9263031317841476,0.43725083344422694,0.0
valylisoleucine,Peptide,Dipeptide,-0.04264739403675192,-0.06081149895690525,-0.05015138097516793,-0.05476534729113085,-0.052081283020565104,-0.05376891367787007,-0.053895608401465844,-0.04266263208641297,0.37500012329031535,0.12303664921465969,0.10068960888463181,0.7740099917679777,0.0,55.43790680628273,0.12304017874340305,0.10044273696412248,0.7814508800006071,0.0
valylleucine,Peptide,Dipeptide,-0.13958881287880348,-0.12919475771652436,-0.13524396449967602,-0.12887580521840356,-0.12338670296588009,-0.14957429152220117,-0.14781733083900195,-0.11557945997759761,0.37500012329031535,0.28664921465968585,14.37765129657764,0.1532601259290846,0.0,62.69072565445029,0.28665202819831276,17.782726056976284,0.11658242863912827,0.0
valyllysine,Peptide,Dipeptide,-0.11432935448552543,-0.12487312025713528,-0.12319337880506283,-0.1212766091523085,-0.12301428088377668,-0.12007390722769092,-0.11138700307959958,-0.12965371748117918,0.37500012329031535,0.041884816753926704,0.053411747863739076,0.4784829374345354,0.0,79.4973633507853,0.04188784878719006,0.05439081227737005,0.49301472946349695,0.0
valylmethionine,Peptide,Dipeptide,-0.03940059227454801,-0.056416242723543786,-0.04203364317426754,-0.05689444778749642,-0.04193484579665867,-0.044561580829056126,-0.04865215646594203,-0.04183131022705921,0.37500012329031535,0.12303664921465969,0.10466537313090232,0.7359023945415695,0.0,63.320487958115194,0.12304017874340305,0.1084590517452767,0.7314086621323518,0.0
valylphenylalanine,Peptide,Dipeptide,-0.09847441983563411,-0.124999946024668,-0.10456612147097097,-0.12185474037479443,-0.10119851516620275,-0.0999901580238539,-0.103305045723614,-0.09979212571649085,0.37500012329031535,0.14659685863874344,0.12219911130759531,0.770433917598437,0.0,56.64745340314132,0.1466004083362225,0.12178767165226285,0.780653131428673,0.0
valylserine,Peptide,Dipeptide,-0.0993985501862029,-0.10797036154172676,-0.11911037324647784,-0.11177371565821731,-0.09736101189033697,-0.1015468539362145,-0.1059464213372567,-0.10318024420735555,0.37500012329031535,0.14659685863874344,0.25800666781676224,0.7479987927530234,0.0,65.38663141361252,0.1466004083362225,0.25816770470734113,0.7602669560902265,0.0
valylthreonine,Peptide,Dipeptide,0.028130432980826438,0.017720825734963835,0.015973998598736324,0.015135177035523334,0.025500658573015682,0.015070046930108664,0.017944157207712537,0.028185478294707963,0.37500012329031535,0.08115183246073299,0.12338401146149788,0.8379449027838833,0.0,61.63733717277489,0.081152329956213,0.1229791559224765,0.8398218701494632,0.0
valyltryptophan,Peptide,Dipeptide,-0.11680987270905457,-0.13314387731769536,-0.1379857750428017,-0.12709716254501516,-0.13303466397166971,-0.11540225157244356,-0.11332828255919569,-0.1474544491682938,0.37500012329031535,0.041884816753926704,0.11001549622145881,0.4796624704626002,0.0,74.0133455497382,0.04188784878719006,0.11162563210324145,0.4937872342417247,0.0
valyltyrosine,Peptide,Dipeptide,-0.05320651798795137,-0.06440566056597086,-0.03761458663806104,-0.0655248458125682,-0.052198377108783785,-0.04052193315280333,-0.04641141035666037,-0.05003206358147674,0.37500012329031535,0.12303664921465969,0.0996842894136154,0.7788687830084362,0.0,56.778657591623045,0.12304017874340305,0.09915696196802289,0.7844334380236297,0.0
valylvaline,Peptide,Dipeptide,-0.10101789786472257,-0.11179198148765057,-0.09127015194083932,-0.11053125351874223,-0.11634108063538803,-0.11068246478597789,-0.11249738363730223,-0.10914312989846361,0.37500012329031535,0.14659685863874344,0.12780842439493695,0.7749038510571084,0.0,66.00338324607333,0.1466004083362225,0.12782967237706935,0.7900782213205978,0.0
vanillactate,Amino Acid,Tyrosine Metabolism,-0.023247400678575666,-0.022918150717902597,-0.0047956132765502825,-0.0179595076506074,-0.011170664875051781,-0.03311917157703011,-0.03077866010126075,-0.007825429955756009,0.37500012329031535,0.06806282722513088,0.07386115012810375,0.5853075380307294,0.0,68.67612251308901,0.06806117338880542,0.07446152312020844,0.5786484093119347,0.0
vanillin,,,-0.06873521198796827,-0.06423468214322872,-0.060571045723929344,-0.0641706432264854,-0.05464509305762391,-0.08108857219808231,-0.07041290786356807,-0.0823492559479927,0.37500012329031535,0.058900523560209424,9.258531260533381,0.06610908750094449,0.0,80.54615602094242,0.058898005829705814,65.65435194740652,0.05279406466693944,0.0
vanillylmandelate (VMA),Amino acid,Phenylalanine and Tyrosine Metabolism,-0.08938348113097029,-0.08566309897519932,-0.07049647242552193,-0.08701522433403207,-0.0937348228675351,-0.1020691262649187,-0.10211642002347289,-0.08854617702580415,0.37500012329031535,0.1099476439790576,0.16129933729123183,0.6184631943071697,1.0,0.0,0.10994902217599549,0.16323267630488372,0.6150141979966368,1.0
vecuronium,Xenobiotics,Drug,0.13832783896083334,0.16298836409123052,0.1454897263593464,0.16229169331834586,0.15722908839430477,0.16770842551298573,0.1607647460094958,0.14613179097549403,0.37500012329031535,0.24607329842931938,1.4789000716017067,0.3375027145631824,0.0,60.965693193717286,0.2460623804204065,1.5047612889479638,0.3532495035448588,0.0
xanthine,Nucleotide,"Purine Metabolism, (Hypo)Xanthine/Inosine containing",-0.03495347676561553,-0.0236300681912327,0.019841263956192786,-0.023627201184525097,-0.007373118187829844,-0.03874495161600224,-0.05454604598613732,-0.034060389488584426,0.37500012329031535,0.7198952879581152,11.936697586714322,0.11422533137997912,1.0,0.0,0.7198877717426199,12.244665600401007,0.09763899057205701,1.0
xanthosine,Nucleotide,"Purine Metabolism, (Hypo)Xanthine/Inosine containing",-0.0035197381759446695,0.08978041608709249,0.06625291994313563,0.08919062844693605,0.05443494297722606,-0.005322267875373866,-0.02301773239866048,0.07337333280616172,0.37500012329031535,0.6714659685863875,19.52770380011559,0.12142270477530348,1.0,0.0,0.6714588389383259,241.29945880983266,0.10495222741122147,1.0
xanthosine 5'-monophosphate (xmp),Nucleotide,"Purine Metabolism, (Hypo)Xanthine/Inosine containing",0.026495554419398895,0.03400936059529625,0.022390375378217968,0.03153657422267604,0.03708114518022334,0.021774832472883292,0.018788059519578418,0.010190448175155355,0.37500012329031535,0.08115183246073299,0.09970030549327161,0.8444596539445987,1.0,0.0,0.081152329956213,0.10024145393929969,0.8455029792320206,1.0
ximenoylcarnitine (C26:1),,,-0.06919328759284378,-0.07737808111403856,-0.034581910275628645,-0.07547528051736414,-0.061239542547591765,-0.10084086525155017,-0.08112299094776718,-0.046076592105474046,0.37500012329031535,0.23167539267015708,0.08948817419518523,0.8233617980293888,0.0,44.76292460732985,0.23167302284371508,0.0892363847223232,0.8129993658273325,0.0
xylitol,Carbohydrate,Pentose Metabolism,0.08479219878747955,0.09142103156122522,0.0888808930864595,0.09377968309796104,0.09074445615335695,0.06043126488907462,0.05740330730855299,0.07347800958716935,0.37500012329031535,0.4044502617801047,4.453723407394916,0.1180385059914897,1.0,0.0,0.4044480398577243,4.468162661490172,0.12071249206167868,1.0
xylonate,Carbohydrate,Pentose Metabolism,0.08886621845943916,0.10080212001878903,0.09940454447628978,0.09850392374746568,0.10324728137948311,0.10668350708478198,0.11188609240847261,0.08552841665918147,0.37500012329031535,0.3010471204188482,7.959465463741045,0.10596131416157395,1.0,0.0,0.30104138577500417,5.817426743760035,0.11170504016046602,1.0
xylose,Carbohydrate,"Nucleotide sugars, pentose metabolism",-0.04540872104674503,-0.05512537698715414,-0.048854683617866795,-0.04592951827024151,-0.0419907929097783,-0.04568371520244879,-0.043015275214139205,-0.045738714923543596,0.37500012329031535,0.12303664921465969,0.11671129498998269,0.7884123887648202,1.0,0.0,0.12304017874340305,0.1181196746393977,0.7938973735462295,1.0
xylulose,Carbohydrate,"Nucleotide sugars, pentose metabolism",0.09590900834659112,0.11524141521324148,0.0976001372557757,0.11523975754494672,0.12178897047813986,0.10193260961128837,0.10342799033095128,0.11306233342100026,0.37500012329031535,0.3455497382198953,1.2637897257804487,0.3970995129844237,1.0,0.0,0.3455500340280186,1.2786299741863976,0.3894191775682425,1.0
xylulose 5-phosphate,Carbohydrate,Pentose Phosphate Pathway,-0.019786730304850293,-0.024939625579323978,0.004526554319578783,-0.023282341588388714,-0.01622603305602613,-0.001908725384379655,-0.003891023732115092,0.007928335803002135,0.37500012329031535,0.12696335078534032,0.11237862908213783,0.6303087995247656,1.0,0.0,0.12695917921851127,0.1120031818269482,0.6168713961654543,1.0
